index,seed,prompt,language,pair_id,source_dataset,source_id,prompt_sha256
0,52000,"integrated_multimodal_description: Visual style: Naturalistic wildlife footage realism: bright natural tropical daylight, softly rippled turquoise water, visible wet sand and spray, muted earthy tones on the dingo and an aged boat hull. Setting: A remote Australian island beach in warm daylight: pale sand slopes gently into turquoise shallows, and a small weathered fishing boat sits at anchor roughly ten metres offshore. Duration: 8 seconds. [Shot 1, 00:00.000–00:02.900] Wide, low waterline view showing the dingo, wet sand, turquoise water, and the small fishing boat ahead. Steady push-in following the dingo as it leaves the waterline and begins to swim. Visible subjects: A lean wild dingo with sandy-tawny fur, a white chest, dark-tipped ears, and a long bushy tail; its coat becomes wet and darker as it swims. A soft, scrub-lined Australian island beach with a wet sand margin and low tidelines. Clear turquoise nearshore water, shallow enough to show the sandy bottom near the beach and deeper around the anchored boat. A small near-shore fishing boat with a weathered teal-green hull, a single small outboard motor, anchor line, and open cockpit. Throughout the shot: A wild dingo crosses the wet sand, enters the water, and begins a paddling swim out toward the small fishing boat anchored in the shallows ahead. [Shot 2, 00:02.900–00:05.400] Medium side view of the dingo's head and shoulders above the water, with its wake visible and the boat in the background. Handheld lateral tracking that keeps pace with the swimming dingo. Throughout the shot: The dingo swims with rhythmic foreleg strokes, its head and back just above the surface, droplets trailing from its muzzle, while the boat bobs closer. [Shot 3, 00:05.400–00:08.000] Close, water-level framing on the dingo at the boat hull, with the background beach softly blurred. Low, gently bobbing angle held beside the boat as the dingo reaches it. Throughout the shot: The dingo reaches the small fishing boat, treads water beside the hull, and raises its wet forepaws to press against the boat's side, making the hull sway slightly.
overall_soundscape: [00:00.000–00:08.000] Clear island seascape ambience: low wavelets rolling onto sand, soft water slap around the hull, and distant surf. Its source is the corresponding previously introduced subject, placed on screen. It is synchronized with the corresponding visible action. [00:00.250–00:05.600] Rhythmic wet splashes and quiet paddling strokes as the dingo swims, with a heavier entry splash near the start. Its source is the corresponding previously introduced subject, placed on screen. It is synchronized with the corresponding visible action. [00:05.500–00:07.900] Soft creak and low thump as the dingo presses its wet forepaws against the weathered hull, followed by water lapping at the anchor line. Its source is the corresponding previously introduced subject, placed on screen. It is synchronized with the corresponding visible action.
spoken_dialogue: None.
non_diegetic_music: None.
hard_constraints: Preserve every subject, action, attribute, count, relationship, setting, camera instruction, and style constraint explicitly stated in the source prompt.",en,vp-001,vidprom_50k,vidprom_50k-eeb41a030c9d2d06,62d0c224873e4e611bd94586272c476dc06e41ab5f61bdfdce02a92600ec3369
1,52000,"integrated_multimodal_description: 视觉风格：自然主义野生动物影像写实感：明亮的自然热带日光，微起波纹的蓝绿色水面，可见的湿沙和水花，以及澳洲野狗与陈旧船体上柔和的土色调。场景：一座偏远的澳大利亚岛屿海滩，在温暖的日光下：浅色沙坡缓缓没入蓝绿色的浅水区，一艘小型饱经风霜的渔船抛锚停泊在离岸约十米处。时长：8 seconds。[Shot 1, 00:00.000–00:02.900] 宽阔的低水线视角，展示澳洲野狗、湿沙、蓝绿色水面以及前方的小渔船。稳定的推近镜头跟随澳洲野狗离开水线并开始游泳。可见主体：一只精瘦的野生澳洲野狗，沙褐色皮毛，白色胸口，深色耳尖，长而蓬松的尾巴；它在游泳时皮毛变湿、颜色变深。一条柔软的、边缘长有灌木的澳大利亚岛屿海滩，带有湿沙边缘和低低的潮痕。清澈的蓝绿色近岸水域，靠近海滩处浅得足以看见沙底，锚泊船周围则更深。一艘小型近岸渔船，有风化的蓝绿色船体、一台小型舷外发动机、锚绳和开放式座舱。整个镜头中：一只野生澳洲野狗穿过湿沙，进入水中，开始以划水的姿势游向停泊在前方浅水区的小渔船。[Shot 2, 00:02.900–00:05.400] 中景侧面视角，显示澳洲野狗露出水面的头部和肩膀，尾迹清晰可见，渔船在背景中。手持横向跟拍，与正在游泳的澳洲野狗保持同步。整个镜头中：澳洲野狗有节奏地划动前腿游泳，头部和背部刚露出水面，水珠从口鼻处滴落，同时小船起伏着靠近。[Shot 3, 00:05.400–00:08.000] 特写、与水面齐平的取景框住船体旁的澳洲野狗，背景中的海滩柔和虚化。在船边保持低角度、轻轻起伏，这时澳洲野狗到达船旁。整个镜头中：澳洲野狗到达小渔船，在船体旁踩水，抬起湿漉漉的前爪按在船侧，使船体微微摇晃。
overall_soundscape: [00:00.000–00:08.000] 清晰的岛屿海景环境声：低矮的细浪卷上沙滩，船体周围轻柔的水拍声，以及远处的拍岸浪声。其声源是先前引入的相应主体，置于画面中。它与相应的可见动作同步。[00:00.250–00:05.600] 澳洲野狗游泳时有节奏的湿溅水声和轻柔的划水声，开始处附近有一声较重的入水飞溅声。其声源是先前引入的相应主体，置于画面中。它与相应的可见动作同步。[00:05.500–00:07.900] 澳洲野狗用湿前爪按压风化的船体时，发出轻柔的嘎吱声和低沉的闷响，随后水拍打锚绳。其声源是先前引入的相应主体，置于画面中。它与相应的可见动作同步。
spoken_dialogue: 无。
non_diegetic_music: 无。
hard_constraints: 保留源提示中明确陈述的每一个主体、动作、属性、数量、关系、场景、镜头指示和风格约束。",zh,vp-001,vidprom_50k,vidprom_50k-eeb41a030c9d2d06,816abcc63f401efa8dff09afeed56adb35a9de8149091efc7db063f1b8d4fb3a
2,52001,"integrated_multimodal_description: Visual style: Gritty cinematic urban night chase, realistic polished CGI, dynamic camera movement, and long red-and-blue light casts on wet pavement. Setting: Wet four-lane city avenue at night with storefront lights, tall street lamps, scattered reflections, and a green traffic signal a block ahead. Duration: 8 seconds. [Shot 1, 00:00.000–00:03.500] Wide rear view of both cruisers, lead car in the left lane and trailing car in the right lane, with light bars strobing red and blue. Behind-tracking rig slightly above the pavement, holding a fixed distance while the cruisers accelerate down the street. Visible subjects: Lead marked police cruiser with an active red-and-blue light bar; it runs fast in the left lane of the avenue. Trailing marked police cruiser with an active red-and-blue light bar; it runs fast in the right lane about half a car length behind the lead cruiser. Throughout the shot: The two police cruisers run fast down the wet avenue in adjacent lanes; red-and-blue light bars pulse, streetlight reflections streak over the paint, and droplets and spray rise from the tires as the cars gain speed. [Shot 2, 00:03.500–00:08.000] Low roadside close-medium shot that widens as the cruisers pass, then recedes to show both cars shrinking toward the green traffic signal. Locked at the curb, then panning fluidly with the cruisers as they overtake the lens and continue down the block. Throughout the shot: The lead cruiser hurtles past the roadside camera, followed a beat later by the trailing cruiser; both continue accelerating toward the green traffic signal, and their flashing red-and-blue reflections shrink into the night.
overall_soundscape: [00:00.000–00:08.000] Low night-city hum: distant traffic, breeze around storefronts, and faint electrical buzz from street lamps. Its source is the surrounding environment, placed off screen. [00:00.000–00:08.000] Deep aggressive engine roar from the lead cruiser, rising steadily with acceleration. Its source is the corresponding previously introduced subject, placed on screen. It is synchronized with the corresponding visible action. [00:00.000–00:08.000] Piercing electronic wail from the lead cruiser's siren, rising in pitch as it approaches and fading after the pass-by. Its source is the corresponding previously introduced subject, placed on screen. It is synchronized with the corresponding visible action. [00:00.200–00:08.000] Second engine roar from the trailing cruiser, a half-beat behind the lead engine and fading slightly as it recedes. Its source is the corresponding previously introduced subject, placed on screen. It is synchronized with the corresponding visible action. [00:00.200–00:08.000] Second electronic siren wail from the trailing cruiser, interleaved with the lead siren and registering a Doppler shift as it goes past. Its source is the corresponding previously introduced subject, placed on screen. It is synchronized with the corresponding visible action.
spoken_dialogue: None.
non_diegetic_music: None.
hard_constraints: Preserve every subject, action, attribute, count, relationship, setting, camera instruction, and style constraint explicitly stated in the source prompt.",en,vp-002,vidprom_50k,vidprom_50k-2933700492d2c6a7,d0c69e296d196b87a8941b6016b48dc0d10d2fb6246d0c546392a52012e63cb3
3,52001,"integrated_multimodal_description:视觉风格：粗粝的电影感都市夜间追逐，写实精致的CGI，动态镜头运动，以及湿地上拖长的红蓝光投射。场景：夜间潮湿的四车道城市大道，沿街店面灯光、高耸路灯、零散反射，前方一个街区处有绿色交通信号灯。时长：8 seconds。[Shot 1, 00:00.000–00:03.500]两辆巡逻车的宽阔后方视角：前车在左侧车道，后车在右侧车道，灯条闪烁红蓝光。位于路面稍上方的后部跟拍装置保持固定距离，而巡逻车沿街道加速行驶。可见主体：前导带警用标识的巡逻车，亮着红蓝灯条；它在大道左侧车道快速行驶。后随带警用标识的巡逻车，亮着红蓝灯条；它在右侧车道快速行驶，比前导巡逻车落后约半个车身。贯穿整个镜头：两辆警用巡逻车在相邻车道上快速驶过潮湿大道；红蓝灯条脉动，街灯反射在漆面上拖曳出条纹，水滴和水雾随着车速加快从轮胎上扬起。[Shot 2, 00:03.500–00:08.000]路边低位中近景镜头，在巡逻车经过时拉宽，然后后退以显示两车逐渐缩小地驶向绿色交通信号灯。锁定在路缘，随后流畅地摇摄跟随巡逻车，它们从镜头旁超过并继续沿街道行驶。贯穿整个镜头：前导巡逻车从路边摄像机旁飞驰而过，片刻之后后随巡逻车跟上；两车继续加速驶向绿色交通信号灯，它们闪烁的红蓝反射缩小并融入夜色。
overall_soundscape:[00:00.000–00:08.000]低沉的夜间城市嗡嗡声：远处交通声、店铺周围的微风，以及街灯的微弱电流嗡嗡声。其声源是周围环境，位于画面外。[00:00.000–00:08.000]前导巡逻车发出的低沉猛烈的引擎轰鸣声，随着加速持续升高。其声源是先前已引入的对应主体，位于画面中。它与对应的可见动作同步。[00:00.000–00:08.000]前导巡逻车警笛发出的刺耳电子啸声，随着接近而音调升高，经过后逐渐消失。其声源是先前已引入的对应主体，位于画面中。它与对应的可见动作同步。[00:00.200–00:08.000]后随巡逻车的第二道引擎轰鸣声，比前导引擎晚半拍，并在退远时略微减弱。其声源是先前已引入的对应主体，位于画面中。它与对应的可见动作同步。[00:00.200–00:08.000]后随巡逻车的第二道电子警笛啸声，与前导警笛交织，并在经过时呈现出多普勒频移。其声源是先前已引入的对应主体，位于画面中。它与对应的可见动作同步。
spoken_dialogue:无。
non_diegetic_music:无。
hard_constraints:保留源提示中明确陈述的每个主体、动作、属性、数量、关系、场景、镜头指令和风格约束。",zh,vp-002,vidprom_50k,vidprom_50k-2933700492d2c6a7,3097cfd22df46b7b5f6376ed338a8103a90068f76dc6762e492ccbb34a5f890c
4,52002,"integrated_multimodal_description: Visual style: Bright, candid, joyful realism with saturated confetti colors, warm natural window light, shallow depth of field, and gentle handheld energy. Setting: A small college dorm room with a loft bed, a desk holding a laptop and textbooks, a corkboard with snapshots, warm string lights along the wall, a sunlit window, and an open floor area with a round braided rug. Duration: 8 seconds. [Shot 1, 00:00.000–00:08.000] Medium shot centered on the student, with the dorm-room background and falling confetti visible around him. Steady handheld camera at chest height; it tilts upward to follow the jump and confetti release, then drifts downward with the landing and reframes slightly for the second hop. Visible subjects: A young college-student boy around 19 years old, wearing a bright yellow t-shirt, blue athletic shorts, and socks; his expression is joyful and energetic. Dozens of lightweight paper confetti pieces in magenta, cyan, yellow, and green, roughly two to three centimeters across, fluttering easily in the air. From 00:00.000 to 00:01.000: The student stands on the round braided rug with knees softly bent, a pinch of confetti raised near his shoulder, smiling and glancing upward. From 00:01.000 to 00:02.800: He drops into a quick crouch and springs upward off the rug, both arms sweeping overhead and feet leaving the floor as the camera tilts up to keep him centered. From 00:02.100 to 00:02.700: At the high point of the jump, he opens his right hand above his head and the confetti bursts outward in a bright fan of magenta, cyan, yellow, and green pieces. From 00:02.400 to 00:05.600: The confetti pieces swirl, tumble, and catch the window light as they float downward around his head, shoulders, and torso. From 00:02.800 to 00:04.200: He lands softly on the rug with bent knees and arms spread wide, laughing as confetti pieces brush past his face and settle on his hair and sleeves. From 00:04.200 to 00:05.600: He turns a little and does one smaller celebratory hop with both arms open, stirring nearby confetti into soft curls around his waist. From 00:05.600 to 00:08.000: He stands still with his head tilted back and arms gently open, beaming as the remaining confetti drifts onto the rug, his shoulders, and his outstretched hands.
overall_soundscape: [00:00.000–00:08.000] Close, quiet dorm-room room tone with a faint heating vent hum and a low wooden-room resonance. Its source is The visible dorm-room interior with its furniture, window, and braided rug; the source of the quiet indoor room tone., placed on screen. [00:01.000–00:05.600] Soft socked-foot scuff on the rug, fabric whoosh as he launches, and two cushioned landing thumps for the first jump and the smaller hop. Its source is the corresponding previously introduced subject, placed on screen. It is synchronized with the corresponding visible action. [00:02.100–00:08.000] Dry papery crackle and hiss from the released confetti, followed by light fluttering and brushing sounds as pieces contact the student, his clothing, and the rug. Its source is the corresponding previously introduced subject, placed on screen. It is synchronized with the corresponding visible action.
spoken_dialogue: None.
non_diegetic_music: None.
hard_constraints: Preserve every subject, action, attribute, count, relationship, setting, camera instruction, and style constraint explicitly stated in the source prompt.",en,vp-003,vidprom_50k,vidprom_50k-cb014d0cf8bb994d,e93e88a28e663ff93e607b66cbeb8f12bce1e7f8a993dc47a80784e416a12fe4
5,52002,"integrated_multimodal_description: 视觉风格：明亮、自然、欢乐的写实风格，搭配饱和的彩纸屑色彩，温暖的自然窗光，浅景深，轻柔的手持动感。场景：一间小型大学宿舍房间，配有高架床、一张放着笔记本电脑和教科书的书桌、一面贴有快照的软木板、沿墙的暖色串灯、一扇阳光射入的窗户，以及一处铺着圆形编织地毯的开阔地面区。时长：8 seconds。[Shot 1, 00:00.000–00:08.000] 中景镜头以学生为中心，宿舍背景和飘落的彩纸屑在他周围可见。手持摄像机平稳地置于胸部高度；它上仰跟随跳跃和彩纸屑释放，然后随落地向下漂移，并为第二次弹跳稍微重新构图。可见主体：一个约 19 岁的年轻大学男生，身穿亮黄色T恤、蓝色运动短裤和袜子；他的表情欢快而充满活力。几十片轻质纸彩纸屑，有洋红色、青色、黄色和绿色，约两三厘米宽，在空中轻盈飘动。从 00:00.000 到 00:01.000：该学生站在圆形编织地毯上，双膝微弯，一小撮彩纸屑举在肩旁，微笑着向上瞥视。从 00:01.000 到 00:02.800：他迅速下蹲，从地毯上向上弹起，双臂挥过头顶，双脚离地，同时摄像头上仰以保持他居中。从 00:02.100 到 00:02.700：在跳跃最高点，他在头顶张开右手，彩纸屑向外迸溅成一片明亮的扇形，包含洋红色、青色、黄色和绿色纸片。从 00:02.400 到 00:05.600：彩纸屑旋转、翻滚，绕着他的头、肩和躯干向下飘落，同时捕捉窗光。从 00:02.800 到 00:04.200：他双膝弯曲、双臂张开，轻轻落在地毯上，笑出声来，彩纸屑擦过他的脸，落在他的头发和衣袖上。从 00:04.200 到 00:05.600：他微微转身，双臂张开做了个较小的庆祝性跳跃，搅动起附近的彩纸屑在腰际绕成轻柔的卷曲。从 00:05.600 到 00:08.000：他静静地站着，头向后仰，双臂轻轻张开，笑容满面，剩余的彩纸屑飘落在地毯、他的肩膀和他伸出的双手上。
overall_soundscape: [00:00.000–00:08.000] 近距、安静的宿舍房间环境声，带有微弱的暖气出风口嗡鸣声和低沉的木质房间共鸣。其声源是可见的宿舍室内环境，连同其家具、窗户和编织地毯，即这一安静室内环境声的来源，位于画面中。[00:01.000–00:05.600] 穿着袜子的脚在地毯上轻轻摩擦的声音，他起跳时衣料发出的嗖声，以及第一次跳跃和较小小跳的两声缓冲落地闷响。其声源是先前引入的相应主体，位于画面中。它与相应的可见动作同步。[00:02.100–00:08.000] 释放出的彩纸屑发出干燥如纸的噼啪声和嘶嘶声，接着是纸片接触学生、他的衣服和地毯时的轻微飘动和摩擦声。其声源是先前引入的相应主体，位于画面中。它与相应的可见动作同步。
spoken_dialogue: 无。
non_diegetic_music: 无。
hard_constraints: 保留源提示中明确陈述的每个主体、动作、属性、数量、关系、场景、镜头指令和风格约束。",zh,vp-003,vidprom_50k,vidprom_50k-cb014d0cf8bb994d,368920ef37e29f42ee39833197d0ab54e2d3824e7dfd6b16228116f17db18248
6,52003,"integrated_multimodal_description: Visual style: Bright stylized low-poly 3D animation in an isometric video-game diorama; clean key lighting, saturated turf and pale stone, near-orthographic depth, and subtle aerial haze. Setting: A high shelf of low-poly checkerboard grassland broken by faceted crystal spires and a winding pale road; the shelf ends at a hazy valley with distant wind turbines beneath a pale-blue gradient sky. Duration: 8 seconds. [Shot 1, 00:00.000–00:03.200] Extreme wide high-angle isometric composition showing the robot small against the landscape. Static locked high-angle camera aligned to the isometric grid; no movement. Visible subjects: A complex articulated scout robot with polished gunmetal plating, a teardrop main body, four segmented limbs folded beneath it, twin under-slung turbine pods, and a glowing cyan sensor strip across its head. The isometric low-poly landscape below the robot: checkerboard grass blocks, faceted crystal spires, a pale winding road, a plateau rim, and a hazy valley with distant wind turbines. Throughout the shot: The robot flies diagonally across the isometric view with its limbs folded; sunlight glints on its panels, the cyan sensor strip glows, and a crisp moving shadow tracks over the grass blocks below. [Shot 2, 00:03.200–00:05.600] Closer high-angle isometric view centered on a cluster of crystal spires and the passing robot. Static closer high-angle camera preserving the same diagonal isometric orientation; no movement. Throughout the shot: The robot reaches the crystal spires, banks slightly, and fires two short vernier counter-pulses; the nearest faceted crystal flashes brightly as the robot passes close beside it. [Shot 3, 00:05.600–00:08.000] Wide isometric shot with the robot shrinking near the plateau rim and distant turbines. Static wide high-angle camera, same isometric orientation as the opening shot; held until the end. Throughout the shot: The robot clears the plateau rim, levels out, and recedes toward the distant wind turbines; slender white exhaust trails thin and dissipate behind it while dust drifts off the pale road below.
overall_soundscape: [00:00.000–00:08.000] Low continuous open-air wind with a faint high-altitude tone, fitting the exposed isometric landscape. Its source is the corresponding previously introduced subject, placed on screen. It is synchronized with the corresponding visible action. [00:00.000–00:08.000] Layered metallic turbine whine with rhythmic low servo ticks, matching the robot's flight and small articulation adjustments. Its source is the corresponding previously introduced subject, placed on screen. It is synchronized with the corresponding visible action. [00:03.300–00:03.800] A short, high, glassy shimmering resonance as the robot's wake crosses the nearest crystal spire. Its source is the corresponding previously introduced subject, placed on screen. It is synchronized with the corresponding visible action. [00:04.100–00:04.500] Two brief compressed hisses and pops from the robot's vernier thrusters as it corrects its bank. Its source is the corresponding previously introduced subject, placed on screen. It is synchronized with the corresponding visible action.
spoken_dialogue: None.
non_diegetic_music: None.
hard_constraints: Preserve every subject, action, attribute, count, relationship, setting, camera instruction, and style constraint explicitly stated in the source prompt.",en,vp-004,vidprom_50k,vidprom_50k-8232631a836e60b8,67e6de9f41ea31bdf61e2818132ceadbf91a4bcb6caa985a87e43f7e8fc82928
7,52003,"integrated_multimodal_description: 视觉风格：明亮、风格化的低多边形3D动画，位于等距视角的电子游戏立体场景中；干净的主光、饱和的草皮与浅色石材、接近正射投影的纵深，以及微妙的高空薄雾。场景：一块由低多边形棋盘格草地构成的高台，被多面晶体尖塔和一条蜿蜒的浅色道路打破；高台尽头是朦胧的山谷，远处有风力涡轮机，位于淡蓝色渐变天空之下。时长：8 seconds。[Shot 1, 00:00.000–00:03.200] 极广的高角度等距构图，显示机器人相对景观很小。静态锁定的高角度摄影机与等距网格对齐；没有移动。可见主体：一个结构复杂的关节式侦察机器人，带有抛光炮铜色装甲板、泪滴形主体、收拢于其下的四条分段肢体、两个下挂式涡轮吊舱，以及一条横贯头部的发光青色传感器条。机器人下方的等距低多边形景观：棋盘格草块、多面晶体尖塔、一条浅色蜿蜒道路、高原边缘，以及远处有风力涡轮机的朦胧山谷。整个镜头中：机器人收拢肢体，沿等距视图的对角线飞行；阳光在其面板上闪烁，青色传感器条发光，一个轮廓清晰的移动阴影在下方草块上掠过。[Shot 2, 00:03.200–00:05.600] 较近的高角度等距视图，以一簇晶体尖塔和经过的机器人为中心。静态较近的高角度摄影机保持相同的对角线等距方向；没有移动。整个镜头中：机器人抵达晶体尖塔，略微侧倾，发出两下短暂的微调反向脉冲；最近的多面晶体在机器人紧贴其旁经过时明亮闪光。[Shot 3, 00:05.600–00:08.000] 广角等距镜头，机器人在高原边缘和远处涡轮机附近渐渐变小。静态广角高角度摄影机，采用与开场镜头相同的等距方向；保持到结尾。整个镜头中：机器人越过高原边缘，改平，朝远处的风力涡轮机退去；它身后细长的白色尾迹变细消散，同时下方浅色道路上的尘土飘散。
overall_soundscape: [00:00.000–00:08.000] 低沉持续的露天风声，带有微弱的高空音调，与开阔的等距景观相符。其声源是先前引入的相应主体，并被置于屏幕上。它与相应可见动作同步。 [00:00.000–00:08.000] 层叠的金属涡轮尖啸，带有节奏性的低沉伺服滴答声，与机器人的飞行和细微关节调整匹配。其声源是先前引入的相应主体，并被置于屏幕上。它与相应可见动作同步。 [00:03.300–00:03.800] 一声短促、高亢、玻璃般闪烁的共鸣，在机器人的尾流越过最近的晶体尖塔时响起。其声源是先前引入的相应主体，并被置于屏幕上。它与相应可见动作同步。 [00:04.100–00:04.500] 两声短暂压缩的嘶嘶声和噗噗声，来自机器人的微调推进器，在它修正自身侧倾时发出。其声源是先前引入的相应主体，并被置于屏幕上。它与相应可见动作同步。
spoken_dialogue: 无。
non_diegetic_music: 无。
hard_constraints: 保留源提示中明确陈述的每个主体、动作、属性、数量、关系、场景、摄影机指令和风格约束。",zh,vp-004,vidprom_50k,vidprom_50k-8232631a836e60b8,8091a6735508c47a3c7386c42f70fe5735f44c2402d114b6e853f59b230df1a9
8,52004,"integrated_multimodal_description: Visual style: Bright, whimsical 3D family-animation style with saturated blue sky, puffy cumulus clouds, soft rim lighting, and gentle motion smoothing. Setting: Open daytime sky with scattered cumulus clouds and distant wispy cloud streaks; no ground or horizon is visible. Duration: 8 seconds. [Shot 1, 00:00.000–00:08.000] Wide airborne framing, keeping the whole pig visible against the sky throughout the flight. Dynamic tracking shot: the camera glides alongside and slightly ahead of the pig, arcing gently with her path so she stays centered without cuts. Visible subjects: A female pig wearing a school uniform: cream sailor-collar blouse, red neckerchief, navy pleated skirt, and small black school shoes. She has bright pink skin, a round snout, upright triangular ears, a small curly tail, and a cheerful expression. From 00:00.000 to 00:02.800: A female pig wearing a school uniform flies through the bright blue sky, moving from the lower-center area toward the upper left; she stretches her front trotters forward, tucks her hind legs, and her navy pleated skirt and red neckerchief stream behind in the wind. From 00:02.800 to 00:05.400: The pig banks left into a smooth aerial roll, pulling her trotters inward and tipping her snout downward; her skirt flares outward, her tail curls into a tighter spiral, and sunlight flashes over her collar and ears as she completes the turn. From 00:05.400 to 00:08.000: Leveling off, the pig soars in a gentle S-curve toward a fluffy cumulus cloud, leaning forward with one trotter leading; she smiles contentedly as the cloud’s shadow passes over her and she glides onward through the open sky.
overall_soundscape: [00:00.000–00:08.000] Continuous high-altitude wind whooshes around the scene, swelling slightly when the pig accelerates and softens when she glides. Its source is the surrounding environment, placed off screen. It is synchronized with the corresponding visible action. [00:00.000–00:08.000] Rustling cloth from the pleated skirt and sailor blouse, with a sharper flap as the skirt fills out during the roll. Its source is the corresponding previously introduced subject, placed on screen. It is synchronized with the corresponding visible action. [00:04.400–00:05.200] A bright, cheerful high-pitched pig squeal with two playful little oinks as she completes the aerial roll. Its source is the corresponding previously introduced subject, placed on screen. It is synchronized with the corresponding visible action.
spoken_dialogue: None.
non_diegetic_music: [00:00.000–00:08.000] Light, playful orchestral underscore with plucked strings and a soft brass melody matching the joyful flight. This music is non-diegetic.
hard_constraints: Preserve every subject, action, attribute, count, relationship, setting, camera instruction, and style constraint explicitly stated in the source prompt.",en,vp-005,vidprom_50k,vidprom_50k-24731deb68ab3811,f7d5128c20493be952256c869dc6ec17e39a152b2a04ef91b78a0984cf73c9d5
9,52004,"integrated_multimodal_description: 视觉风格：明亮、俏皮的 3D 家庭动画风格，具有高饱和度的蓝天、蓬松的积云、柔和的轮廓光以及轻柔的运动平滑。场景：开阔的白昼天空，散布着积云和远处飘渺的云缕；看不到地面，也看不到地平线。时长：8 seconds。[Shot 1, 00:00.000–00:08.000] 宽幅空中取景，在整个飞行过程中让整头猪始终在天空背景下可见。动态跟拍镜头：镜头从猪的身旁并稍微靠前地滑行，沿着她的路径平缓地画弧，使她保持在画面中央，没有切换。可见主体：一头穿校服的雌猪：奶油色水手领衬衫、红色领巾、藏青色百褶裙、小巧的黑色学生鞋。她有亮粉色的皮肤、圆圆的鼻子、直立的三角形耳朵、一条小卷尾和一副欢快的表情。从 00:00.000 到 00:02.800：一头穿校服的雌猪在明亮的蓝天中飞行，从画面中下部区域向左上方移动；她将前蹄向前伸展，后腿收拢，藏青色百褶裙和红色领巾在风中向后飘动。从 00:02.800 到 00:05.400：这只猪向左倾斜，进入一次流畅的空中翻滚，把前蹄向内收起，鼻子向下倾斜；她的裙子向外展开，尾巴卷成更紧的螺旋；她完成转弯时，阳光在她领口和耳朵上闪过。从 00:05.400 到 00:08.000：猪恢复平飞，沿一条平缓的S形曲线朝一朵蓬松的积云翱翔，身体前倾，一只前蹄在前；她满足地微笑着，云影从她身上掠过，她继续在开阔的天空中滑行。
overall_soundscape: [00:00.000–00:08.000] 持续的高空风声在场景周围呼啸，当猪加速时略微增强，当她滑翔时变柔和。其声源是周围环境，位于画面外。它与对应的可见动作同步。[00:00.000–00:08.000] 百褶裙和水手领衬衫发出布料窸窣声，并在翻滚中裙子鼓起时带有更清晰的拍打声。其声源是先前引入的对应主体，位于画面内。它与对应的可见动作同步。[00:04.400–00:05.200] 一声明亮、欢快的高音调猪叫，带着两声俏皮的小哼哼，在她完成空中翻滚时响起。其声源是先前引入的对应主体，位于画面内。它与对应的可见动作同步。
spoken_dialogue: 无。
non_diegetic_music: [00:00.000–00:08.000] 轻快、俏皮的管弦乐配乐，带有拨弦声和柔和的铜管旋律，与这段欢乐的飞行相配。这段音乐是非剧情内音乐。
hard_constraints: 保留源提示中明确陈述的每个主体、动作、属性、数量、关系、场景、镜头指示和风格约束。",zh,vp-005,vidprom_50k,vidprom_50k-24731deb68ab3811,868b71a78c5c9452039c7aa9d5740f2a8c8cb4bfc0ed35ef519007667061a3fe
10,52005,"integrated_multimodal_description: Visual style: Vibrant, whimsical 3D space-adventure animation with polished black surfaces, warm cockpit lighting, small drifting engine particles, and a light-hearted heroic mood. Setting: Deep black outer space filled with scattered stars and a faint purple nebula. The round, star-speckled planet ahead grows steadily larger as the dog’s big black ship travels toward it. Duration: 8 seconds. [Shot 1, 00:00.000–00:04.000] Wide exterior tracking shot of the ship from its starboard side, keeping both round windows and the planet ahead in view. The camera glides smoothly alongside the angled ship as it banks toward the planet; no internal cut. Visible subjects: A small, eager brown-and-white terrier mix wearing a white-and-orange spacesuit with a clear bubble helmet; he sits in the pilot seat and works the ship controls with his paws. A big glossy black spaceship with a rounded hull, exactly two circular glowing windows, a short tail fin, and a rear engine that brightens when the dog accelerates. A large round planet ahead with soft blue-green bands and many tiny bright star-shaped sparkles covering its visible surface, making it look filled with stars. From 00:00.000 to 00:01.500: The big black ship glides through the starry blackness; its two round windows glow warm amber, and the dog’s spacesuited head and shoulders are visible through the forward window. From 00:01.500 to 00:04.000: The dog perks up and leans slightly inside the cockpit as the round star-filled planet comes into fuller view ahead; the ship banks toward the planet and the engine flare brightens. [Shot 2, 00:04.000–00:08.000] Medium over-the-shoulder shot from inside the cockpit, looking past the dog’s helmet and front paws toward the two circular windshield windows. The camera stays low and slightly right of the dog, pushing forward gently as the ship accelerates toward the planet. From 00:04.000 to 00:06.300: Inside the cockpit, the dog grips a chrome control stick with both paws and pushes it forward; the throttle rings on the console glow brighter. From 00:06.300 to 00:08.000: The star-speckled round planet swells beyond the two circular windshield windows; the dog watches it approach while the ship’s instrument lights cast soft highlights on his helmet.
overall_soundscape: [00:00.000–00:08.000] Low continuous throbbing engine rumble, rising slightly in pitch when the dog pushes the control stick forward. Its source is the corresponding previously introduced subject, placed on screen. It is synchronized with the corresponding visible action. [00:02.400–00:02.700] A short, excited dog yip from inside the ship as the dog sees the round star-filled planet ahead. Its source is the corresponding previously introduced subject, placed on screen. It is synchronized with the corresponding visible action. [00:05.500–00:05.800] A firm click from the chrome control stick as the dog pushes the throttle forward. Its source is the corresponding previously introduced subject, placed on screen. It is synchronized with the corresponding visible action.
spoken_dialogue: None.
non_diegetic_music: None.
hard_constraints: Preserve every subject, action, attribute, count, relationship, setting, camera instruction, and style constraint explicitly stated in the source prompt.",en,vp-006,vidprom_50k,vidprom_50k-162892d6fd310f91,c947677bcc38baf16ee0969d831bd149adfac011a93adfb045c64dffdfc9ce5a
11,52005,"integrated_multimodal_description:视觉风格：充满活力、异想天开的3D太空冒险动画，具有抛光黑色表面、温暖的驾驶舱照明、细微飘散的发动机粒子，以及轻松愉快的英雄氛围。场景：深黑色外太空，散布着星星并有一片淡淡的紫色星云。前方圆形、布满星点的行星随着狗的大型黑色飞船朝它飞去而稳定地变大。时长：8 seconds。[Shot 1, 00:00.000–00:04.000]从飞船右舷侧拍摄的宽幅外部跟拍镜头，使两个圆形舷窗和前方的行星都保持在画面内。当飞船向行星倾斜转向时，镜头沿着倾斜的飞船平滑滑行；无内部剪切。可见主体：一只小型、热切的棕白相间混种梗犬，身穿白橙相间的太空服，头戴透明气泡头盔；他坐在驾驶座上，用爪子操作飞船控制装置。一艘大型亮黑色飞船，带有圆润船体、正好两个圆形发光舷窗、一个短尾翼，以及一个在狗加速时变亮的尾部发动机。前方是一颗大型圆形行星，带有柔和的蓝绿色条纹，许多细小的明亮星形闪光覆盖其可见表面，使它看起来像是装满了星星。从00:00.000到00:01.500：大型黑色飞船在星光点点的黑暗中滑行；它的两个圆形舷窗发出温暖的琥珀色光芒，透过前窗可以看到狗穿着太空服的头部和肩膀。从00:01.500到00:04.000：当前方圆形、布满星星的行星更完整地进入视野时，狗打起精神，在驾驶舱内微微前倾；飞船向行星倾斜转向，发动机的喷焰变亮。[Shot 2, 00:04.000–00:08.000]中景过肩镜头，从驾驶舱内部越过狗的头盔和前爪，望向两个圆形风挡窗。镜头保持在低位并略偏狗的右侧，在飞船向行星加速时轻轻向前推进。从00:04.000到00:06.300：在驾驶舱内，狗用双爪握住一根镀铬控制杆并向前推；控制台上的节流阀环发出更亮的光。从00:06.300到00:08.000：圆形、布满星点的行星在两个圆形风挡窗外逐渐变大；狗注视着它接近，同时飞船的仪表灯光在狗的头盔上投下柔和的高光。
overall_soundscape: [00:00.000–00:08.000]低沉持续的脉动引擎轰鸣声，在狗向前推动控制杆时音调略微升高。其声源是相应的先前已引入主体，置于画面中；它与对应的可见动作同步。[00:02.400–00:02.700]当狗看到前方圆形、布满星星的行星时，飞船内部传来一声短促而兴奋的狗吠。其声源是相应的先前已引入主体，置于画面中；它与对应的可见动作同步。[00:05.500–00:05.800]狗向前推节流阀时，镀铬控制杆发出一声干脆的咔嗒声。其声源是相应的先前已引入主体，置于画面中；它与对应的可见动作同步。
spoken_dialogue:无。
non_diegetic_music:无。
hard_constraints:保留源提示中明确陈述的每一个主体、动作、属性、数量、关系、设定、摄影机指示和风格约束。",zh,vp-006,vidprom_50k,vidprom_50k-162892d6fd310f91,026002ccbe0d8c23deaf51b1558579322d0566fdd663c78ac9cc2faad276cc17
12,52006,"integrated_multimodal_description: Visual style: Gritty naturalistic realism; overcast daylight, dusty amber highlights, rust and concrete tones; camera is observational and moves at walking pace. Setting: A decaying factory yard and the abandoned factory interior beyond a rusted sliding gate: weedy gravel outside, a tall gate in a corrugated-metal wall, broken concrete inside, dust shafts, rusted I-beams, and a dead assembly line. Duration: 8 seconds. [Shot 1, 00:00.000–00:04.000] Wide tracking two-shot from behind the cowboys at chest height. Tracks forward at walking speed, slightly to the right of the cowboy path as they approach the gate. Visible subjects: Lead cowboy in a dusty tan duster coat, brown hat, and worn leather boots. Second cowboy in a dark canvas vest, gray hat, and worn trousers, following cowboy_1. Rusted sliding steel gate set in the factory wall, with a track-mounted frame and a narrow pass-through gap. From 00:00.000 to 00:02.100: The cowboys walk across the weedy gravel yard toward the rusted sliding gate. Cowboy_1 leads, cowboy_2 follows half a step behind, and dust lifts around their boots with each stride. From 00:02.100 to 00:04.000: Cowboy_1 grips the edge of the rusted gate, slides it open just enough, and steps through the gap into the dark factory interior. Cowboy_2 follows immediately, and the gate rattles slightly behind them. [Shot 2, 00:04.000–00:08.000] Medium-wide low-angle two-shot inside the factory. Dollies backward at walking speed as the cowboys advance, then tilts slightly upward to reveal the high dark ceiling. Visible subjects: A small loose steel bolt lying on the cracked concrete near a fallen I-beam. From 00:04.000 to 00:05.600: Inside the factory, the cowboys walk through a column of dust-filled light falling from a broken skylight. Their boots land on concrete littered with rust flakes, and long shadows slide beside them. From 00:05.600 to 00:08.000: Cowboy_2 steps around a fallen I-beam and accidentally kicks the loose bolt, sending it skittering across the concrete. Cowboy_1 continues deeper toward a dead assembly line, and dust spirals around their legs in the light.
overall_soundscape: [00:00.000–00:02.100] Cowboy_1's boots crunch through gravel and packed dirt. Its source is the corresponding previously introduced subject, placed on screen. It is synchronized with the corresponding visible action. [00:00.000–00:08.000] Low wind moves around the abandoned factory shell; faint metallic creaks and distant drips echo from inside. Its source is The abandoned factory shell and surrounding yard, including the gravel, corrugated wall, broken windows, and interior ruins., placed on screen. [00:00.100–00:02.100] Cowboy_2's boots scuff through the same gravel half a step behind. Its source is the corresponding previously introduced subject, placed on screen. It is synchronized with the corresponding visible action. [00:02.200–00:03.400] Rusty metal screech and scrape as the sliding gate rolls open. Its source is the corresponding previously introduced subject, placed on screen. It is synchronized with the corresponding visible action. [00:04.000–00:05.600] Cowboy_1's boots crunch over rust flakes and debris on the concrete floor. Its source is the corresponding previously introduced subject, placed on screen. It is synchronized with the corresponding visible action. [00:05.700–00:06.400] The kicked bolt skitters and clatters across the concrete, striking the fallen I-beam with a metallic ring. Its source is the corresponding previously introduced subject, placed on screen. It is synchronized with the corresponding visible action.
spoken_dialogue: None.
non_diegetic_music: None.
hard_constraints: Preserve every subject, action, attribute, count, relationship, setting, camera instruction, and style constraint explicitly stated in the source prompt.",en,vp-007,vidprom_50k,vidprom_50k-b222d72355518b10,d9b545a8aa9652d6e4958a020c1e9e8483f763e00ee5c4e026292c4faa387d03
13,52006,"integrated_multimodal_description: 视觉风格：粗粝的自然主义写实；阴天日光，蒙尘的琥珀色高光，铁锈与混凝土色调；镜头为观察式，以步行速度移动。场景：一个正在腐朽的工厂院落，以及一道生锈滑动门之外被废弃的工厂内部：外面是杂草丛生的砾石地，波纹金属墙上一扇高大的门，内部是破碎的混凝土、灰尘光柱、生锈的工字钢梁，以及一条废弃的装配线。持续时间：8 seconds。 [Shot 1, 00:00.000–00:04.000] 宽景跟拍双人镜头，从牛仔身后齐胸高度拍摄。镜头以步行速度向前移动，并在牛仔们接近大门时，略微位于其行进路径的右侧。可见主体：领头的牛仔穿着蒙尘的黄褐色防尘长外套，戴着棕色帽子，穿着破旧的皮靴；第二名牛仔穿着深色帆布马甲，戴着灰色帽子，穿着旧裤子，跟在牛仔一号身后。工厂墙壁上有一扇生锈的滑动钢门，配有轨道式门架和一个狭窄的通行缝隙。从 00:00.000 到 00:02.100: 牛仔们穿过长满杂草的砾石院子，走向生锈的滑动门。牛仔一号在前领路，牛仔二号落后半步跟在后面，每一步都会在他们靴子周围扬起尘土。从 00:02.100 到 00:04.000: 牛仔一号抓住生锈大门的边缘，将其滑开到刚好够通过的宽度，然后穿过缺口进入黑暗的工厂内部。牛仔二号立刻跟上，大门在他们身后轻微哐当作响。 [Shot 2, 00:04.000–00:08.000] 工厂内部的中宽低角度双人镜头。随着牛仔们前进，镜头以步行速度向后移动，然后轻微上摇，露出高大昏暗的天花板。可见主体：一颗松动的钢质小螺栓位于一根倒下的工字钢梁旁的开裂混凝土上。从 00:04.000 到 00:05.600: 在工厂内部，牛仔们穿过一道从破碎天窗射下的充满灰尘的光柱。他们的靴子踩在散落着锈屑的混凝土上，长长的影子在他们身边滑动。从 00:05.600 到 00:08.000: 牛仔二号绕过一根倒下的工字梁，不小心踢到那颗松动的螺栓，使其在混凝土上飞速滑行。牛仔一号继续向深处走去，走向一条废弃的装配线，光中灰尘在他们腿边盘旋。
overall_soundscape: [00:00.000–00:02.100] 牛仔一号的靴子嘎吱作响地踩过砾石和压实的泥土。其声源是先前引入的对应主体，位于画面中。它与对应的可见动作同步。 [00:00.000–00:08.000] 低弱的风绕着废弃厂房外壳吹动；内部传来微弱的金属吱嘎声和远处水滴声的回响。其声源为废弃厂房外壳及周边院落，包括砾石、波纹墙、破损窗户和内部废墟，位于画面中。它与对应的可见动作同步。 [00:00.100–00:02.100] 牛仔二号的靴子落后半步，在同样的砾石上拖曳作响。其声源是先前引入的对应主体，位于画面中。它与对应的可见动作同步。 [00:02.200–00:03.400] 生锈金属发出尖啸和刮擦声，滑动门滚开。其声源是先前引入的对应主体，位于画面中。它与对应的可见动作同步。 [00:04.000–00:05.600] 牛仔一号的靴子碾过混凝土地板上的锈屑和碎渣，发出嘎吱声。其声源是先前引入的对应主体，位于画面中。它与对应的可见动作同步。 [00:05.700–00:06.400] 被踢出的螺栓在混凝土上滑行并发出当啷声，撞上倒下的工字梁，发出金属鸣响。其声源是先前引入的对应主体，位于画面中。它与对应的可见动作同步。
spoken_dialogue: 无。
non_diegetic_music: 无。
hard_constraints: 保留源提示中明确陈述的每一个主体、动作、属性、数量、关系、场景、镜头指令和风格约束。",zh,vp-007,vidprom_50k,vidprom_50k-b222d72355518b10,efeca1e2bf76f3f685388cb25f988eac1717f180967b07ed41a60b354f46bd32
14,52007,"integrated_multimodal_description: Visual style: Continuous chase-cam action footage following closely behind and slightly above an arrow; grasses and orchard background rush past, and the banana target grows from a distant shape as the camera closes on it in bright natural daylight. Setting: Sunlit edge of an orchard with a weathered wooden crate; a ripe yellow banana with a few brown speckles rests diagonally across the crate, and a loose cloud of small dark-bodied fruit flies hovers above it in the arrow's path. Duration: 8 seconds. [Shot 1, 00:00.000–00:08.000] Chase framing from behind and slightly above the arrow tail; the fletching and shaft occupy the lower frame while the banana sits at the center and grows as the arrow closes. Chase cam locked behind the arrow, with a shallow depth of field that shifts between the fletching and the distant banana, with no cuts. Visible subjects: Black-shafted arrow with red fletching and a polished steel broadhead, seen from behind and slightly above while chasing toward the banana. Ripe yellow banana with brown speckles and a greenish stem, resting diagonally on a weathered wooden crate. Small loose cloud of fruit flies with dark bodies and fast translucent wings, circling tightly around the banana. From 00:00.000 to 00:02.500: The chase camera is already moving fast; the red fletching shudders at the lower edge, background grass and branches blur by, and the dark arrow shaft points toward a small distant yellow banana surrounded by a dark speckle of fruit flies. From 00:01.500 to 00:05.300: The fruit-fly cloud swirls tightly around the banana as the fruit grows in the frame; when the arrow closes, the cloud veers toward the stem and starts to thin across the center. From 00:04.800 to 00:07.200: The banana fills the upper half of the frame, the fletching shakes at the lower edge, and the arrow's shadow slides across the glossy yellow peel; the fruit-fly cloud splits left and right, clearing the arrow's path. From 00:07.200 to 00:08.000: The polished broadhead slams into the banana's side, dimples the peel, and splits it open with a small spray of pulp; the banana rocks on the crate, the fruit flies burst upward, and the red fletching quivers as the broadhead embeds in the fruit.
overall_soundscape: [00:00.000–00:07.000] Rising whoosh and soft feather-flutter of the arrow cutting through air, stopping just before impact. Its source is the corresponding previously introduced subject, placed on screen. It is synchronized with the corresponding visible action. [00:00.000–00:08.000] Continuous outdoor wind ambience with distant grass movement, present behind the more specific flight and impact sounds. Its source is the surrounding environment, placed off screen. It is synchronized with the corresponding visible action. [00:00.000–00:08.000] Tight high-pitched buzzing from the fruit-fly cloud, growing frantic as the arrow nears and bursting into a scattered flutter during the impact. Its source is the corresponding previously introduced subject, placed on screen. It is synchronized with the corresponding visible action. [00:07.200–00:08.000] Soft thud and sharp peel-tearing crackle as the broadhead embeds into the banana. Its source is the corresponding previously introduced subject, placed on screen. It is synchronized with the corresponding visible action.
spoken_dialogue: None.
non_diegetic_music: None.
hard_constraints: Preserve every subject, action, attribute, count, relationship, setting, camera instruction, and style constraint explicitly stated in the source prompt.",en,vp-008,vidprom_50k,vidprom_50k-481fb0456bacf6f5,42de68d2172fdee24c1a81a2fb3023060d4fd576d4e6acce300f712a10e512ec
15,52007,"integrated_multimodal_description: 视觉风格：持续追尾镜头动作画面，紧密跟随在一支箭的后方并略高于箭；草地和果园背景飞速掠过，香蕉目标随着镜头接近而从远处的一个形状逐渐变大，画面处于明亮的自然日光下。场景设定：阳光照耀的果园边缘，有一个经风化的木箱；一根熟透的黄色香蕉带有少许棕色斑点，斜放在木箱上，一小群松散的深色小果蝇在香蕉上方、箭的路径上盘旋。持续时间：8 seconds。[Shot 1, 00:00.000–00:08.000] 从箭尾后方并略高于箭尾的追逐构图；箭羽和箭杆占据画面下部，而香蕉位于画面中央并随着箭的接近而变大。追尾镜头锁定在箭后方，采用浅景深，焦点在箭羽与远处香蕉之间切换，无剪切。可见主体：一支黑色箭杆、红色箭羽和抛光钢制宽头箭头的箭，从后方略高于箭的位置可见，正朝香蕉追逐。熟透的黄色香蕉带有棕色斑点和微绿色的茎，斜放在经风化的木箱上。一小群松散的果蝇，身体深色，翅膀快速扇动且半透明，紧紧环绕香蕉盘旋。从 00:00.000 到 00:02.500：追尾镜头已经在快速移动；红色箭羽在下边缘颤动，背景草地和树枝模糊掠过，深色箭杆指向远处一个小而黄的香蕉，香蕉周围环绕着一团深色的果蝇斑点。从 00:01.500 到 00:05.300：随着果实在画面中变大，果蝇群紧密地绕着香蕉旋动；当箭接近时，果蝇群转向茎部并开始在画面中央变稀。从 00:04.800 到 00:07.200：香蕉填满画面上半部分，箭羽在下边缘晃动，箭的阴影滑过光滑的黄色果皮；果蝇群左右分开，为箭清出路径。从 00:07.200 到 00:08.000：抛光的宽头箭头猛击香蕉侧面，使果皮凹陷并将其劈开，溅出少量果肉；香蕉在木箱上晃动，果蝇向上爆散，宽头箭头嵌入果实时红色箭羽颤动。
overall_soundscape: [00:00.000–00:07.000] 箭破空而过的升调嗖声和轻柔的羽翎扑动声，在即将撞击前停止。其声源是先前引入的对应主体，位于画面内。它与对应的可见动作同步。 [00:00.000–00:08.000] 持续的户外风声环境音，伴有远处草叶的动静，作为更具体的飞行声和撞击声的背景存在。其声源是周围环境，位于画面外。它与对应的可见动作同步。 [00:00.000–00:08.000] 果蝇群发出的紧密高音嗡鸣，随着箭的接近而变得狂乱，并在撞击时爆散成零乱的扑动声。其声源是先前引入的对应主体，位于画面内。它与对应的可见动作同步。 [00:07.200–00:08.000] 宽头箭头嵌入香蕉时发出的轻柔闷响和尖锐的果皮撕裂噼啪声。其声源是先前引入的对应主体，位于画面内。它与对应的可见动作同步。
spoken_dialogue: 无。
non_diegetic_music: 无。
hard_constraints: 保留源提示中明确陈述的每一个主体、动作、属性、数量、关系、场景设定、镜头指令和风格约束。",zh,vp-008,vidprom_50k,vidprom_50k-481fb0456bacf6f5,9745047a31bf4ce20945cbd17ec42566cf084f3782f7713baf4f05701208d0d6
16,52008,"integrated_multimodal_description: Visual style: Naturalistic, calm forest footage with dappled sunlight, vivid green foliage, and a quietly glistening stream; movement stays slow and gentle. Setting: A lush green forest beside a clear, glistening stream; a mossy, winding path runs along the water's edge through ferns and shaded undergrowth. Duration: 8 seconds. [Shot 1, 00:00.000–00:04.200] Wide two-shot. Lateral tracking shot that moves at the monk's walking speed; the monk occupies the left side of frame with the bear visible behind on the trail and the stream glinting at the right. Visible subjects: A robed monk walking at a calm, unhurried pace along the streamside trail. A clear forest stream beside the path, its glittering surface flowing over mossy stones. A large, calm brown-furred bear following the monk at a steady distance without any sign of agitation. Throughout the shot: The monk walks in a steady, unhurried rhythm along the streamside path, his ochre robe swaying gently with each stride. Throughout the shot: The stream glitters as shallow water slips over smooth, moss-edged stones beside the path. From 00:00.800 to 00:04.200: A few strides behind, the docile bear plods calmly, its paws landing softly on moss and scattered leaves as it follows the same route. [Shot 2, 00:04.200–00:08.000] Medium over-the-shoulder shot. Handheld camera behind and slightly left of the monk, tracking forward as he continues walking; the bear remains clearly visible on the path behind him. Throughout the shot: The monk glances calmly over his shoulder at the bear, then turns his gaze forward and keeps walking. Throughout the shot: The bear continues at ease behind the monk, head low and speed steady, making no sudden or aggressive movement. Throughout the shot: The glistening stream stays beside the trail, bending with the path through ferns and dappled shade.
overall_soundscape: [00:00.000–00:08.000] Continuous soft babbling of the stream, with bright ripples and splashes over stones. Its source is the corresponding previously introduced subject, placed on screen. It is synchronized with the corresponding visible action. [00:01.000–00:07.600] Quiet, rhythmic padding of the bear's paws on moss and leaf litter; no growling. Its source is the corresponding previously introduced subject, placed on screen. It is synchronized with the corresponding visible action. [00:01.400–00:05.500] Distant, intermittent bird calls from the surrounding forest canopy. Its source is the surrounding environment, placed off screen.
spoken_dialogue: None.
non_diegetic_music: None.
hard_constraints: Preserve every subject, action, attribute, count, relationship, setting, camera instruction, and style constraint explicitly stated in the source prompt.",en,vp-009,vidprom_50k,vidprom_50k-61cefe4806f681ce,acdc47077327f6c24d5ba894313153b34707946711f5ec43599a5d99b96b745f
17,52008,"integrated_multimodal_description: 视觉风格：自然主义、宁静的森林影像，有斑驳的阳光、翠绿的树叶和一条静静闪烁的溪流；画面运动保持缓慢而轻柔。场景：一片葱郁的绿色森林，旁边是一条清澈闪亮的溪流；一条长满苔藓的蜿蜒小径沿水边延伸，穿过蕨类植物和荫蔽的林下灌丛。时长：8 seconds。 [Shot 1, 00:00.000–00:04.200] 双人全景镜头。横向跟拍镜头以僧人的行走速度移动；僧人占据画面左侧，熊在其身后的小路上清晰可见，溪流在右侧闪烁。可见主体：一位身穿僧袍的僧人正以平静、从容的步伐沿着溪边小径行走。一条清澈的森林溪流位于小径旁，波光粼粼的水面流过覆有苔藓的石头。一头体型庞大、性情平静的棕色毛熊以稳定的距离跟在僧人身后，没有任何焦躁迹象。整个镜头中：僧人沿溪边小径以稳定从容的节奏行走，赭色僧袍随每一步轻轻摆动。整个镜头中：溪水闪闪发光，浅浅的溪水滑过小径旁光滑的、边缘生苔的石头。从00:00.800至00:04.200：在身后几步处，温顺的熊平静地缓步走着，爪子轻轻落在苔藓和散落的树叶上，沿着同一条路线跟随。 [Shot 2, 00:04.200–00:08.000] 中景过肩镜头。手持摄影机位于僧人身后稍偏左，在他继续前行时向前跟拍；熊在他身后的小路上始终清晰可见。整个镜头中：僧人平静地回头看了一眼熊，然后转回视线继续行走。整个镜头中：熊继续自在地跟在僧人身后，低着头，步速平稳，没有做出任何突然或攻击性的动作。整个镜头中：闪亮的溪流始终在小径旁，随着路径蜿蜒穿过蕨类植物和斑驳树荫。
overall_soundscape: [00:00.000–00:08.000] 持续轻柔的溪流潺潺声，伴有石头上的清亮涟漪与飞溅声。其声源是先前引入且位于画面中的对应主体。它与对应的可见动作同步。 [00:01.000–00:07.600] 熊掌踏在苔藓和落叶层上发出安静而有节奏的轻拍声；没有低吼。其声源是先前引入且位于画面中的对应主体。它与对应的可见动作同步。 [00:01.400–00:05.500] 周围森林树冠中传来遥远、间歇的鸟鸣。其声源是周围环境，位于画面外。
spoken_dialogue: 无。
non_diegetic_music: 无。
hard_constraints: 保留源提示中明确陈述的每一个主体、动作、属性、数量、关系、场景、镜头指令和风格约束。",zh,vp-009,vidprom_50k,vidprom_50k-61cefe4806f681ce,4176be9e5b8875f3baf748c229ff324f14a445403fc5a6740c40194166334494
18,52009,"integrated_multimodal_description: Visual style: Naturalistic, unpolished documentary look with a gentle handheld sway; the tent is lit by LED grow bars, giving leaves a slight magenta-white glow and moderately shallow depth of field. Setting: Interior of a compact fabric grow tent: silver Mylar walls, padded floor covering, ceiling crossbars, and bright LED grow bars overhead. Along the back wall stand two mature tomato plants in black fabric grow bags, each tied to a vertical stake; air moves softly near the plants. Duration: 8 seconds. [Shot 1, 00:00.000–00:03.800] Medium full shot from behind, showing the man’s legs, torso, and raised arm as he walks down the aisle. Handheld camera follows him at waist height with a soft bob, staying near the center of the narrow aisle. Visible subjects: A man in his early thirties with short dark hair and stubble, wearing a dark crew-neck T-shirt over worn jeans and an olive canvas apron; faint soil dust on his fingertips. Mature tomato plants in black fabric grow bags, with broad green leaves, slight lower-leaf droop, and clusters of green and reddening fruit on supports. Throughout the shot: Inside the tent, the man walks down the narrow aisle while ducking slightly under a padded crossbar; he lifts one hand and brushes an overhanging tomato stem out of his way, keeping his eyes on the rear tomato plants. [Shot 2, 00:03.800–00:08.000] Over-the-shoulder medium close-up of the rear tomato plant and the man’s hands. Static camera behind the man’s right shoulder at plant-canopy height. From 00:03.800 to 00:05.800: At the rear grow bag, the man stops, crouches beside it, and turns up the edge of a drooping lower leaf. With two fingers he presses the dark potting soil near the base of the plant, checks it, then releases the leaf. From 00:05.800 to 00:08.000: Still crouching, the man looks upwards and finds a heavier truss of ripening tomatoes. He cups the reddest tomato with his palm and rotates the truss so the fruit faces the LED light, his gaze following the movement.
overall_soundscape: [00:00.000–00:03.800] Soft muffled footfalls on the padded tent floor as the man walks. Its source is the corresponding previously introduced subject, placed on screen. It is synchronized with the corresponding visible action. [00:00.000–00:08.000] Continuous, low muffled whir of the grow tent’s inline exhaust fan, with a faint sheet-air movement near the plants. Its source is A small inline exhaust fan mounted near the top rear seam of the grow tent, connected to a gray insulated duct and oriented outside the main close-up framing., placed off screen. [00:04.100–00:05.500] Crinkly, papery rustling as the man lifts the lower tomato leaf and a softer shuffle when it settles back into place. Its source is the corresponding previously introduced subject, placed on screen. It is synchronized with the corresponding visible action. [00:06.000–00:07.600] Soft rubbing and rustle of leaves as the fruit truss is gently rotated in the man’s fingers. Its source is the corresponding previously introduced subject, placed on screen. It is synchronized with the corresponding visible action.
spoken_dialogue: None.
non_diegetic_music: None.
hard_constraints: Preserve every subject, action, attribute, count, relationship, setting, camera instruction, and style constraint explicitly stated in the source prompt.",en,vp-010,vidprom_50k,vidprom_50k-e1a8eda460b67f11,3fb4d6214b70a6132a63626f0cf2d19404f88102eba49a38556881e3e755b24f
19,52009,"integrated_multimodal_description: 视觉风格：自然主义、未经修饰的纪录片质感，带有轻微的手持晃动；帐篷由 LED 生长灯条照明，使叶片带有淡淡的品红白色光晕，并具有中等浅景深。场景：紧凑型织物种植帐篷内部：银色Mylar内壁、带衬垫的地面覆盖物、顶部横杆，以及头顶上方明亮的 LED 生长灯条。后墙边立着两株成熟的番茄植株，栽在黑色织物种植袋中，每株都系在一根竖直立杆上；植株附近的空气轻轻流动。时长：8 seconds。[Shot 1, 00:00.000–00:03.800] 中全景，从背后拍摄该男子走过通道，显示他的腿、躯干和抬起的手臂。手持摄影机在腰部高度跟随他，带有轻微的上下起伏，保持在狭窄通道中央附近。可见主体：一名三十出头的男子，深色短发，胡茬，身穿深色圆领T恤，下穿旧牛仔裤，系着橄榄色帆布围裙；指尖有淡淡的泥土灰。成熟的番茄植株栽在黑色织物种植袋中，有宽大的绿色叶片，下部叶片略微下垂，支撑物上有成串的绿色和正在变红的果实。整个镜头中：在帐篷内，男子沿着狭窄通道行走，同时在一根带软垫的横杆下微微低头；他抬起一只手，将一根悬垂的番茄茎拨到一旁，目光始终注视着后方的番茄植株。[Shot 2, 00:03.800–00:08.000] 后部番茄植株与该男子双手的过肩中近景。静态摄影机位于该男子右肩后方、植株冠层高度。从 00:03.800 到 00:05.800：在后方的种植袋旁，男子停下，蹲下，翻起一片下垂的下部叶片的边缘。他用两根手指按压植株基部附近的深色盆土，检查一下，然后松开叶片。从 00:05.800 到 00:08.000：他仍蹲着，抬头向上看，发现一束更重的正在成熟的番茄果串。他用掌心托住最红的番茄，转动果串，让果实面向 LED 灯光，目光随着这一动作移动。
overall_soundscape: [00:00.000–00:03.800] 男子行走时在带衬垫的帐篷地面上发出的轻微闷响脚步声。其声源是先前引入的对应主体，置于画面内，并与对应的可见动作同步。[00:00.000–00:08.000] 种植帐篷的管道式排气扇持续发出的低沉、闷响的嗡鸣声，以及植株附近微弱的片状气流流动。其声源是一台小型管道式排气扇，安装于种植帐篷后部顶部接缝附近，连接着灰色保温管道，朝向主特写画面之外，置于画外。[00:04.100–00:05.500] 男子抬起番茄下部叶片时发出脆而如纸的沙沙声，叶片落回原位时则有更轻柔的窸窣声。其声源是先前引入的对应主体，置于画面内，并与对应的可见动作同步。[00:06.000–00:07.600] 果串在男子指间被轻轻转动时，叶片发出轻柔的摩擦与沙沙声。其声源是先前引入的对应主体，置于画面内，并与对应的可见动作同步。
spoken_dialogue: 无。
non_diegetic_music: 无。
hard_constraints: 保留源提示词中明确陈述的每个主体、动作、属性、数量、关系、场景、摄影机指示和风格约束。",zh,vp-010,vidprom_50k,vidprom_50k-e1a8eda460b67f11,06844d7a751eb9ad2333008177844257c12a6e747ff84fa75ab0480c3c807132
20,52010,"integrated_multimodal_description: Visual style: Bright photorealistic daylight aerial scene with soft natural light and calm high-altitude atmosphere. Setting: High altitude open sky above a single large cumulus cloud; no ground or horizon; clear blue sky surrounds the cloud. Duration: 8 seconds. [Shot 1, 00:00.000–00:08.000] Wide aerial side view keeping both the airplane and the one large cumulus cloud in frame; airplane occupies roughly the upper third and crosses from left to right. Static camera suspended at airplane altitude, positioned off to the side so the airplane flies along the frame from left to right without camera movement. Visible subjects: Small white single-engine propeller airplane with a dark blue trim stripe and a visible three-blade propeller. One large, rounded sunlit cumulus cloud with a puffy top and flattish base. From 00:00.000 to 00:02.500: The white single-engine airplane glides rightward across clear blue sky while the large cumulus cloud sits ahead and below it, bright in sunlight. From 00:02.500 to 00:05.000: The airplane passes directly over the center of the cloud, and its soft shadow sweeps across the cloud's sunlit rounded top. From 00:05.000 to 00:08.000: The airplane continues rightward toward the frame edge while the cloud remains visible behind it, showing the airplane has crossed over the cloud.
overall_soundscape: [00:00.000–00:08.000] Steady, somewhat distant propeller drone and a soft rush of air around the airplane, matching its flight across the sky. Its source is the corresponding previously introduced subject, placed on screen. It is synchronized with the corresponding visible action.
spoken_dialogue: None.
non_diegetic_music: None.
hard_constraints: Preserve every subject, action, attribute, count, relationship, setting, camera instruction, and style constraint explicitly stated in the source prompt.",en,vp-011,vidprom_50k,vidprom_50k-6ccdb6cf74675ddf,9f5e039888a6b1986ab45af789ebae8becf0dc0ec001140531616a68c36e2260
21,52010,"integrated_multimodal_description: 视觉风格：明亮的照片级真实日光航拍场景，具有柔和的自然光线和宁静的高空氛围。场景：高海拔开阔天空，位于一朵大型积云上方；没有地面或地平线；晴朗的蓝天环绕着云朵。时长：8 seconds。[Shot 1, 00:00.000–00:08.000] 宽阔的空中侧视视角，将飞机和那朵大型积云同时保持在画面内；飞机大约占据画面上三分之一，从左向右穿越。静态摄影机悬停在飞机高度，位于侧面，使飞机从左向右飞过画面，摄影机不移动。可见主体：一架白色小型单引擎螺旋桨飞机，带有深蓝色装饰条纹和可见的三叶螺旋桨。一朵大型、圆润、受阳光照射的积云，顶部蓬松，底部较平坦。从 00:00.000 到 00:02.500：白色单引擎飞机在晴朗蓝天中向右滑行，大型积云位于其前方下方，在阳光中明亮。从 00:02.500 到 00:05.000：飞机直接从云朵中心上方经过，其柔和阴影扫过云朵受阳光照射的圆润顶部。从 00:05.000 到 00:08.000：飞机继续向右朝画面边缘移动，云朵在其后仍可见，表明飞机已经越过了云朵。
overall_soundscape: [00:00.000–00:08.000] 稳定、有些遥远的螺旋桨轰鸣声，以及飞机周围轻柔的空气呼啸声，与其飞越天空的过程相匹配。其声源是先前引入的对应主体，位于画面中。它与相应的可见动作同步。
spoken_dialogue: 无。
non_diegetic_music: 无。
hard_constraints: 保留源提示中明确陈述的每个主体、动作、属性、数量、关系、场景、摄影机指令和风格约束。",zh,vp-011,vidprom_50k,vidprom_50k-6ccdb6cf74675ddf,9aed996611135d37418b8ff0242470c73882c46fe5e08c6da92b3a8fd2016db3
22,52011,"integrated_multimodal_description: Visual style: Steampunk realism: brushed brass and copper machinery, amber lamp glow, pale green light from the chamber porthole, shallow focus, subtle drifting steam. Setting: A dim, cluttered steampunk laboratory. At center stands a tall riveted copper-and-brass pressure chamber with a round pale-green porthole and a large pressure gauge. The scientist is at arm's length from the chamber, facing its front, holding the chip near his chest. Duration: 8 seconds. [Shot 1, 00:00.000–00:08.000] Three-quarter medium close-up from the scientist's right, at chest height. The scientist's profile, hands, and the chip are in the foreground; the chamber porthole and pressure gauge are visible ahead in his line of sight. Locked-off camera on a tripod; no pan, tilt, or zoom. Visible subjects: A scientist in a white laboratory coat fastened with brass clasps, wearing brass-rimmed goggles pushed up on the head, and standing upright in front of the pressure chamber. A small steampunk microchip made of polished brass and dark garnet, with fine copper traces etched across its face and tiny copper pins along two edges. A tall vertical pressure chamber of riveted copper and brass, with a circular brass-framed porthole glowing pale green and a round pressure gauge with a thin needle near its rim. From 00:00.000 to 00:02.600: The scientist stands face-on to the pressure chamber, shoulders squared, holding the brass chip between both hands at chest height and turning it clockwise in deliberate quarter-turns; the green porthole light slides across the copper traces. From 00:02.600 to 00:05.200: The scientist flips the chip over in his fingertips, then rolls it through a counterclockwise half-turn while tilting his wrist; he briefly glances at the pressure gauge, where steam curl drifts past its brass face. From 00:05.200 to 00:08.000: The scientist completes one final ninety-degree turn, steadies the chip beneath his chin, and looks steadily at the chamber's porthole; as he holds the chip still, the pressure gauge needle nudges half a division with a faint metallic tick.
overall_soundscape: [00:00.000–00:08.000] Continuous low-pressure chamber hum with muffled boiler rumble, a soft steam hiss, and faint clockwork ticking from the surrounding laboratory. Its source is the corresponding previously introduced subject, placed on screen. It is synchronized with the corresponding visible action. [00:07.100–00:07.350] A single crisp metallic tick from the pressure gauge as its needle shifts half a division. Its source is the corresponding previously introduced subject, placed on screen. It is synchronized with the corresponding visible action.
spoken_dialogue: None.
non_diegetic_music: None.
hard_constraints: Preserve every subject, action, attribute, count, relationship, setting, camera instruction, and style constraint explicitly stated in the source prompt.",en,vp-012,vidprom_50k,vidprom_50k-91e1fea9b0d168b1,d80183a6757e7efaf92a212ee81ddcc9cfc9bd11a12bea4a81e1bc94ffd232da
23,52011,"integrated_multimodal_description: 视觉风格：蒸汽朋克写实：拉丝黄铜与铜制机械，琥珀色灯辉，来自压力舱舷窗的淡绿色光，浅景深，微微飘动的蒸汽。设定：一间昏暗、杂乱的蒸汽朋克实验室。中央矗立着一个由铆接铜与黄铜制成的高大压力舱，带有一个圆形淡绿色舷窗和一个大型压力表。科学家站在距压力舱一臂之遥，正对其正面，将芯片举在胸前。时长：8 seconds。[Shot 1, 00:00.000–00:08.000] 从科学家右侧、齐胸高度拍摄的四分之三侧面中近景。科学家的侧影、双手与芯片位于前景；压力舱舷窗和压力表在其视线前方可见。摄影机锁定在三脚架上；无摇摄、无俯仰、无变焦。可见主体：一位身穿白色实验服、以黄铜搭扣扣合、戴有推到头顶的黄铜框护目镜、笔直站在压力舱前的科学家。一枚由抛光黄铜和深色石榴石制成的小型蒸汽朋克微芯片，其表面蚀刻着精细的铜走线，两条边缘带有微小的铜引脚。一个由铆接铜与黄铜制成的高大立式压力舱，带有一个圆形黄铜框舷窗，发出淡绿色光，以及一个圆形压力表，其细指针靠近表盘边缘。从 00:00.000 到 00:02.600：科学家正对压力舱，双肩端平，双手将黄铜芯片持在胸前，并以审慎的四分之一圈将其顺时针转动；绿色舷窗光从铜走线上滑过。从 00:02.600 到 00:05.200：科学家用指尖将芯片翻面，然后在倾斜手腕的同时令它逆时针滚动半圈；他短暂瞥了一眼压力表，那里有一缕卷曲的蒸汽正飘过其黄铜表盘。从 00:05.200 到 00:08.000：科学家完成最后九十度转动，将芯片稳在下颌下方，并稳定地注视着压力舱的舷窗；当他保持芯片不动时，压力表指针轻轻移动了半个刻度，并伴有微弱的金属咔嗒声。
overall_soundscape: [00:00.000–00:08.000] 持续的低压舱嗡鸣，伴有低沉的锅炉隆隆声、柔和的蒸汽嘶嘶声，以及周围实验室传来的微弱发条滴答声。其声源是先前引入的对应主体，置于画面中。它与对应的可见动作同步。[00:07.100–00:07.350] 一声清脆的金属咔嗒声，来自压力表指针移动半格刻度之时。其声源是先前引入的对应主体，置于画面中。它与对应的可见动作同步。
spoken_dialogue: 无。
non_diegetic_music: 无。
hard_constraints: 保留源提示中明确陈述的每个主体、动作、属性、数量、关系、设定、镜头指示与风格约束。",zh,vp-012,vidprom_50k,vidprom_50k-91e1fea9b0d168b1,9414c7f9c077be0d69527f9e47ba3ad427bd63315ddcda3dba53d51e3a268328
24,52012,"integrated_multimodal_description: Visual style: Photorealistic cinematic night scene, cool blue palette, atmospheric haze, and soft glowing light around the UFO. Setting: A wide night view over a dense city skyline: dark blue sky, clusters of glass and concrete towers, scattered lit windows, low haze, and rooftop beacon lights. Duration: 8 seconds. [Shot 1, 00:00.000–00:08.000] wide elevated framing with the UFO and city skyline both visible together. static, locked-off high angle; one continuous take. Visible subjects: A single blue UFO with a smooth disc-shaped body, a clear rounded dome, and a luminous blue light ring under the hull. The night-time city below the UFO: dense skyline with illuminated skyscraper windows, rooftop warning beacons, and hazy streets. From 00:00.000 to 00:02.800: The luminous blue UFO enters from the left side of the frame and glides smoothly above the first row of rooftops, its blue ring casting moving highlights across the upper parts of the buildings. From 00:02.800 to 00:05.500: The UFO flies over the densest cluster of glass towers; its blue ring pulses while reflected blue light slides across the facades, and the craft remains above the city skyline throughout. From 00:05.500 to 00:08.000: Still above the skyline, the UFO continues toward the upper right of the frame, climbing slightly with a bright blue glow as it remains in view over the city.
overall_soundscape: [00:00.000–00:08.000] Distant city hum at night: faint traffic, muffled street sound, and soft wind gliding around the buildings. Its source is the corresponding previously introduced subject, placed on screen. It is synchronized with the corresponding visible action. [00:00.000–00:08.000] Low electric hum from the UFO with a very soft quavering tone, matching the pulsing of its blue ring. Its source is the corresponding previously introduced subject, placed on screen. It is synchronized with the corresponding visible action.
spoken_dialogue: None.
non_diegetic_music: None.
hard_constraints: Preserve every subject, action, attribute, count, relationship, setting, camera instruction, and style constraint explicitly stated in the source prompt.",en,vp-013,vidprom_50k,vidprom_50k-82dca7f8d58f9161,4037e758cf1c330c28a5b9d72f35a5c24aa8399fc2964b344555a0394d45b832
25,52012,"integrated_multimodal_description: 视觉风格：照片级写实的电影化夜景，冷蓝色调，大气薄雾，以及环绕 UFO 的柔和辉光。场景：俯视密集城市天际线的宽阔夜景：深蓝色天空，成簇的玻璃与混凝土塔楼，零星亮灯的窗户，低空薄雾，以及屋顶信标灯。时长：8 seconds。[Shot 1, 00:00.000–00:08.000] 宽阔的高位构图，UFO 与城市天际线同时可见。静态、锁定的高角度机位；一个连续镜头。可见主体：一个蓝色 UFO，具有光滑的圆盘状机体、透明圆形穹顶，以及机体下方发光的蓝色光环。UFO 下方的夜间城市：密集的天际线，有亮灯摩天大楼窗户、屋顶警示信标和朦胧街道。从 00:00.000 到 00:02.800: 发光的蓝色 UFO 从画面左侧进入，在第一排屋顶上方平稳滑行，其蓝色光环在建筑上部投下移动的高光。从 00:02.800 到 00:05.500: UFO 飞过最密集的玻璃塔楼群；其蓝色光环脉动，反射的蓝光在建筑外立面上滑动，飞行器自始至终保持在城市天际线上方。从 00:05.500 到 00:08.000: 仍在天际线上方，UFO 继续向画面右上方移动，带着明亮的蓝色辉光略微爬升，并始终在城市上空可见。
overall_soundscape: [00:00.000–00:08.000] 夜晚远处的城市嗡鸣声：微弱的交通声、沉闷的街道声，以及围绕建筑滑过的柔和风声。其声源是先前引入的对应主体，位于画面中。它与相应的可见动作同步。[00:00.000–00:08.000] 来自 UFO 的低沉电流嗡鸣声，带有非常柔和的颤音，与其蓝色光环的脉动一致。其声源是先前引入的对应主体，位于画面中。它与相应的可见动作同步。
spoken_dialogue: 无。
non_diegetic_music: 无。
hard_constraints: 保留源提示中明确陈述的每个主体、动作、属性、数量、关系、场景、镜头指令和风格约束。",zh,vp-013,vidprom_50k,vidprom_50k-82dca7f8d58f9161,04061756dc77e61aa9d4a4823ca4b796856ce82025f105f7a907bcc110e50f66
26,52013,"integrated_multimodal_description: Visual style: Photorealistic naturalistic observation; muted overcast light, calm waiting camera, no human figures. Setting: A small wood-walled room standing deep inside rain-soaked forest. One wall is almost entirely glazed by a bank of large windows; outside, rain falls steadily through layered green foliage and streaks down the glass. Duration: 8 seconds. [Shot 1, 00:00.000–00:04.000] Wide, eye-level, facing the glazed wall from inside the room. Slow inward dolly toward the window bank; no cut. Visible subjects: Small wood-walled interior with broad floorboards, a low windowsill, and no visible inhabitants. Bank of rectangular windows with dark wooden mullions; many separate panes are covered with raindrops, rivulets, and faint mist. Dense forest immediately outside the windows: branches, ferns, and leaves soaked by rain, reading as muted layers of green and grey. Visible rain falling through the air outside and striking leaves, glass, and the ground just beyond the window. Throughout the shot: Soft window light moves across the empty floorboards and a fine sheen of humidity glints along the window frame. Throughout the shot: Through the full window bank, slanting rain pours over the dense green forest; branches nod steadily under the drops and mist drifts between the trunks. From 00:01.200 to 00:04.000: Water resting on the glass gathers into a thin rivulet and races down the pane, overtaking smaller droplets. [Shot 2, 00:04.000–00:08.000] Medium close-up, angled slightly downward to a portion of the window and the saturated leaves just beyond the glass. Static angle with a very slight lateral drift following the dripping leaf and the moving water on the pane. From 00:04.000 to 00:05.600: On a leaf just beyond the glass, a fat drop swells, wavers, releases, and falls from frame; the leaf rebounds lightly upward. From 00:05.600 to 00:07.300: The lifting leaf taps the windowpane once, and a bright new water streak is smeared across the glass. From 00:07.100 to 00:08.000: Fresh drops keep streaming down the pane while the blurred forest behind them recedes into grey rain.
overall_soundscape: [00:00.000–00:08.000] Continuous medium-heavy rain drumming on leaves and window glass, with a soft wet hiss and uneven patter. Its source is the corresponding previously introduced subject, placed on screen. It is synchronized with the corresponding visible action. [00:05.300–00:05.700] A single bright water plick as the released droplet lands just below the window frame. Its source is the corresponding previously introduced subject, placed off screen. It is synchronized with the corresponding visible action. [00:05.700–00:06.100] A light tapping click as the wet leaf strikes the windowpane. Its source is the corresponding previously introduced subject, placed on screen. It is synchronized with the corresponding visible action.
spoken_dialogue: None.
non_diegetic_music: None.
hard_constraints: Preserve every subject, action, attribute, count, relationship, setting, camera instruction, and style constraint explicitly stated in the source prompt.",en,vp-014,vidprom_50k,vidprom_50k-0e4d1437f74b7e51,5318170fc72cd694d0c501c94a2cc427591c1b3235ab79c29c0915cad7aaca81
27,52013,"integrated_multimodal_description: 视觉风格：照片级真实、自然主义观察；柔和的阴天光线，平静等待的摄影机，无人物。场景：一个由木墙围成的小房间，位于雨水浸透的森林深处。一面墙几乎完全被一排大窗户占据；窗外，雨水持续穿过层叠的绿色枝叶落下，并在玻璃上流淌成条纹。时长：8 seconds。[Shot 1, 00:00.000–00:04.000] 从房间内部面向玻璃墙的平视全景。缓慢朝窗排推进；无切换。可见主体：木墙围成的小室内，铺有宽木板地板，低窗台，且无可见居住者。一排长方形窗户配有深色木制竖框；许多单独的窗格上覆盖着雨滴、细流和淡淡的雾气。窗外即是茂密的森林：被雨浸透的树枝、蕨类植物和树叶，呈现为柔和的绿色和灰色层次。可见雨水在窗外空气中落下，拍打在树叶、玻璃以及紧邻窗外的地面上。整个镜头中：柔和的窗光在空旷的地板上移动，一层细腻的湿气光晕沿着窗框闪烁。整个镜头中：透过整排窗户，斜雨倾泻在茂密的绿色森林上；枝条在雨滴下稳定地点头，薄雾在树干间飘移。从 00:01.200 到 00:04.000：玻璃上的积水汇成细流，急速流下窗格，超越较小的水滴。[Shot 2, 00:04.000–00:08.000] 中近景，略微向下倾斜，对准窗户的一部分和玻璃外浸透的树叶。固定角度，带有极轻微的横向漂移，跟随滴水的叶子和窗格上移动的水流。从 00:04.000 到 00:05.600：在玻璃外的一片叶子上，一滴肥大的水珠膨胀、摇晃、脱落并掉出画面；叶子轻轻向上弹回。从 00:05.600 到 00:07.300：弹起的叶子轻叩窗格一次，一条明亮的新水痕被抹过玻璃。从 00:07.100 到 00:08.000：新的水滴持续流过窗格，而后方模糊的森林逐渐隐入灰色的雨中。
overall_soundscape: [00:00.000–00:08.000] 持续的中重型雨声，敲打在树叶和窗玻璃上，伴有柔和的湿嘶声和不均匀的噼啪声。其声源是先前引入的对应主体，置于画面内。它与对应的可见动作同步。[00:05.300–00:05.700] 一声清亮的水滴轻响，释放的水滴落在窗框正下方。其声源是先前引入的对应主体，置于画面外。它与对应的可见动作同步。[00:05.700–00:06.100] 湿润的叶子击中窗格时发出轻微的敲击声。其声源是先前引入的对应主体，置于画面内。它与对应的可见动作同步。
spoken_dialogue: 无。
non_diegetic_music: 无。
hard_constraints: 保留源提示中明确陈述的每个主体、动作、属性、数量、关系、场景、摄影机指令和风格约束。",zh,vp-014,vidprom_50k,vidprom_50k-0e4d1437f74b7e51,1688a270d6797b86f2158c558152718120b071a31d3b67c97a21e83d8e191564
28,52014,"integrated_multimodal_description: Visual style: Stylized music-video realism with a choppy strobe aesthetic. The robot’s moves are quick, continuous, and acrobatic, with sharp specular highlights on polished metal against a dark, hazy stage. Setting: A dark studio stage centered on a glossy circular dancefloor. A bank of stroboscopic lights hangs low overhead in the haze, flashing white-blue bursts that silhouette and glint off the metal robot. Duration: 8 seconds. [Shot 1, 00:00.000–00:02.000] Wide low-angle shot centered on the circular dancefloor; the full robot and overhead strobe bank are clearly visible. Low tripod angle with a slow push-in as the robot drops into the first move. Visible subjects: A shiny metal robot with articulated arms, visible ball joints at the shoulders and elbows, polished metal body panels, and a rounded metallic head used as the headspin pivot. A row of white-blue stroboscopic stage lights mounted on a low overhead truss, angled down toward the circular dancefloor. Throughout the shot: The robot pushes off one articulated arm, swings both legs into a wide overhead arc, and rolls across its upper back as the strobe flashes break its motion into bright stills. Throughout the shot: The strobe bank fires fast irregular bursts, whitening the robot’s metal body and plunging the background into darkness between pulses. [Shot 2, 00:02.000–00:04.500] Low floor-level side profile showing the robot’s torso, shoulder contact with the floor, and sweeping legs. Steadicam slowly arcs partway around the windmill rotation to follow the body roll. Throughout the shot: The robot completes one windmill revolution: shoulders and upper back alternate on the floor, legs scissor widely through the air, and hands re-plant twice to keep momentum. Throughout the shot: Continuous strobe flicker turns the windmill into a series of freeze-frame poses, with metal glints tracing each limb position. [Shot 3, 00:04.500–00:08.000] Floor-level three-quarter side view that keeps the robot’s vertical head-balance and extended legs in frame during the headspin. Low camera arcs slowly around the spinning robot, then holds steady as it freezes. From 00:04.500 to 00:06.200: Finishing the windmill in a low crouch, the robot shifts weight onto its rounded head, kicks both legs overhead, and balances vertically with arms spread. Throughout the shot: The strobe bank flickers through the headspin and fires one strong final burst just as the robot comes to a stop. From 00:06.200 to 00:08.000: The robot revolves one and a half times in the headspin, legs held long and cutting through the strobe light, then brakes into a held freeze with arms wide.
overall_soundscape: [00:00.000–00:08.000] Stuttering electrical buzz and short snap bursts from the overhead strobe bank, louder at each group of flashes. Its source is the corresponding previously introduced subject, placed on screen. It is synchronized with the corresponding visible action. [00:00.200–00:04.500] Fast servo whines and hydraulic hisses accompany the arm plants, leg swings, and shoulder rolls, with a muffled clank as metal meets the dancefloor. Its source is the corresponding previously introduced subject, placed on screen. It is synchronized with the corresponding visible action. [00:04.500–00:07.950] Smooth gyroscopic whir and low metal scrape build as the robot spins on its head, ending with servo chirps as it brakes into the final freeze. Its source is the corresponding previously introduced subject, placed on screen. It is synchronized with the corresponding visible action.
spoken_dialogue: None.
non_diegetic_music: None.
hard_constraints: Preserve every subject, action, attribute, count, relationship, setting, camera instruction, and style constraint explicitly stated in the source prompt.",en,vp-015,vidprom_50k,vidprom_50k-568a13d2c08af583,5eb4213981c685d3a5c01aebbc9dd1f66985bdeebca4bc1bbf7cae40fbe33a43
29,52014,"integrated_multimodal_description: 视觉风格：风格化的音乐视频写实主义，带有断断续续的频闪美学。机器人的动作快速、连贯且具有杂技感；在黑暗、烟雾弥漫的舞台上，抛光金属上有锐利的镜面高光。场景：一个黑暗的摄影棚舞台，以一块光亮的圆形舞池为中心。一排频闪灯低低地悬在头顶的烟雾中，闪烁出白蓝色爆闪，勾勒出金属机器人的轮廓并使其闪光。时长：8 seconds。[Shot 1, 00:00.000–00:02.000] 低角度全景镜头以圆形舞池为中心；机器人的全身和头顶频闪灯组清晰可见。低三脚架机位随机器人进入第一个动作而缓慢推近。可见主体：一个闪亮的金属机器人，带有关节臂，肩部和肘部有可见的球形关节，抛光的金属机身面板，以及一颗用作头旋支点的圆润金属头部。一排白蓝色频闪舞台灯安装在低矮的头顶桁架上，向下倾斜朝向圆形舞池。整个镜头中：机器人用一条关节臂撑地，将双腿摆成一个宽大的过头弧线，并在频闪闪光将其动作切成明亮定格的同时滚过自己的上背部。整个镜头中：频闪灯组快速无规律地爆闪，使机器人的金属身体泛白，并在脉冲间隙把背景抛入黑暗。[Shot 2, 00:02.000–00:04.500] 贴近地面的低角度侧面轮廓，展示机器人的躯干、肩膀与地面的接触以及扫动的双腿。斯坦尼康在风车旋转中沿弧线缓慢移动一部分，以跟随身体的滚动。整个镜头中：机器人完成一圈风车旋转：肩膀和上背部交替触地，双腿在空中大幅交叉剪动，双手两次重新撑地以保持动量。整个镜头中：持续的频闪闪烁将风车变成一系列定格姿势，金属反光勾勒出每个肢体位置。[Shot 3, 00:04.500–00:08.000] 贴近地面的四分之三侧面视角，在头旋期间把机器人垂直的头部平衡和伸展的双腿保持在画面内。低机位摄影机缓慢地绕着旋转的机器人画弧，然后在它定格时保持稳定。从 00:04.500 至 00:06.200：以低蹲姿势结束风车后，机器人将重心移到圆润的头部，把双腿踢过头顶，并张开双臂垂直平衡。整个镜头中：频闪灯组在头旋期间闪烁，并在机器人恰好停下时发出一记强烈的最后爆闪。从 00:06.200 至 00:08.000：机器人在头旋中旋转一圈半，双腿保持伸展并切过频闪灯光，然后刹停为一个双臂张开的保持定格。
overall_soundscape: [00:00.000–00:08.000] 头顶频闪灯组发出断断续续的电流嗡鸣声和短促的爆裂声，在每组闪光时更响。其声源是先前引入的对应主体，位于画面中；它与相应的可见动作同步。[00:00.200–00:04.500] 快速的伺服马达啸叫声和液压嘶嘶声伴随着手臂撑地、腿部摆动和肩部滚动，金属接触舞池时发出一声沉闷的铿锵声。其声源是先前引入的对应主体，位于画面中；它与相应的可见动作同步。[00:04.500–00:07.950] 随着机器人用头部旋转，平滑的陀螺仪旋转嗡鸣声和低沉的金属刮擦声逐渐增强，以伺服马达的唧啾声结束，同时它刹停进入最终定格。其声源是先前引入的对应主体，位于画面中；它与相应的可见动作同步。
spoken_dialogue: 无。
non_diegetic_music: 无。
hard_constraints: 保留源提示中明确陈述的每个主体、动作、属性、数量、关系、场景、摄影机指令和风格约束。",zh,vp-015,vidprom_50k,vidprom_50k-568a13d2c08af583,0eb6c5d9b1bab85ebfaa1223aa87f4fcd180ef850e09b3869a35798855e03ab7
30,52015,"integrated_multimodal_description: Visual style: Quiet, glossy macro realism with soft daylight; bright white-and-gray kitchen palette, shallow depth of field, polished highlights on the eggshell and liquid yolk, and no visible human hands. Setting: A bright modern kitchen interior: pale stone countertop fills the lower foreground; behind it, blurred white cabinets, a sunlit window, and steel appliances establish the space. Duration: 8 seconds. [Shot 1, 00:00.000–00:08.000] Medium close-up of the egg on the counter with the bright blurred kitchen behind; the camera angle is slightly above the egg. Locked-off camera, no movement or zoom; the background remains clearly visible throughout. Visible subjects: A white egg with a smooth pale shell resting on the counter; during the scene the shell fractures and swings open into two broad pieces. A glossy round orange-yellow yolk inside the egg; after the shell opens it becomes a flowing liquid that pours out and spreads over the counter. From 00:00.000 to 00:01.800: Hairline cracks appear along the top of the shell and spread quickly outward like delicate branches. From 00:01.800 to 00:03.600: The upper shell separates into two broad hinged pieces that fold outward and settle on the counter, exposing a glossy round yolk sitting in the lower shell. From 00:03.600 to 00:05.800: The yolk changes from a round orb into a drooping teardrop, slips over the rim of the lower shell, and pours downward as a glossy continuous stream. From 00:05.800 to 00:08.000: The liquid yolk lands on the stone countertop and spreads into a wide glossy yellow-orange puddle with one thin curved rivulet running outward.
overall_soundscape: [00:00.000–00:08.000] Airy bright-kitchen room tone with a low refrigerator hum; no music or dialogue. Its source is the surrounding environment, placed off screen. [00:01.200–00:03.900] Tiny crisp crackling as the shell fractures, then a soft pop and a light rustling sweep as the two shell pieces fold open. Its source is the corresponding previously introduced subject, placed on screen. It is synchronized with the corresponding visible action. [00:03.600–00:07.700] Soft liquid squish and steady wet trickle while the yolk pours out, ending in a delicate splat as it spreads on the stone. Its source is the corresponding previously introduced subject, placed on screen. It is synchronized with the corresponding visible action.
spoken_dialogue: None.
non_diegetic_music: None.
hard_constraints: Preserve every subject, action, attribute, count, relationship, setting, camera instruction, and style constraint explicitly stated in the source prompt.",en,vp-016,vidprom_50k,vidprom_50k-30c388e48a60ba3d,887f3ebc5868d100ec9db415c063a40f9dec9a03d023a8dcee94f48eea44e1a6
31,52015,"integrated_multimodal_description:视觉风格：安静、有光泽的微距写实风格，带有柔和的日光；明亮的白灰配色厨房色调，浅景深，蛋壳和液态蛋黄上有抛光般的高光，并且没有可见的人手。场景：一个明亮的现代厨房内部：浅色石材台面填满前景下部；其后，模糊的白色橱柜、洒满阳光的窗户和不锈钢电器确立了空间。时长：8 seconds。[Shot 1, 00:00.000–00:08.000]对台面上的鸡蛋进行中近景拍摄，背后是明亮模糊的厨房；摄影机角度略高于鸡蛋。锁定机位，无移动或变焦；背景全程保持清晰可见。可见主体：一个带有光滑浅色蛋壳的白色鸡蛋静置在台面上；场景中，蛋壳碎裂并张开成两片宽大的碎片。蛋内有一个有光泽的圆形橙黄色蛋黄；蛋壳打开后，它变成流动的液体，倾泻而出并铺展在台面上。从00:00.000到00:01.800：发丝般的裂纹沿蛋壳顶部出现，并像纤细的枝杈一样迅速向外扩散。从00:01.800到00:03.600：上部蛋壳分离成两片宽大的铰接状碎片，向外折转并落在台面上，露出坐在下部蛋壳内的一个有光泽的圆形蛋黄。从00:03.600到00:05.800：蛋黄从圆形球体变成下垂的泪滴形，滑过下部蛋壳的边缘，并以有光泽的连续液流向下倾泻。从00:05.800到00:08.000：液态蛋黄落在石材台面上，铺展成一大片有光泽的黄橙色水洼，并有一条细而弯曲的涓流向外流去。
overall_soundscape:[00:00.000–00:08.000]明亮厨房的通透环境底噪，带有低沉的冰箱嗡鸣声；没有音乐或对话。其声源来自周围环境，置于画外。[00:01.200–00:03.900]蛋壳碎裂时细小清脆的噼啪声，接着是轻柔的砰声和两片蛋壳折开时轻微的窸窣扫动声。其声源是先前介绍的相应主体，置于画面内。它与对应的可见动作同步。[00:03.600–00:07.700]蛋黄倾泻时柔软的液体挤压声和稳定的湿润滴流声，最后在石材上铺展时发出细微的啪嗒声。其声源是先前介绍的相应主体，置于画面内。它与对应的可见动作同步。
spoken_dialogue:无。
non_diegetic_music:无。
hard_constraints:保留源提示中明确陈述的每一个主体、动作、属性、数量、关系、场景、摄影机指令和风格约束。",zh,vp-016,vidprom_50k,vidprom_50k-30c388e48a60ba3d,9f696c6ff33f53ffb2abcd46c71560ce481d100a37a55e558a08e0da74edbf71
32,52016,"integrated_multimodal_description: Visual style: Naturalistic winter wildlife footage with a subtle fantasy tint: the fire fox's warm ember-orange fur contrasts sharply with blue-white snow, sparkling powder, and soft grey daylight; gentle snowfall and visible breath vapor add texture; camera movement is smooth and grounded. Setting: A broad open clearing in deep winter snow at the edge of a pine forest. Low drifts and a half-buried fallen log sit near the treeline; thin overcast sky, cold air, and light falling snow fill the space. Duration: 8 seconds. [Shot 1, 00:00.000–00:04.000] Wide lateral tracking shot, full body of the fox visible against the open snowfield. Camera moves smoothly alongside the running fox, keeping a steady side-on distance and framing the fox in the lower half of the frame with snow and pine edge behind. Visible subjects: A fire fox: a single fox-like animal with brilliant ember-orange fur, a thick winter coat, alert ears, and a long bushy tail that streams behind it while running. Throughout the shot: The fire fox gallops through deep powder, each stride throwing up sparkling snow around its paws. Its head stays low, ears are slightly flattened, fur ripples along its shoulders, and its tail streams behind like a warm orange brush against the cold landscape. [Shot 2, 00:04.000–00:08.000] Low-angle three-quarter view from near the treeline, smaller snowdrifts and a snow-covered log in the foreground. Low static camera placed beside the snow-covered fallen log; the fox approaches diagonally, leaps over the log, lands, and continues into the pine shadows before exiting frame. Throughout the shot: The fire fox approaches the snow-covered fallen log, plants its front paws, leaps cleanly over the log with legs tucked, and lands in a muffled burst of powder. It then keeps running toward the dark pine treeline, breath pluming from its muzzle.
overall_soundscape: [00:00.000–00:08.000] Thin, steady winter wind over open snow, soft hiss of falling snow, and faint creaks from distant pine branches. Its source is the surrounding environment, placed off screen. [00:00.000–00:08.000] Rhythmic muffled crunching as the fox's paws break through powder; the crunch briefly pauses during the leap, then lands with a heavier impact. Its source is the corresponding previously introduced subject, placed on screen. It is synchronized with the corresponding visible action. [00:01.000–00:08.000] Quick, open-mouthed panting and short puffs of breath, slightly sharper during the leap and landing. Its source is the corresponding previously introduced subject, placed on screen. It is synchronized with the corresponding visible action.
spoken_dialogue: None.
non_diegetic_music: None.
hard_constraints: Preserve every subject, action, attribute, count, relationship, setting, camera instruction, and style constraint explicitly stated in the source prompt.",en,vp-017,vidprom_50k,vidprom_50k-df669cb2bff174a0,98dd5d0fc01440e2ef83233f18871b5c87c3fdb9a066bf303534a4355a14a8d2
33,52016,"integrated_multimodal_description: 视觉风格：自然主义冬季野生动物画面，带有一丝微妙的奇幻色调：火狐温暖的余烬橙色皮毛与蓝白色的雪、闪烁的雪粉和柔和的灰色日光形成鲜明对比；轻柔的降雪和可见的呼吸水汽增添了质感；镜头运动平滑而沉稳。场景：松林边缘的深冬积雪中有一片宽阔的开阔空地。低矮的雪堆和一根半掩的倒木位于林线附近；薄薄的阴云天空、寒冷的空气和轻轻飘落的雪充满整个空间。时长：8 seconds。[Shot 1, 00:00.000–00:04.000] 全景横向跟拍镜头，火狐的全身在开阔雪原的映衬下可见。镜头沿着奔跑的火狐平稳移动，保持稳定的侧向距离，并将火狐置于画面下半部分，背景是积雪和松林边缘。可见主体：一只火狐，一种类似狐狸的动物，长着明亮的余烬橙色皮毛、厚实的冬季被毛、警觉的耳朵和一条奔跑时拖在身后的长而蓬松的尾巴。整个镜头中：火狐在深厚的雪粉中飞奔，每一步都在爪子周围扬起闪亮的雪粉。它的头保持低垂，耳朵微微向后伏低，肩部的皮毛随之起伏，尾巴如一支温暖的橙色刷子在身后拖曳，映衬着寒冷景色。[Shot 2, 00:04.000–00:08.000] 从林缘附近拍摄的低角度四分之三视角，前景中是较小的雪堆和一根覆雪倒木。低机位固定摄像机放置在覆雪倒木旁；火狐斜向接近，跃过倒木，落地，然后继续跑进松树阴影中，随后出画。整个镜头中：火狐接近覆雪倒木，前爪按定，收起腿干净地跃过倒木，并在闷响的雪粉迸溅中落地。随后它继续朝幽暗的松树林线跑去，口鼻处喷出缕缕气息。
overall_soundscape: [00:00.000–00:08.000] 开阔雪原上细弱而平稳的冬风、飘雪轻柔的嘶嘶声，以及远处松枝微弱的吱嘎声。其声源为周围环境，位于画外。[00:00.000–00:08.000] 火狐的爪子破开雪粉时发出有节奏的、沉闷的嘎吱声；嘎吱声在跳跃期间短暂停顿，然后在落地时以更重的冲击声再次响起。其声源为先前介绍的相应主体，位于画面内。它与相应的可见动作同步。[00:01.000–00:08.000] 快速的张口喘息和短促的呼气声，在跳跃和落地时略微更尖锐。其声源为先前介绍的相应主体，位于画面内。它与相应的可见动作同步。
spoken_dialogue: 无。
non_diegetic_music: 无。
hard_constraints: 保留源提示中明确陈述的每个主体、动作、属性、数量、关系、场景、镜头指令和风格约束。",zh,vp-017,vidprom_50k,vidprom_50k-df669cb2bff174a0,05fe488b9066043edae3e28ef026ab1288371253c68a3f57ef7cffe4c71ec2cb
34,52017,"integrated_multimodal_description: Visual style: Anime: high-contrast cel shading, deep indigo and charcoal palette, luminous neon bloom, long dramatic shadows. Setting: Inside a huge, dark industrial building, a wide corridor lined with massive concrete pillars and shadowed pipes stretches into blackness. At the far wall, a large exit doorway blazes with bright cyan-and-magenta neon light. Duration: 8 seconds. [Shot 1, 00:00.000–00:08.000] Wide shot from slightly behind the man; massive dark columns frame the edges, and the glowing exit is visible far down the central corridor. Slow push-in behind the walking man, keeping him in frame while the exit gradually grows larger ahead of him. Visible subjects: Man in dark clothes, seen mostly as a silhouette wearing a dark hooded coat, dark trousers, and dark shoes. Cavernous dark industrial interior with tall concrete pillars, shadowed pipes, dusty haze, and a glossy reflective floor. Large exit doorway at the far end of the building, outlined by bright anime-style neon strips in cyan and magenta. From 00:00.000 to 00:04.000: The man in dark clothes walks steadily through a pool of deep shadow between two massive concrete pillars. His dark coat blends into the gloom as the distant exit glows like a small but brilliant cyan-and-magenta rectangle at the corridor's far end. From 00:04.000 to 00:08.000: Without breaking stride, the man crosses into the widening spread of neon light. Cyan-and-magenta glow rims his shoulders and one side of his silhouette, while his elongated shadow trails behind him across the glossy, reflective floor.
overall_soundscape: [00:00.000–00:08.000] Low electrical hum and distant metallic resonance from the vast empty building, with a faint echoing drip. Its source is the corresponding previously introduced subject, placed on screen. It is synchronized with the corresponding visible action. [00:00.000–00:08.000] Rhythmic muffled footsteps on cracked concrete, each step sending a soft echo down the hallway. Its source is the corresponding previously introduced subject, placed on screen. It is synchronized with the corresponding visible action.
spoken_dialogue: None.
non_diegetic_music: None.
hard_constraints: Preserve every subject, action, attribute, count, relationship, setting, camera instruction, and style constraint explicitly stated in the source prompt.",en,vp-018,vidprom_50k,vidprom_50k-1b83c34fdc7bbc36,dba0b4ce48f8603fa54a8ca619fd1643436188957b00ea7562080ab8423904cb
35,52017,"integrated_multimodal_description: 视觉风格：动漫风格：高对比度赛璐璐着色，深靛蓝与炭黑色调，明亮的霓虹光晕，长长的戏剧性阴影。场景：在一座巨大而昏暗的工业建筑内部，一条宽阔的走廊两侧排列着巨大的混凝土立柱和布满阴影的管道，一直延伸到黑暗之中。在远处的墙壁上，一扇大型出口门闪耀着明亮的青色和品红色霓虹光。时长：8 seconds。[Shot 1, 00:00.000–00:08.000] 从男人身后稍靠后的位置拍摄的全景镜头；巨大的深色立柱框住画面边缘，发光的出口在中央走廊深处清晰可见。镜头在行走的男人身后缓慢推进，使他保持在画面内，出口在他前方逐渐变大。可见主体：一个身穿深色衣服的男人，主要以剪影形式呈现，身着深色连帽外套、深色裤子和深色鞋子。洞穴般昏暗的工业内部空间，有高耸的混凝土立柱、布满阴影的管道、灰尘弥漫的薄雾和光亮反光的地板。建筑远端的大型出口门，由明亮的动漫风格青色和品红色霓虹灯带勾勒轮廓。从 00:00.000 到 00:04.000：身穿深色衣服的男人稳步穿过两根巨大混凝土立柱之间的一片深重阴影。他的深色外套融入昏暗之中，同时远处的出口在走廊尽头像一个小而明亮的青色和品红色矩形一样发光。从 00:04.000 到 00:08.000：男人没有停下脚步，走入逐渐扩大的霓虹光区域。青色和品红色的光晕勾勒出他肩膀和剪影一侧的边缘，而他拉长的影子拖在身后，掠过光亮反光的地板。
overall_soundscape: [00:00.000–00:08.000] 来自空旷巨大建筑的低沉电气嗡鸣声和远处金属共鸣声，伴随着微弱的回响滴水声。其声源是先前引入的对应主体，置于画面中；它与相应的可见动作同步。[00:00.000–00:08.000] 有节奏的沉闷脚步声踩在开裂的混凝土上，每一步都沿着走廊发出轻柔的回声。其声源是先前引入的对应主体，置于画面中；它与相应的可见动作同步。
spoken_dialogue: 无。
non_diegetic_music: 无。
hard_constraints: 保留源提示中明确陈述的每个主体、动作、属性、数量、关系、场景、摄影机指令和风格约束。",zh,vp-018,vidprom_50k,vidprom_50k-1b83c34fdc7bbc36,b1c509322f31a1bc65225e0c296fe8e69dba8e364db5066e2d5854a5cac84b46
36,52018,"integrated_multimodal_description: Visual style: Realistic nocturnal exterior with cool blue moonlight, faint porch light, and warm amber interior light; slow, deliberate observational pacing; film-like muted colors. Setting: Front yard and covered porch of a two-story house at night. A tall black front door is set into the porch with a frosted sidelight beside it. Duration: 8 seconds. [Shot 1, 00:00.000–00:03.000] Medium-wide nighttime view from the walkway in front of the house, centered on the porch, front door, and frosted sidelight. Gentle slow push-in toward the doorway. Visible subjects: Unnamed silhouette of a person who is inside the house and opens the door; never fully illuminated or identified. Two-story house with dark clapboard siding, a covered front porch, and a dimly lit entry hall visible once the door opens. Heavy black-painted wooden front door with brass hardware, an old latch, and creaking hinges; it opens inward slowly. From 00:00.000 to 00:01.800: A dark human silhouette glides behind the frosted sidelight, pauses just beside the front door, then moves out of view. From 00:01.500 to 00:03.000: The brass latch turns and the front door begins to pull inward slowly; a hairline crack forms along the frame and a thin strip of warm light reaches across the porch. [Shot 2, 00:03.000–00:08.000] Medium close-up from porch level directly facing the front door as it swings open. Static once the cut lands, holding the doorway and widening interior gap in frame. From 00:03.000 to 00:07.400: The heavy door keeps swinging inward at a slow, steady pace, widening the dark opening and letting warm amber hallway light spill across the porch floor. From 00:07.400 to 00:08.000: The door meets the interior stop with a small shudder and rests fully open; a backlit human silhouette is visible inside the warm, dim hallway.
overall_soundscape: [00:00.000–00:08.000] Distant crickets and a low breeze through the yard. Its source is the surrounding environment, placed off screen. [00:01.500–00:02.100] A sharp metallic click and soft latch release as the knob turns. Its source is the corresponding previously introduced subject, placed on screen. It is synchronized with the corresponding visible action. [00:02.800–00:07.800] Slow creaking groan of heavy hinges with occasional wood pops while the door swings open. Its source is the corresponding previously introduced subject, placed on screen. It is synchronized with the corresponding visible action. [00:07.350–00:07.650] A soft wood thump as the door meets the interior stop. Its source is the corresponding previously introduced subject, placed on screen. It is synchronized with the corresponding visible action.
spoken_dialogue: None.
non_diegetic_music: None.
hard_constraints: Preserve every subject, action, attribute, count, relationship, setting, camera instruction, and style constraint explicitly stated in the source prompt.",en,vp-019,vidprom_50k,vidprom_50k-52d11c9639be2918,058a89dcdd2471ff0a97b1920f09adbe52df8c1a8ef56cad3867eba3821132df
37,52018,"integrated_multimodal_description:视觉风格：写实的夜间外景，带有冷蓝色月光、微弱的门廊灯光和温暖的琥珀色室内灯光；缓慢而审慎的观察节奏；电影般柔和的色调。场景：夜间一栋两层住宅的前院和有顶门廊。门廊处有一扇高大的黑色前门，旁边是一扇磨砂玻璃侧窗。时长：8 seconds。[Shot 1, 00:00.000–00:03.000]房屋前方走道上的中全景夜景，以门廊、前门和磨砂侧窗为中心。缓慢轻柔地向门口推近。可见主体：一个未指明身份的人形剪影，此人在屋内并打开门；从未被完全照亮或识别。两层住宅，深色护墙板外墙，有顶前门廊；门一打开，就能看到昏暗的入口门厅。沉重的黑色漆木前门，配有黄铜五金件、旧式门闩和吱嘎作响的铰链；它缓慢地向内打开。从00:00.000到00:01.800：一个黑色人形剪影从磨砂玻璃侧窗后滑过，在前门旁稍作停顿，然后移出视野。从00:01.500到00:03.000：黄铜门闩转动，前门开始缓缓向内拉开；门框边缘出现一道发丝般的缝隙，一道细长的暖光横洒在门廊上。[Shot 2, 00:03.000–00:08.000]中近景，从门廊高度正对正在向内打开的前门。切换落定后保持静止，将门洞和逐渐变宽的室内开口保持在画面中。从00:03.000到00:07.400：沉重的门以缓慢平稳的速度继续向内摆动，使黑暗的门洞变宽，让温暖的琥珀色门厅灯光洒在门廊地板上。从00:07.400到00:08.000：门碰到门内侧的止动块时轻微颤动一下，随即完全打开停住；温暖昏暗的门厅内可见一个背光的人形剪影。
overall_soundscape: [00:00.000–00:08.000] 远处的蟋蟀声和穿过院子的低缓风声。其声源是周围环境，位于画面外。[00:01.500–00:02.100] 旋钮转动时，响起一声尖锐的金属咔嗒声和门闩轻轻松开的声音。其声源是先前引入的相应主体，位于画面内。它与相应的可见动作同步。[00:02.800–00:07.800] 门打开时，沉重的铰链缓慢地发出吱嘎的呻吟声，偶尔伴有木头爆裂般的噼啪声。其声源是先前引入的相应主体，位于画面内。它与相应的可见动作同步。[00:07.350–00:07.650] 门碰到门内侧的止动块时，发出一声轻柔的木制闷响。其声源是先前引入的相应主体，位于画面内。它与相应的可见动作同步。
spoken_dialogue:无。
non_diegetic_music:无。
hard_constraints:保留源提示中明确陈述的每一个主体、动作、属性、数量、关系、场景、镜头指令和风格约束。",zh,vp-019,vidprom_50k,vidprom_50k-52d11c9639be2918,a258a43bf6e5090714dc4545dc97bb167ebab818ff39e512add00f969b3ca910
38,52019,"integrated_multimodal_description: Visual style: Photorealistic maritime action with cinematic storm lighting; slate-green sea and sky, soaked metallic surfaces, dense rain, white foam, and a dark red hull with stacked containers. Setting: Open ocean in an intense storm; huge breaking swells, flying spray, heavy rain, and a low dark overcast sky. Duration: 8 seconds. [Shot 1, 00:00.000–00:03.200] Extreme-wide low view from water level off the port bow; the ship towers at frame right while a steep wave crest enters from the left. Water-level stabilized gimbal, slow push-in with the bow's rise. Visible subjects: Large cargo container ship with a dark red hull, white bow and bridge, and stacked red, blue, and green containers on deck. The surrounding high storm swells and foam-streaked wave crests that strike the ship. Throughout the shot: The container ship labors up the face of a towering wave; its bow reaches the crest and bursts through, throwing a massive plume of white spray over the forecastle. [Shot 2, 00:03.200–00:06.100] Medium shot on the forecastle looking aft across the foredeck, with the lower visible tiers of red, blue, and green containers in the background. Handheld on the pitching deck, tilting down as water surges across the walkway. Throughout the shot: Green water cascades across the forecastle and around the windlass, surges between the forward container stacks, and drains off the deck in broad white sheets. [Shot 3, 00:06.100–00:08.000] Long side view of the entire ship angled into the next large swell ahead. Aerial drone rising and pulling back smoothly from the starboard side. Throughout the shot: The ship rolls back upright and drives into the next oncoming swell; foam streaks down the hull and spray whips off the stacked containers as the bow rears upward.
overall_soundscape: [00:00.000–00:08.000] Relentless gale roar, hissing rain, and low booming surf across the open ocean. Its source is the corresponding previously introduced subject, placed on screen. [00:00.000–00:08.000] Low steady drone of the marine diesel and hull vibration. Its source is the corresponding previously introduced subject, placed on screen. [00:00.400–00:02.600] Heavy explosive crash as the bow slams through the wave crest. Its source is the corresponding previously introduced subject, placed on screen. It is synchronized with the corresponding visible action. [00:01.500–00:05.000] Strained metallic groans and creaks as the hull works in the heavy swell. Its source is the corresponding previously introduced subject, placed on screen. It is synchronized with the corresponding visible action. [00:03.600–00:05.900] Thudding crash and gushing rush of water pouring across the foredeck. Its source is the corresponding previously introduced subject, placed on screen. It is synchronized with the corresponding visible action. [00:04.900–00:06.100] Prolonged low thunderclap rolling across the sky. Its source is the surrounding environment, placed off screen. It is synchronized with the corresponding visible action.
spoken_dialogue: None.
non_diegetic_music: None.
hard_constraints: Preserve every subject, action, attribute, count, relationship, setting, camera instruction, and style constraint explicitly stated in the source prompt.",en,vp-020,vidprom_50k,vidprom_50k-9c4ea7567ebc0bc4,3f842cd6873afdae44e9ef5029c6ff55dc84bf8c8fd242de547ad467570bdc40
39,52019,"integrated_multimodal_description: 视觉风格：照片级真实的航海动作场面，采用电影化风暴照明；灰绿色的海与天空、浸透的金属表面、密集的雨、白色泡沫，以及带有堆叠集装箱的深红色船体。场景：猛烈风暴中的开阔大洋；巨大的破碎涌浪、飞溅的浪花、大雨和低垂昏暗的阴天。时长：8 seconds。[Shot 1, 00:00.000–00:03.200] 从左舷船首外的水面高度拍摄的超广角低角度视角；船在画面右侧高耸，一道陡峭的波峰从左侧进入。水面高度稳定云台，随船首升起缓慢推进。可见主体：一艘大型集装箱货船，深红色船体，白色船首与舰桥，甲板上堆放着红色、蓝色和绿色集装箱。周围高大的风暴涌浪以及带有泡沫条纹并拍击船只的浪峰。整个镜头中：这艘集装箱货船费力地爬上高耸巨浪的浪面；船首到达波峰并冲破浪头，将一大团白色水花抛过船首楼。[Shot 2, 00:03.200–00:06.100] 在船首楼上的中景镜头，越过前甲板向船尾方向看去，背景中可见较低的红色、蓝色和绿色集装箱层。在纵摇的甲板上手持拍摄，当水涌过通道时向下倾斜。整个镜头中：绿色的海水倾泻过船首楼并绕过锚机，在前部集装箱堆之间涌动，并以大片白色水帘从甲板上排走。[Shot 3, 00:06.100–00:08.000] 整艘船的远景侧面视角，船身斜向迎向前方下一道大涌浪。无人机从右舷侧平稳升起并向后退拉。整个镜头中：船回正并冲入迎面而来的下一道涌浪；泡沫成条状沿船体流下，当船首向上仰起时，浪花从堆叠的集装箱上被风抽走。
overall_soundscape: [00:00.000–00:08.000] 不停歇的狂风咆哮声、嘶嘶的雨声，以及开阔洋面上低沉的轰鸣浪涌声。其声源是先前引入的对应主体，置于画面中。 [00:00.000–00:08.000] 船用柴油机低沉稳定的嗡嗡声与船体振动声。其声源是先前引入的对应主体，置于画面中。 [00:00.400–00:02.600] 船首撞穿波峰时发出的沉重爆炸性撞击声。其声源是先前引入的对应主体，置于画面中。它与对应的可见动作同步。 [00:01.500–00:05.000] 船体在汹涌巨浪中受力时发出的紧绷金属呻吟声和咯吱声。其声源是先前引入的对应主体，置于画面中。它与对应的可见动作同步。 [00:03.600–00:05.900] 水倾泻过前甲板时发出的沉闷撞击声和奔涌急流声。其声源是先前引入的对应主体，置于画面中。它与对应的可见动作同步。 [00:04.900–00:06.100] 持续低沉的雷声滚过天空。其声源是周围环境，置于画面外。它与对应的可见动作同步。
spoken_dialogue: 无。
non_diegetic_music: 无。
hard_constraints: 保留源提示中明确陈述的每个主体、动作、属性、数量、关系、场景、摄影机指示和风格约束。",zh,vp-020,vidprom_50k,vidprom_50k-9c4ea7567ebc0bc4,5b9ecb2164f2adb353d28cce6024525283ed68b233efb679d991d9838359d2a7
40,52020,"integrated_multimodal_description: Visual style: Photorealistic volcanic-cave fantasy, with molten orange lava, cool blue-white waterfall spray, wet basalt and iron textures, hot backlight, steam and floating embers, staged as one continuous wide tableau. Setting: A vast cave chamber. A bright sheet of lava still falls from high in the rock and continues down across a wide rock face. At the center of that face, a gate opens through the lava into a second chamber, where a waterfall descends the far cave wall. Duration: 8 seconds. [Shot 1, 00:00.000–00:08.000] Wide, centered composition from a low stable vantage point, keeping the falling lava, the gate, and the distant waterfall chamber in one continuous view. Static camera; no zoom or cut, letting the gate movement and waterfall reveal read naturally. Visible subjects: Continuous cascade of molten lava pouring down the cave rock from a high opening in the ceiling, glowing orange and throwing off fire droplets. Massive basalt-and-iron gate set into the rock face beneath the lava stream; its doors slide horizontally apart and glow where lava spills over them. Waterfall on the far side of the cave, revealed through the open gate, dropping down the rear rock wall into misty blue-white spray. Throughout the shot: Lava still falls unbroken over the rock face, stretching into fiery ribbons and striking the base with liquid splashes and rising clouds of steam. From 00:01.500 to 00:04.000: The gate opens through the lava: two basalt-and-iron doors slide horizontally apart in a stone channel, scraping through streams of glowing molten rock and throwing bright sparks while lava continues to fall above and beside the widening gap. From 00:03.600 to 00:08.000: Through the opening gate, the waterfall on the far side of the cave becomes visible, silver-blue water plunging down the rear rock wall and veiling the cavern floor in drifting mist.
overall_soundscape: [00:00.000–00:08.000] Low, continuous roar of falling lava, with crackling hiss, bubbling splashes, and muffled impacts at the base. Its source is the corresponding previously introduced subject, placed on screen. It is synchronized with the corresponding visible action. [00:01.500–00:04.000] Deep scraping and groaning of basalt and iron doors sliding against rock, mixed with sharp wet hissing as lava touches the moving gate. Its source is the corresponding previously introduced subject, placed on screen. It is synchronized with the corresponding visible action. [00:03.600–00:08.000] Steady rushing waterfall roar that grows clearer and fuller as the gate reveals the far cave chamber. Its source is the corresponding previously introduced subject, placed on screen. It is synchronized with the corresponding visible action.
spoken_dialogue: None.
non_diegetic_music: None.
hard_constraints: Preserve every subject, action, attribute, count, relationship, setting, camera instruction, and style constraint explicitly stated in the source prompt.",en,vp-021,vidprom_50k,vidprom_50k-079a1ea2f3ab7492,179a70395b3b2f24091685727499c335e15d6ffff50c5c3a2455713dcfe57095
41,52020,"integrated_multimodal_description:视觉风格：照片级真实的火山洞穴奇幻，具有熔融橙色熔岩、清凉蓝白色瀑布水雾、润湿的玄武岩和铁质纹理、炽热逆光、蒸汽和飘浮的余烬，以单一连续的宽幅画面呈现。场景：一个广阔的洞穴厅室。一片明亮的熔岩仍从岩石高处落下，并继续沿宽阔岩面向下流淌。在该岩面中央，一座大门穿过熔岩开启，通向第二间厅室，那里有一道瀑布沿洞穴远侧洞壁流下。时长：8 seconds。[Shot 1, 00:00.000–00:08.000]宽广、居中的构图，从低处稳定视点拍摄，将下落的熔岩、大门和远处的瀑布厅室保持在单一连续视野中。摄影机静止；无变焦或剪辑，让大门的动作和瀑布的显露自然呈现。可见主体：连续的熔融熔岩瀑布从洞顶高处的一个开口沿洞穴岩石倾泻而下，发出橙光并抛洒出火滴。一座巨大的玄武岩和铁制大门嵌入熔岩流下方的岩面；其门扇水平滑动分开，并在熔岩溢过之处发光。洞穴远侧的瀑布透过敞开的大门可见，沿后部岩壁坠落成朦胧的蓝白色水雾。整个镜头中：熔岩仍不间断地流过岩面，延伸成炽热的条带，撞击底部时产生液态飞溅和升腾的蒸汽云。从00:01.500到00:04.000：大门穿过熔岩开启：两扇玄武岩和铁制门扇在石槽中水平分开滑动，刮过炽热的熔融岩石流并抛出明亮的火花，同时熔岩继续在扩大的间隙上方和两侧落下。从00:03.600到00:08.000：透过正在打开的大门，洞穴远侧的瀑布变得可见，银蓝色的水流沿后部岩壁直泻而下，将洞底笼罩在飘移的雾气中。
overall_soundscape:[00:00.000–00:08.000]低沉连续的熔岩倾泻轰鸣，夹杂着噼啪作响的嘶嘶声、冒泡的飞溅声和底部低沉的撞击声。其声源是先前相应引入并置于画面中的主体，并与相应的可见动作同步。[00:01.500–00:04.000]玄武岩和铁门扇沿岩石滑动所发出的深沉刮擦声与嘎吱声，混有熔岩接触移动大门时尖锐而湿润的嘶嘶声。其声源是先前相应引入并置于画面中的主体，并与相应的可见动作同步。[00:03.600–00:08.000]稳定的奔流瀑布轰鸣声，随着大门显现出远处的洞穴厅室而变得更清晰、更饱满。其声源是先前相应引入并置于画面中的主体，并与相应的可见动作同步。
spoken_dialogue:无。
non_diegetic_music:无。
hard_constraints:保留源提示中明确陈述的每个主体、动作、属性、数量、关系、场景、摄影机指令和风格约束。",zh,vp-021,vidprom_50k,vidprom_50k-079a1ea2f3ab7492,8c49f56dc9b5bb3ab499621b0e0fc75d9ed2c67f41143f05e06091080c60b89f
42,52021,"integrated_multimodal_description: Visual style: Cinematic fantasy realism; the change is shown as a physical, anatomical event with dark leathery wings, scales, tail, and a horned skull, backlit by warm dusk light. Setting: A grassy clifftop above a wide green valley, with wind moving through the grass and layered orange, amber, and violet clouds filling the sky. Duration: 8 seconds. [Shot 1, 00:00.000–00:04.400] Medium, low-angle shot; the figure stays centered as the body grows and the emerging dragon fills the frame. Slow handheld dolly-in with a slight upward tilt that follows the rising spine and expanding wings. Visible subjects: A lone person in a hooded grey coat who first stands at the cliff edge and then becomes the same fully scaled, leather-winged dragon during the scene. From 00:00.000 to 00:01.000: The hooded figure pushes back the hood, raises both arms, and clenches fists; the coat's shoulders visibly ripple as the spine straightens. From 00:01.000 to 00:02.200: The torso stretches upward, the coat tears down the back, and two dark leathery wings unfold with visible joints while the arms flex into clawed wing-limbs. From 00:02.200 to 00:03.400: The legs thicken into scaled hind legs, a long tail whips out behind, and the human face reshapes into a horned dragon snout while scales sweep across the neck and shoulders. From 00:03.400 to 00:04.400: The fully formed dragon crouches on the grassy lip, flares its wings, springs upward, and begins a downward wingbeat as it clears the cliff. [Shot 2, 00:04.400–00:08.000] Wide aerial follow shot; the dragon becomes smaller against the open sky and valley. Drone-style pull-back with upward tilt, tracking the dragon's flight path until it disappears. From 00:04.400 to 00:06.000: The dragon climbs away above the valley, pumping its wings in full strokes while its silhouette shrinks against the dusk sky. From 00:06.000 to 00:08.000: The dragon enters a golden cloud layer and becomes a tiny dark shape; it crosses beyond the cloud edge and out of frame, leaving the sky and valley behind.
overall_soundscape: [00:00.000–00:08.000] Steady gusting wind over the grass and cliff edge, with a light low hiss where air moves across the drop. Its source is the surrounding environment, placed off screen. [00:01.000–00:03.300] Deep cracking and grinding sounds as bone and muscle shift, mixed with ripping cloth and a low resonant rumble as scales and wings form. Its source is the corresponding previously introduced subject, placed on screen. It is synchronized with the corresponding visible action. [00:03.400–00:03.750] A sharp leathery snap and a whoosh as the dragon's wings flare open. Its source is the corresponding previously introduced subject, placed on screen. It is synchronized with the corresponding visible action. [00:03.750–00:04.150] A single resonant dragon roar, low and throaty, that cuts off as the climb begins. Its source is the corresponding previously introduced subject, placed on screen. It is synchronized with the corresponding visible action. [00:04.150–00:07.800] Repeated heavy wingbeats and rushing air, becoming quieter and more distant as the dragon flies away. Its source is the corresponding previously introduced subject, placed on screen. It is synchronized with the corresponding visible action.
spoken_dialogue: None.
non_diegetic_music: None.
hard_constraints: Preserve every subject, action, attribute, count, relationship, setting, camera instruction, and style constraint explicitly stated in the source prompt.",en,vp-022,vidprom_50k,vidprom_50k-ddfc4cbacc62c49b,2a71013985a89959cd542f04fdb2e1280c9816fb8fd33970d8d6cf462a5f0237
43,52021,"integrated_multimodal_description: 视觉风格：电影化的奇幻写实风格；这种变化被表现为一场身体上的解剖学层面的事件，带有深色皮革质翅膀、鳞片、尾巴和长角的头骨，并以温暖的黄昏光形成逆光。场景：一处开阔的绿色山谷上方长满青草的悬崖顶部，风吹过草丛，层叠的橙色、琥珀色和紫色云霞布满天空。时长：8 seconds。[Shot 1, 00:00.000–00:04.400] 中景、低角度镜头；当身体生长、正在成形的龙充满画面时，人物保持居中。缓慢的手持式推近镜头，带轻微上仰，跟随挺起的脊柱和展开的双翼。可见主体：一个孤身者，身穿灰色带兜帽外套，先站在悬崖边缘，随后在场景中变成同一只全身覆鳞、长着皮革翼的龙。从 00:00.000 到 00:01.000：兜帽人向后掀开兜帽，举起双臂并握紧双拳；随着脊柱挺直，外套的肩部明显起伏。从 00:01.000 到 00:02.200：躯干向上伸展，外套沿背部撕裂，两只深色皮革质翅膀展开，关节清晰可见，同时手臂屈曲成带爪的翼肢。从 00:02.200 到 00:03.400：双腿变粗成覆鳞的后腿；一条长尾在身后猛地甩出；人的面部重塑为带角的龙吻部，鳞片蔓延过颈部和肩部。从 00:03.400 到 00:04.400：完全成形的龙蹲伏在长满草的崖边，猛地展开双翼，向上跃起，并在离开悬崖时开始向下扇翅。[Shot 2, 00:04.400–00:08.000] 宽阔的空中跟拍镜头；龙在开阔的天空和山谷的映衬下变小。无人机式后退拉远并向上倾斜，追随龙的飞行轨迹直到它消失。从 00:04.400 到 00:06.000：龙在山谷上方爬升远去，以完整幅度扇动翅膀，其剪影在黄昏天空下缩小。从 00:06.000 到 00:08.000：龙飞入金色云层，变成一个细小的深色身影；它越过云层边缘，飞出画面，将天空和山谷留在身后。
overall_soundscape: [00:00.000–00:08.000] 稳定的阵风吹过草丛和悬崖边缘，空气越过落差时带有轻微的低沉嘶声。其声源是周围环境，位于画面外。[00:01.000–00:03.300] 骨骼和肌肉移动时发出深沉的爆裂声与碾磨声，混有布料撕裂声，以及鳞片和翅膀形成时低沉共鸣的隆隆声。其声源是先前引入的相应主体，位于画面内。它与相应的可见动作同步。[00:03.400–00:03.750] 龙的翅膀猛然张开时，发出清脆的皮革质爆响和一声呼啸。其声源是先前引入的相应主体，位于画面内。它与相应的可见动作同步。[00:03.750–00:04.150] 一声低沉、带喉音的共鸣龙吼，在开始爬升时戛然而止。其声源是先前引入的相应主体，位于画面内。它与相应的可见动作同步。[00:04.150–00:07.800] 反复的沉重振翅声和急速气流声，随着龙飞远而变得更轻、更远。其声源是先前引入的相应主体，位于画面内。它与相应的可见动作同步。
spoken_dialogue: 无。
non_diegetic_music: 无。
hard_constraints: 保留源提示中明确陈述的每一个主体、动作、属性、数量、关系、场景、镜头指令和风格约束。",zh,vp-022,vidprom_50k,vidprom_50k-ddfc4cbacc62c49b,c495e6414bd7c64cb7f27a0287d25afd99856761f084ccd0ec2ed6ebfe3c586c
44,52022,"integrated_multimodal_description: Visual style: Serene naturalistic ocean footage, clear turquoise water and warm sunlight, gentle continuous motion. Setting: Tropical ocean surface above a bright coral reef on a calm midday. Duration: 8 seconds. [Shot 1, 00:00.000–00:02.600] Wide shot of open turquoise ocean against a pale sky. Held near the surface with a small rising-and-falling motion; the horizon stays centered. Visible subjects: Tropical seawater: glassy bright turquoise surface and clear sunlit shallows over a reef. Throughout the shot: A broad, glassy swell crosses the frame without breaking, followed by a smaller ripple; sunlight glitters across the smooth crest. [Shot 2, 00:02.600–00:05.600] Medium-wide underwater view angled slightly downward toward the reef. Camera slowly descends through a warm sun shaft, then settles just above the coral heads. Visible subjects: Low reef encircled by orange branching coral, violet coral heads, and a green anemone. Compact school of tiny neon-blue fish with translucent fins. Orange-and-white clownfish pair moving around the green anemone. Throughout the shot: The coral reef fills the lower frame; the neon-blue school drifts in one fluid swirl above it while the clownfish hover and dart around the green anemone. [Shot 3, 00:05.600–00:08.000] Side-profile medium shot tracking beside the sea turtle. Camera drifts forward and slightly left with the turtle, keeping the reef in the soft background. Visible subjects: Adult green sea turtle with an olive-and-gold patterned shell. Throughout the shot: The green sea turtle glides from right to left with slow flipper strokes; the neon-blue school parts in a flowing vortex around its shell and trails compactly behind it.
overall_soundscape: [00:00.000–00:02.600] Soft rhythmic swash of the incoming swell and its trailing ripple, with no breaking foam. Its source is the corresponding previously introduced subject, placed on screen. It is synchronized with the corresponding visible action. [00:02.600–00:08.000] Muffled but calm underwater water-mass hum with faint distant current. Its source is the corresponding previously introduced subject, placed on screen. It is synchronized with the corresponding visible action. [00:05.800–00:07.700] Very soft, low-frequency displacement of water from the turtle's slow flipper strokes. Its source is the corresponding previously introduced subject, placed on screen. It is synchronized with the corresponding visible action.
spoken_dialogue: None.
non_diegetic_music: None.
hard_constraints: Preserve every subject, action, attribute, count, relationship, setting, camera instruction, and style constraint explicitly stated in the source prompt.",en,vp-023,vidprom_50k,vidprom_50k-b20d6c50e66b2f5f,f67140d4388bf24891f54c4ce0fbb700fd8faef833163eca54d665e46a6faf3d
45,52022,"integrated_multimodal_description: 视觉风格：宁静自然的海洋影像，清澈的绿松石色海水和温暖的阳光，轻柔连续的运动。场景：平静正午，明亮珊瑚礁上方的热带海面。时长：8 seconds。[Shot 1, 00:00.000–00:02.600] 以浅色天空为背景的开阔绿松石色海洋的广角镜头。镜头保持在海面附近，带有微小上下起伏；水平线保持居中。可见主体：热带海水：玻璃般明亮的绿松石色表面，以及珊瑚礁上方清澈、阳光照射的浅水区。整个镜头中：一道宽阔、玻璃般的涌浪未破碎地横穿画面，后随一道较小的涟漪；阳光在光滑的波峰上闪烁。[Shot 2, 00:02.600–00:05.600] 中远景水下视角，略微向下朝向珊瑚礁。镜头缓慢穿过一道温暖的太阳光束下降，然后在珊瑚头上方停稳。可见主体：低矮的珊瑚礁，被橙色分枝珊瑚、紫色珊瑚头和绿色海葵环绕。紧凑的微小霓虹蓝色鱼群，带有半透明鳍。一对橙白相间的小丑鱼在绿色海葵周围游动。整个镜头中：珊瑚礁填满画面下部；霓虹蓝色鱼群在其上方呈一股流畅的漩涡漂移，而小丑鱼在绿色海葵周围悬停并快速穿梭。[Shot 3, 00:05.600–00:08.000] 侧面中景镜头，在海龟旁侧跟拍。镜头随海龟向前并略微向左漂移，使珊瑚礁保持在柔和的背景中。可见主体：成年绿海龟，龟壳带有橄榄色与金色图案。整个镜头中：绿海龟以缓慢的鳍肢划水从右向左滑行；霓虹蓝色鱼群在其龟壳周围呈流动的涡流分开，并在其身后紧凑地尾随。
overall_soundscape: [00:00.000–00:02.600] 轻柔而有节奏的拍水声，来自涌来的涌浪及其尾随的涟漪，没有破碎的泡沫。其声源是对应先前引入并置于画面中的主体。它与对应的可见动作同步。[00:02.600–00:08.000] 低沉但平静的水下水体嗡鸣，伴有微弱的远处水流声。其声源是对应先前引入并置于画面中的主体。它与对应的可见动作同步。[00:05.800–00:07.700] 来自海龟缓慢鳍肢划水的非常轻柔、低频的水体位移声。其声源是对应先前引入并置于画面中的主体。它与对应的可见动作同步。
spoken_dialogue: 无。
non_diegetic_music: 无。
hard_constraints: 保留源提示中明确陈述的每一个主体、动作、属性、数量、关系、场景、镜头指令和风格约束。",zh,vp-023,vidprom_50k,vidprom_50k-b20d6c50e66b2f5f,32978958cddc8ed0f6c03d238280e233bf7b29b4f866fbd4a99b188cb8b3592e
46,52023,"integrated_multimodal_description: Visual style: Warm naturalistic 3D animation; cozy storybook lighting, soft depth of field, visible breeze in grass, and quietly inviting rural atmosphere. Setting: A sunlit meadow in front of a small rustic cottage. The little rabbit sits among grass tufts and wildflowers, while the cottage behind it releases a thin grey plume of cooking smoke from its stone chimney. Duration: 8 seconds. [Shot 1, 00:00.000–00:08.000] Medium-wide shot at the rabbit's eye level, with the rabbit in the left foreground and the smoking cottage behind it in the right background. Slow cinematic push-in from a wider view to a closer framing, keeping both the rabbit and the visible chimney smoke in frame. Visible subjects: A small rabbit with cream-and-tan fur, long upright ears, a small white tail, and dark, wary eyes. A small stone-and-timber cottage with a visible kitchen window and a stone chimney releasing light grey cooking smoke. Throughout the shot: A gentle breeze bends nearby grass; the little rabbit's long ears sway and rotate in the wind while its back fur ruffles softly. Throughout the shot: Warm grey-white cooking smoke rises from the cottage chimney, curling gently and thinning downwind. From 00:01.500 to 00:04.500: The rabbit drops into a clear pre-jump crouch, sinking onto its coiled hind legs, planting its front paws, and fixing its gaze forward. From 00:04.500 to 00:06.000: The rabbit springs off its hind legs and makes one low, quick hop forward over the grass. From 00:06.000 to 00:08.000: The rabbit lands softly in the meadow, pauses, and turns its head back toward the smoking cottage while its ears keep moving in the wind.
overall_soundscape: [00:00.000–00:08.000] Soft rhythmic wind rustling through meadow grass and wildflowers. Its source is the surrounding environment, placed off screen. It is synchronized with the corresponding visible action. [00:00.200–00:08.000] Muffled low crackling and faint sizzling from cooking inside the cottage. Its source is the corresponding previously introduced subject, placed off screen. It is synchronized with the corresponding visible action. [00:06.000–00:06.400] Soft thump of the rabbit's paws meeting the grass, followed by a faint rustle. Its source is the corresponding previously introduced subject, placed on screen. It is synchronized with the corresponding visible action.
spoken_dialogue: None.
non_diegetic_music: None.
hard_constraints: Preserve every subject, action, attribute, count, relationship, setting, camera instruction, and style constraint explicitly stated in the source prompt.",en,vp-024,vidprom_50k,vidprom_50k-40328a2949ac1f7a,da2aa70d48f6f3d23bb3380533d97482e88fe8a3df535087131ad3dbef81f500
47,52023,"integrated_multimodal_description: 视觉风格：温暖自然主义的3D动画；舒适的故事书式光照、柔和的景深、草地中可见的微风，以及宁静宜人的乡村氛围。场景：小农舍前一片阳光明媚的草地。小兔子坐在草丛与野花之间，身后的小农舍从石砌烟囱中飘出一缕细细的灰色炊烟。时长：8 seconds。[Shot 1, 00:00.000–00:08.000] 兔子视线高度的中全景镜头，兔子位于左侧前景，冒烟的小屋位于其身后的右侧背景。缓慢的电影式推镜，从较宽视野推近到更紧凑的画面，同时让兔子和可见的烟囱炊烟保持在画面内。可见主体：一只奶油色与棕褐色毛皮的小兔子，长着竖直的长耳朵、一条白色小尾巴和一双深色而警惕的眼睛。一座石木结构的小农舍，有可见的厨房窗户和一座石砌烟囱，正冒出浅灰色炊烟。整段镜头中：一阵微风拂弯附近的草；小兔子的长耳在风中摇摆转动，同时它背上的毛轻轻蓬动。整段镜头中：暖灰白色的炊烟从农舍烟囱升起，轻柔地盘旋，并在顺风处逐渐变淡。从00:01.500到00:04.500：兔子下蹲至明显的起跳前蹲姿，身体沉在蜷曲的后腿上，前爪按地，目光直视前方。从00:04.500到00:06.000：兔子后腿蹬地跃起，向前做了一次低矮而快速的跳跃，越过草地。从00:06.000到00:08.000：兔子在草地上轻轻落地，停顿片刻，然后转头回望冒烟的小屋，耳朵在风中一直动着。
overall_soundscape: [00:00.000–00:08.000] 轻柔而有节奏的风吹过草地与野花，沙沙作响。其声源是周围环境，位于画面外；与对应的可见动作同步。[00:00.200–00:08.000] 农舍内做饭传出的低沉模糊噼啪声和微弱滋滋声。其声源是先前引入的对应主体，位于画面外；与对应的可见动作同步。[00:06.000–00:06.400] 兔爪落上草地时轻柔的砰的一声，随即是微弱的沙沙声。其声源是先前引入的对应主体，位于画面内；与对应的可见动作同步。
spoken_dialogue: 无。
non_diegetic_music: 无。
hard_constraints: 保留源提示中明确陈述的每一个主体、动作、属性、数量、关系、场景、摄影机指令和风格约束。",zh,vp-024,vidprom_50k,vidprom_50k-40328a2949ac1f7a,4d5462022a41fb8ae9362eb2a7cb55bcfc44e1c1b95903b48c4cb97c4c6e2d0c
48,52024,"integrated_multimodal_description: Visual style: Vibrant comic-book panel: clean black ink outlines, cel-style shading, saturated teal-and-indigo shadows, a pale yellow moon, and visible speed lines around the moving lion. Setting: A dark dense jungle clearing at night beside a shallow rocky stream, framed by broad tropical leaves, hanging vines, and tree silhouettes with a huge full moon glowing above the canopy. Duration: 8 seconds. [Shot 1, 00:00.000–00:02.300] Wide low-angle shot; the lion is on a mossy boulder in the left foreground and the huge moon brightens the upper right. Slow push-in builds momentum, then holds as the lion springs upward and to the right. Visible subjects: Adult male lion with a dark mane and golden-orange fur, drawn in comic-book ink lines and cel shading. Throughout the shot: The lion dips onto tensed hind legs, tail stiffens, and claws dig into the boulder; moss and pebbles crumble as it launches upward and to the right. [Shot 2, 00:02.300–00:05.600] Medium slightly low-angle shot in profile, following the lion as it arcs over the moonlit stream. Fast pan to the right tracks the lion’s mid-air trajectory. Throughout the shot: The lion’s body is fully stretched above the stream: forelegs reaching, claws spread, mane pushed back, with comic speed lines trailing its leap. [Shot 3, 00:05.600–00:08.000] Wide three-quarter view from the far bank; the landing boulder and ferns fill the foreground. Camera pans slightly with the landing and holds on the lion as it settles into a crouch. Throughout the shot: The lion’s front paws strike the far boulder and splash shallow water; its hind legs swing down to grip wet stone as it skids, then it settles into a crouched stance with its chest heaving.
overall_soundscape: [00:00.000–00:08.000] Night jungle chorus of crickets, distant tree frogs, and soft breeze moving through leaves. Its source is Moonlit tropical foliage, vines, mossy boulders, and dark tree silhouettes that surround the clearing and the stream., placed on screen. [00:00.900–00:02.300] Muscular push-off: claws scrape rock and small pebbles patter into the stream. Its source is the corresponding previously introduced subject, placed on screen. It is synchronized with the corresponding visible action. [00:02.300–00:05.400] Clean rush of air with a low comic-book whistle as the lion arcs across the clearing. Its source is the corresponding previously introduced subject, placed on screen. It is synchronized with the corresponding visible action. [00:05.600–00:06.600] Heavy thud, a flat splash of water, and the rattle of dislodged stones. Its source is the corresponding previously introduced subject, placed on screen. It is synchronized with the corresponding visible action.
spoken_dialogue: None.
non_diegetic_music: None.
hard_constraints: Preserve every subject, action, attribute, count, relationship, setting, camera instruction, and style constraint explicitly stated in the source prompt.",en,vp-025,vidprom_50k,vidprom_50k-ebbf54d3ffa101d2,ed500778323dd777eb5345a4ff586442abaa8562731032ddb8d27a0ac6c0618e
49,52024,"integrated_multimodal_description: 视觉风格：鲜艳的漫画书分格：干净的黑色墨线轮廓、赛璐珞式着色、饱和的蓝绿色与靛蓝色阴影、淡黄色的月亮，以及移动的狮子周围可见的速度线。场景：夜晚一片黑暗茂密的丛林空地，旁边是浅浅的岩石溪流，以宽阔的热带叶片、悬垂的藤蔓和树木剪影为框，树冠上方有巨大的满月发光。时长：8 seconds。[Shot 1, 00:00.000–00:02.300] 低角度广角镜头；狮子位于左前景一块长满苔藓的巨石上，巨大的月亮照亮右上方。缓慢推近积蓄动势，随后镜头保持固定，狮子向上并向右跃起。可见主体：成年雄狮，深色鬃毛，金橙色皮毛，以漫画书墨线和赛璐珞式着色绘制。整个镜头中：狮子压低到绷紧的后腿上，尾巴绷直，爪子抠入巨石；当它向上并向右跃起时，苔藓和卵石碎裂脱落。[Shot 2, 00:02.300–00:05.600] 侧面中景、略微低角度镜头，跟随狮子在月光下的溪流上方划弧而过。快速向右摇摄追踪狮子空中的轨迹。整个镜头中：狮子的身体在溪流上方完全伸展：前腿前伸，爪子张开，鬃毛后掠，漫画式速度线拖在其跳跃之后。[Shot 3, 00:05.600–00:08.000] 从对岸拍摄的广角四分之三视角镜头；着陆的巨石与蕨类植物充满前景。摄影机随落地动作轻微摇摄，并保持镜头在狮子落定成蹲伏姿势的那一刻。整个镜头中：狮子的前爪击中远处的巨石并溅起浅浅的水花；滑行时后腿向下摆动抓住湿滑的岩石，然后它稳成蹲伏姿态，胸口起伏。
overall_soundscape: [00:00.000–00:08.000] 夜晚的丛林蟋蟀鸣叫声、远处树蛙的叫声，以及微风吹过树叶的轻柔声响。其声源是月光下的热带植被、藤蔓、长满苔藓的巨石和深色树木剪影，它们环绕着空地及溪流，置于画面中。 [00:00.900–00:02.300] 有力的蹬地起跳：爪子刮擦岩石，小卵石噼啪落入溪流。其声源是先前已引入的对应主体，置于画面中。它与对应的可见动作同步。 [00:02.300–00:05.400] 狮子在空地上方划弧掠过时，一股干净的空气急流声，带有低沉的漫画式哨音。其声源是先前已引入的对应主体，置于画面中。它与对应的可见动作同步。 [00:05.600–00:06.600] 沉重的砰然声、水花的平溅声，以及被撞落的石块的咔嗒声。其声源是先前已引入的对应主体，置于画面中。它与对应的可见动作同步。
spoken_dialogue: 无。
non_diegetic_music: 无。
hard_constraints: 保留源提示中明确陈述的每个主体、动作、属性、数量、关系、场景、摄影机指示和风格约束。",zh,vp-025,vidprom_50k,vidprom_50k-ebbf54d3ffa101d2,d4a547f70cf3d4787ff426988b43a88aaf09d2e6f82571c6ee72e2e80494cc96
50,52025,"integrated_multimodal_description: Visual style: Naturalistic cinematic realism in warm, soft daylight; subtle film grain, shallow depth of field, muted blue-grey shadows, warm camel tones, and a few vivid red accents. Setting: A sunlit street in central London with pale paving stones, black iron railings, a red telephone box, white-fronted shops, and an adjacent road carrying slow traffic. Duration: 8 seconds. [Shot 1, 00:00.000–00:08.000] Medium three-quarter tracking shot from the waist up, keeping the girl's face and smile clearly readable while the London background remains soft and shallow. Steadicam glides smoothly forward and slightly to her left, matching her walking pace and holding focus on her face as the street drifts past. Visible subjects: A beautiful young Muslim girl, early twenties, wearing an olive-green hijab, a camel-colored long coat, dark trousers, and a tan leather handbag; her expression is relaxed and smiling. The visible London street environment: pavement, railings, shopfronts, the red telephone box, and the soft-focus background street. A red London double-decker bus passing on the adjacent road in the background. From 00:00.000 to 00:02.200: A beautiful young Muslim girl walks along the sunlit pavement at an easy pace, her olive-green hijab swaying slightly in the breeze and her face turned forward with a warm smile. From 00:02.200 to 00:05.400: She adjusts the leather strap of her handbag, glances down at a shallow puddle, and steps around it without breaking stride; her confident smile stays in view. From 00:05.400 to 00:08.000: She glances left as a red double-decker bus crosses the background on the adjacent road; she slows her stride slightly and continues with a brighter smile.
overall_soundscape: [00:00.000–00:08.000] Outdoor London street ambience: distant traffic, low bus rumble, pigeons, and faint human chatter from out of focus pedestrians. Its source is the corresponding previously introduced subject, placed on screen. It is synchronized with the corresponding visible action. [00:00.000–00:08.000] Rhythmic footsteps on pavement with the soft rustle of her long coat and handbag strap. Its source is the corresponding previously introduced subject, placed on screen. It is synchronized with the corresponding visible action. [00:05.400–00:07.800] The red double-decker bus engine approaches, passes, and fades with a brief airy whoosh. Its source is the corresponding previously introduced subject, placed on screen. It is synchronized with the corresponding visible action.
spoken_dialogue: None.
non_diegetic_music: None.
hard_constraints: Preserve every subject, action, attribute, count, relationship, setting, camera instruction, and style constraint explicitly stated in the source prompt.",en,vp-026,vidprom_50k,vidprom_50k-9b0aa3e016d2590c,1be68fbc1a8727b3d3b92a0d53b6be7c5a32432730bc703669f8f43612ba55a5
51,52025,"integrated_multimodal_description:视觉风格：自然主义电影写实风格，温暖柔和的日光；细微的胶片颗粒、浅景深、柔和的蓝灰阴影、暖驼色调，以及少量鲜艳的红色点缀。环境：伦敦市中心一条阳光明媚的街道，铺有浅色铺路石、黑色铁栏杆、一个红色电话亭、白色门面的商店，以及一条相邻的、车流缓慢的道路。时长：8 seconds。[Shot 1, 00:00.000–00:08.000]中景四分之三跟踪镜头，从腰部以上取景，让女孩的面部和微笑清晰可见，同时伦敦背景保持柔和浅景深。Steadicam平稳地向前滑动并略微向她左侧移动，配合她行走的步伐，并一直对焦于她的面部，街道从旁边掠过。可见主体：一位美丽的年轻穆斯林女孩，年约二十出头，头戴橄榄绿色头巾，身着驼色长外套、深色长裤，手拿一个棕褐色皮手袋；她的表情放松且微笑。可见的伦敦街道环境：人行道、栏杆、商店门面、红色电话亭和柔焦的背景街道。背景中一辆红色伦敦双层巴士正从相邻道路上驶过。从00:00.000到00:02.200：这位美丽的年轻穆斯林女孩以轻松的步伐走在阳光明媚的人行道上，橄榄绿色头巾在微风中轻轻摆动，面向前方，带着温暖的微笑。从00:02.200到00:05.400：她调整了手袋的皮革肩带，低头看了一眼浅水坑，然后绕过它，步伐未停；她自信的微笑仍然可见。从00:05.400到00:08.000：她向左瞥了一眼，这时一辆红色双层巴士正从相邻道路的背景中驶过；她稍稍放慢脚步，带着更加灿烂的笑容继续前行。
overall_soundscape:[00:00.000–00:08.000]Outdoor London街道环境声：远处的车流声、低沉的巴士隆隆声、鸽子声，以及来自失焦行人的微弱人声。其声源为对应的先前引入的主体，置于画面中。它与相应的可见动作同步。[00:00.000–00:08.000]人行道上有节奏的脚步声，伴随她长外套和手袋肩带的轻柔沙沙声。其声源为对应的先前引入的主体，置于画面中。它与相应的可见动作同步。[00:05.400–00:07.800]红色双层巴士引擎声靠近、经过后逐渐消失，并伴随短暂的气流嗖嗖声。其声源为对应的先前引入的主体，置于画面中。它与相应的可见动作同步。
spoken_dialogue:无。
non_diegetic_music:无。
hard_constraints:保留源提示中明确陈述的每一个主体、动作、属性、数量、关系、环境、镜头指令和风格约束。",zh,vp-026,vidprom_50k,vidprom_50k-9b0aa3e016d2590c,13dcbda1e0a7a245d1428268694f48c403d1836df2efd0a2d2dd3f6b0d57cb7e
52,52026,"integrated_multimodal_description: Visual style: Dramatic slow-motion wrestling stunt sequence; high-angle arena lighting, dark void beneath the ring, continuous stylized presentation. Setting: A professional wrestling ring under a bright spotlight inside a larger arena. The ring has corner posts, ropes, and a canvas mat; directly in the center, the floor can split open to reveal a dark pit. Duration: 8 seconds. [Shot 1, 00:00.000–00:08.000] High-angle wide shot looking down from above the ring apron, keeping the far-corner top rope and the center of the ring in view. A single slow push-in toward the ring center as the wrestler dives; no cut. After he drops, the camera continues easing down over the dark opening. Visible subjects: The wrestler who starts on the far-corner top rope and dives into the ring. The wrestling ring with its top rope, canvas-covered mat, and corner posts. A dark vertical shaft that opens in the center of the ring, formed when mat-covered panels fold downward. From 00:00.000 to 00:02.200: The wrestler crouches on the far-corner top rope, facing ring center, and lifts his arms outward as he builds spring for the dive. From 00:02.200 to 00:04.000: He springs from the top rope, body extended horizontally, arms stretched ahead of him while he sails over the center of the ring. From 00:02.800 to 00:04.400: Beneath his path the canvas splits down the middle; two mat-covered halves swing inward and downward into the ring floor, exposing a black shaft. From 00:04.000 to 00:08.000: The wrestler enters the gaping pit before touching the mat; he drops into the dark, tumbling slightly and growing smaller until the shaft swallows him.
overall_soundscape: [00:00.000–00:08.000] Distant, tense crowd murmur and arena air around the ring. Its source is the surrounding environment, placed off screen. [00:02.200–00:03.000] Creak and snap of the top rope as the wrestler pushes off. Its source is the corresponding previously introduced subject, placed on screen. It is synchronized with the corresponding visible action. [00:02.800–00:04.400] Sharp crack as the mat splits and a low whoosh as the pit panels fold downward. Its source is the corresponding previously introduced subject, placed on screen. It is synchronized with the corresponding visible action. [00:04.000–00:07.800] Rush of air and fabric rustle around the falling wrestler, fading as he drops deeper into the shaft. Its source is the corresponding previously introduced subject, placed on screen. It is synchronized with the corresponding visible action.
spoken_dialogue: None.
non_diegetic_music: None.
hard_constraints: Preserve every subject, action, attribute, count, relationship, setting, camera instruction, and style constraint explicitly stated in the source prompt.",en,vp-027,vidprom_50k,vidprom_50k-132b9efdb8130c68,70be64290cc671e3afef68b945d4a03d20acf555214317b1ca457872fbe0fe05
53,52026,"integrated_multimodal_description: 视觉风格：戏剧化的慢动作摔跤特技序列；高角度竞技场灯光，擂台下方黑暗虚空，连续的程式化呈现。场景：一个更大竞技场内、明亮聚光灯下的职业摔跤擂台。擂台有角柱、绳索和帆布垫；正中央，地板可裂开露出一个黑暗深坑。时长：8 seconds。 [Shot 1, 00:00.000–00:08.000] 高角度广角镜头从擂台裙边上方俯视，保持远角顶绳和擂台中央在画面中。摔跤手跃出时，镜头向擂台中央做一次缓慢推进；不切换。他落下后，镜头继续在黑暗开口上方缓缓下降。可见主体：从远角顶绳上起跳并跃入擂台的摔跤手。带有顶绳、帆布覆盖的垫子和角柱的摔跤擂台。一个在擂台中央开启的黑暗垂直竖井，在覆有垫面的板向下折叠时形成。从 00:00.000 到 00:02.200：摔跤手蹲在远角顶绳上，面向擂台中央，并向外张开双臂，为跃出蓄力。从 00:02.200 到 00:04.000：他从顶绳跃出，身体水平伸展，双臂前伸，飞越擂台中央。从 00:02.800 到 00:04.400：在他路径下方，帆布垫面从中间裂开；两半覆有垫面的板向内、向下摆入擂台地面，露出一个黑色竖井。从 00:04.000 到 00:08.000：摔跤手在触及帆布垫前进入张开的深坑；他坠入黑暗，轻微翻滚并逐渐变小，直到竖井吞没他。
overall_soundscape: [00:00.000–00:08.000] 远处紧张的群众低语声和擂台周围的竞技场空气声。其声源是周围环境，置于画面外。[00:02.200–00:03.000] 摔跤手蹬离时顶绳发出的吱嘎声和噼啪声。其声源是相应先前已介绍的主体，置于画面内。它与相应的可见动作同步。[00:02.800–00:04.400] 垫面裂开时清脆的爆裂声，以及深坑活板向下折叠时低沉的嗖声。其声源是相应先前已介绍的主体，置于画面内。它与相应的可见动作同步。[00:04.000–00:07.800] 摔跤手坠落时周围的空气急流声和织物窸窣声，随着他坠入竖井深处而逐渐消失。其声源是相应先前已介绍的主体，置于画面内。它与相应的可见动作同步。
spoken_dialogue: 无。
non_diegetic_music: 无。
hard_constraints: 保留源提示中明确陈述的每个主体、动作、属性、数量、关系、场景、镜头指令和风格约束。",zh,vp-027,vidprom_50k,vidprom_50k-132b9efdb8130c68,447b20aa714da772866f7e5ee7e18fc4bf5c53efe4fa79ef3c14645d60cb9bef
54,52027,"integrated_multimodal_description: Visual style: Overcast naturalistic daylight with muted red brick and pale paper colors; a patient camera follows the airborne papers in one unbroken move. Setting: Exterior of an old three-story red-brick office building under a grey sky, with white sash windows, a plain stone cornice, and a raised second-floor sash at the left side of the facade. Duration: 8 seconds. [Shot 1, 00:00.000–00:08.000] Wide shot showing the upper stories of the old brick facade, including the open left second-floor window and the stone cornice. Slow continuous tilt upward with a slight rightward drift, tracking the paper cloud from the window up to the roofline. Visible subjects: Second-floor left sash window of the old building, with its lower sash raised about a foot. Several loose cream-colored office letter sheets with faint typed lines, moving together in the wind. Weathered three-story brick office building with white window frames, dark sills, and a stone cornice. From 00:00.000 to 00:02.500: With a sharp gust, loose office sheets pour through the raised lower sash and fan outward; several sheets slap the brick below the sill, curl, and join the spinning cloud. From 00:02.500 to 00:05.500: The paper cloud tightens into a loose helix and climbs alongside the second- and third-story windows, brushing the white frames as it rises. From 00:05.500 to 00:08.000: The papers bank over the stone cornice, swirl around the roofline, and finally sweep out of view above the roof edge.
overall_soundscape: [00:00.000–00:02.500] The loose sash rattles and the window frame creaks as papers force their way through the opening. Its source is the corresponding previously introduced subject, placed on screen. It is synchronized with the corresponding visible action. [00:00.000–00:08.000] Steady outdoor wind with rising and falling gusts around the building, punctuated by stronger buffets as the papers move. Its source is the surrounding environment, placed off screen. It is synchronized with the corresponding visible action. [00:00.000–00:08.000] Dry paper flutter and crackle, with occasional sharp claps as sheets strike brick and snap against each other in the wind. Its source is the corresponding previously introduced subject, placed on screen. It is synchronized with the corresponding visible action.
spoken_dialogue: None.
non_diegetic_music: None.
hard_constraints: Preserve every subject, action, attribute, count, relationship, setting, camera instruction, and style constraint explicitly stated in the source prompt.",en,vp-028,vidprom_50k,vidprom_50k-55775a9a86ee6e03,1a8af5809e5fc8b63b55911160d35e5829e9ed54288f1200e907e3e002d1b9e7
55,52027,"integrated_multimodal_description:视觉风格：阴天自然光，低饱和度的红砖与浅淡的纸张颜色；摄影机耐心地以一次不间断的运镜跟随空中飘飞的纸张。场景：灰色天空下一栋旧的三层红砖办公楼的外部，有白色上下推拉窗、素面石质檐口，以及立面左侧一扇已升起的二层窗扇。时长：8 seconds。[Shot 1, 00:00.000–00:08.000]广角镜头展示旧砖立面的上部楼层，包括左侧二楼开启的窗户和石质檐口。镜头缓慢持续地上摇并略向右漂移，从窗口追踪纸云直至屋顶轮廓线。可见主体：旧楼二层左侧的上下推拉窗，其下窗扇升起约一英尺。数张松散的奶油色办公信纸，带有淡淡的打字行，在风中一起移动。风化过的三层砖砌办公楼，带有白色窗框、深色窗台和石质檐口。从00:00.000到00:02.500：随着一阵猛风，散落的办公纸从升起的下窗扇涌出并呈扇形向外展开；数张纸拍打在窗台下方的砖墙上，卷曲后加入旋转的纸云。从00:02.500到00:05.500：纸云收紧成松散的螺旋，沿着二层和三层的窗户旁向上攀升，上升时擦过白色窗框。从00:05.500到00:08.000：纸张侧倾越过石质檐口，在屋顶轮廓线周围打旋，最后在屋顶边缘上方扫出视野。
overall_soundscape:[00:00.000–00:02.500]松动的窗扇嘎嘎作响，窗框吱吱作响，纸张强行挤过开口。其声源为此前已引入的相应主体，位于画面内。它与相应的可见动作同步。[00:00.000–00:08.000]稳定持续的室外风，建筑物周围阵风时起时落；随着纸张移动，间有更强的冲击声。其声源为周围环境，位于画面外。它与相应的可见动作同步。[00:00.000–00:08.000]干燥纸张的翻动和噼啪声，偶尔有纸张撞击砖墙并在风中相互抽打发出的清脆拍击声。其声源为此前已引入的相应主体，位于画面内。它与相应的可见动作同步。
spoken_dialogue:无。
non_diegetic_music:无。
hard_constraints:保留源提示中明确陈述的每个主体、动作、属性、数量、关系、场景、镜头指令和风格约束。",zh,vp-028,vidprom_50k,vidprom_50k-55775a9a86ee6e03,04bb3574f42c1f1dd48b4f53ffbeb2149871574b8fdf4e345fe39260ed5526b3
56,52028,"integrated_multimodal_description: Visual style: Clean commercial realism with even daylight, moderate saturation, and an observational camera; no slow motion or heavy stylization. Setting: A tidy gas-station forecourt adapted for electric vehicles: low canopy, one green-bordered charging bay, a single gray DC fast-charging pedestal, and smooth asphalt in late-afternoon light. Duration: 8 seconds. [Shot 1, 00:00.000–00:03.600] Wide view of the station driveway and the vacant charging bay under the canopy. Tripod-mounted camera panning smoothly to keep the EV centered as it turns into the forecourt. Visible subjects: One white compact electric hatchback with LED headlights, no front grille, and a rear charge-port flap on the driver's side. Throughout the shot: The white EV enters from the left, rolls across the asphalt with a subtle steering correction, and pulls into the vacant charging bay before braking smoothly. [Shot 2, 00:03.600–00:08.000] Medium close-up of the EV's rear side, the driver, and the charging pedestal. Low handheld position beside the charger, holding still while the driver connects the cable. Visible subjects: Adult driver in a plain gray jacket and dark cap, seen exiting the EV and handling the charger connector. Gray EV fast-charging pedestal with a small screen, a cable holster, a coiled cable, and a CCS connector. From 00:03.600 to 00:05.000: With the EV stopped, the rear charge-port flap pops open; the driver's door opens, the driver steps out, closes the door, and walks near the charging pedestal. From 00:05.000 to 00:06.800: The driver unhooks the CCS connector from the charger holster, aligns it with the open charge port, and slides it in until the latch clicks. From 00:06.800 to 00:08.000: The charger screen turns green with a rising battery icon, a small light around the connector glows, and the EV's port-side indicator pulses as charging starts.
overall_soundscape: [00:00.000–00:03.400] Electric motor whine rises as the car turns in, with tire roll on asphalt and a soft regenerative braking sound near the end. Its source is the corresponding previously introduced subject, placed on screen. It is synchronized with the corresponding visible action. [00:00.000–00:08.000] Distant road traffic, light breeze, and a low electrical buzz around the charging station. Its source is the surrounding environment, placed off screen. [00:03.700–00:03.900] Soft servo click as the charge-port flap opens. Its source is the corresponding previously introduced subject, placed on screen. It is synchronized with the corresponding visible action. [00:04.000–00:04.200] Driver's door closes with a solid thump. Its source is the corresponding previously introduced subject, placed on screen. It is synchronized with the corresponding visible action. [00:04.400–00:04.900] Two quick footsteps on the pavement as the driver moves to the charger. Its source is the corresponding previously introduced subject, placed on screen. It is synchronized with the corresponding visible action. [00:06.300–00:06.600] The CCS connector seats into the charge port with a crisp latch click. Its source is the corresponding previously introduced subject, placed on screen. It is synchronized with the corresponding visible action. [00:06.800–00:08.000] The charger emits a soft rising hum and a muted beep while a cooling fan spins up. Its source is the corresponding previously introduced subject, placed on screen. It is synchronized with the corresponding visible action.
spoken_dialogue: None.
non_diegetic_music: None.
hard_constraints: Preserve every subject, action, attribute, count, relationship, setting, camera instruction, and style constraint explicitly stated in the source prompt.",en,vp-029,vidprom_50k,vidprom_50k-0a726c43f4f86451,ed839cef8125d8bd832163e72957fa013dcbd7b59faafbafacacaac0ec8f91f1
57,52028,"integrated_multimodal_description:视觉风格：干净利落的商业写实主义风格，均匀日光，中等饱和度，观察式摄影机；无慢动作或重度风格化。场景：一个整洁的、为电动汽车改造的加油站前庭：低矮顶棚，一个绿色边框充电车位，一个灰色DC快速充电桩，以及午后稍晚光线下的光滑沥青路面。时长：8 seconds。[Shot 1, 00:00.000–00:03.600]加油站车道和顶棚下空置充电车位的广角镜头。三脚架摄影机平滑摇摄，以在EV转入前庭时保持其居中。可见主体：一辆白色紧凑型电动掀背车，配有LED前大灯，没有前格栅，驾驶员一侧带有后充电口盖。整段镜头中：白色EV从左侧进入，驶过沥青路面并伴随轻微的转向修正，在平稳制动前驶入空置充电车位。[Shot 2, 00:03.600–00:08.000]对EV后侧、驾驶员和充电桩的中近景。低角度手持机位位于充电器旁，在驾驶员连接电缆时保持静止。可见主体：一名身穿普通灰色夹克、头戴深色帽子的成年驾驶员，看到其走出EV并操作充电器连接头。灰色EV快速充电桩，带有小屏幕、电缆支架、盘绕电缆和一个CCS连接头。从00:03.600至00:05.000：在EV停下后，后充电口盖弹开；驾驶员侧车门打开，驾驶员下车、关上车门，并走到充电桩附近。从00:05.000至00:06.800：驾驶员将CCS连接头从充电器支架上取下，对准敞开的充电口，将其滑入，直到锁扣发出咔哒声。从00:06.800至00:08.000：充电器屏幕变绿并显示上升的电池图标，连接头周围的小灯亮起，EV的充电口侧指示灯在充电开始时呈脉冲式闪烁。
overall_soundscape:[00:00.000–00:03.400]当汽车转入时，电动马达的啸叫声升高，伴随轮胎在沥青路面上的滚动声，结尾处有轻柔的再生制动声。其声源是对应先前引入的主体，位于画面内。它与对应的可见动作同步。[00:00.000–00:08.000]远处道路交通声、微风和充电站周围轻微的电气嗡鸣声。其声源是周围环境，位于画面外。[00:03.700–00:03.900]充电口盖打开时发出轻柔的伺服马达咔哒声。其声源是对应先前引入的主体，位于画面内。它与对应的可见动作同步。[00:04.000–00:04.200]驾驶员侧车门关闭，发出沉闷的砰声。其声源是对应先前引入的主体，位于画面内。它与对应的可见动作同步。[00:04.400–00:04.900]驾驶员走向充电器时，路面上传来两声快速的脚步声。其声源是对应先前引入的主体，位于画面内。它与对应的可见动作同步。[00:06.300–00:06.600]CCS连接头插入充电口，发出一声清脆的锁扣咔哒声。其声源是对应先前引入的主体，位于画面内。它与对应的可见动作同步。[00:06.800–00:08.000]充电器发出一声轻柔的渐强嗡鸣和一声低沉的哔声，同时冷却风扇加速转动。其声源是对应先前引入的主体，位于画面内。它与对应的可见动作同步。
spoken_dialogue:无。
non_diegetic_music:无。
hard_constraints:保留源提示中明确陈述的每一个主体、动作、属性、数量、关系、场景、摄影机指令和风格约束。",zh,vp-029,vidprom_50k,vidprom_50k-0a726c43f4f86451,da9eda8a814f2563a425b53b7b33356e9328a4ad052763c9235086fec2f379e2
58,52029,"integrated_multimodal_description: Visual style: Photorealistic, continuous-shot style: natural daylight and soft atmospheric haze, with plausible motion and no stylized outlines. Setting: A high aerial viewpoint above the round Earth: the planet's sunlit curved surface fills the lower part of frame, and a clear hazy sky fills the upper part. A tiny perfect dot falls down through that sky, strikes the globe, and then spreads outward as a circular pulse. Duration: 8 seconds. [Shot 1, 00:00.000–00:08.000] Wide high view: the round Earth occupies the lower two-thirds of the frame from left to right, with clear sky filling the upper third and leaving room for the falling dot. Fixed camera at a high vantage looking downward across the Earth's curved horizon; no camera movement and no cuts. Visible subjects: A perfect round dot, rendered as a small matte black sphere. It keeps an exact circular silhouette while falling, and after impact its material becomes the expanding pulse source. The round Earth as a large sunlit globe with realistic blue ocean and land tones, soft cloud bands, and a visible curved horizon with faint atmospheric haze. From 00:00.000 to 00:03.000: The small perfect black dot appears in the upper sky and falls straight downward toward the sunlit curved limb of the round Earth. It remains a perfectly circular silhouette and grows only slightly as it approaches the surface. From 00:03.000 to 00:04.200: The dot contacts the round Earth at the limiting edge where sky meets globe. A brief compact flash flares at the contact point, and the dot is momentarily flattened against the surface without bouncing. From 00:03.900 to 00:08.000: As the flash fades, the flattened dot's edges widen into a single circular pulse. A bright wavefront expands over the round Earth's curved surface, spreading across visible clouds and terrain and reaching the far visible limb by the final moment.
overall_soundscape: None specified.
spoken_dialogue: None.
non_diegetic_music: None.
hard_constraints: Preserve every subject, action, attribute, count, relationship, setting, camera instruction, and style constraint explicitly stated in the source prompt.",en,vp-030,vidprom_50k,vidprom_50k-e3cb5d1bc3284164,ab8deb0477f14f7a440f4ff73f007fc943f0eef24c2b3d0880125eaedb58a6c3
59,52029,"integrated_multimodal_description: 视觉风格：照片级真实、连续镜头风格：自然日光与柔和的大气薄雾，具有可信的运动，无风格化轮廓。设定：一个圆形地球上方的高空视角：该行星被阳光照亮的弧形表面占据画面下部，清澈而有薄雾的天空占据画面上部。一个微小的完美圆点穿过这片天空向下坠落，撞击地球，然后作为一个圆形脉冲向外扩散。时长：8 seconds。[Shot 1, 00:00.000–00:08.000] 宽阔的高空视角：这个圆形地球从左到右占据画面的下三分之二，清澈的天空填满上三分之一，并为下落的圆点留出空间。固定摄影机在高处向下越过地球弯曲的地平线观看；无摄影机运动，无剪辑。可见主体：一个完美的圆形点，渲染为一个小型哑光黑色球体。它在坠落过程中保持精确的圆形轮廓，撞击后其材质成为扩张脉冲的源头。这个圆形地球是一个大型受阳光照射的球体，具有逼真的蓝色海洋与陆地色调、柔和的云带，以及一条可见的弯曲地平线，并带有淡薄的大气薄雾。从 00:00.000 到 00:03.000：这个微小完美的黑色圆点出现在天空上部，并径直向下朝圆形地球被阳光照亮的弯曲边缘坠落。它始终保持完美的圆形轮廓，在接近地表时只略微增大。从 00:03.000 到 00:04.200：该圆点在天空与地球相接的极限边缘处接触到圆形地球。接触点处闪现一道短暂而紧凑的闪光，圆点被短暂压扁在地表上，没有弹跳。从 00:03.900 到 00:08.000：闪光消退时，被压扁的圆点的边缘扩展成单一的圆形脉冲。一道明亮的波前在圆形地球的弯曲表面上扩散，蔓延过可见的云层和地形，并在最后时刻到达远处可见的边缘。
overall_soundscape: 未指定。
spoken_dialogue: 无。
non_diegetic_music: 无。
hard_constraints: 保留源提示中明确陈述的每个主体、动作、属性、数量、关系、设定、摄影机指示和风格约束。",zh,vp-030,vidprom_50k,vidprom_50k-e3cb5d1bc3284164,ecc50697a5932cf48021be64905cea687c101db8c6f707b6eb1990a7feb7e423
60,52030,"integrated_multimodal_description: Visual style: Photorealistic natural-history cinematography with gravity-correct motion, realistic spray and water caustics, desaturated teal open-ocean palette, and cyan bioluminescent accents; no on-screen titles or UI. Setting: Open sea under a hazy late-afternoon sky. There is no visible shore, boat, or land; dark swells roll across the water with the leap happening near the center of the frame. Duration: 8 seconds. [Shot 1, 00:00.000–00:08.000] Fixed low-angle wide shot just above the water surface; the whole leap arc stays visible across the frame. Static camera from several meters away, looking across the surface; no cut or camera move. Visible subjects: Open-ocean surface, dark teal, with rolling swells, spray, and expanding foam rings around the creature's leap point. Lithe alien sea creature, roughly 3 m long, with iridescent silver-violet hide, six pale gill marks, three pairs of translucent wing-like fins, a long tapering tail, and dozens of small cyan bioluminescent spots. From 00:00.000 to 00:01.200: A broad circular swell builds and the water surface domes upward; cyan glow leaks through the rising crest and expanding rings race outward. From 00:01.200 to 00:03.000: The creature tears through the water surface and clears it fully, head tilted upward, body horizontal, with a violent fan of spray and streaming droplets. From 00:03.000 to 00:05.000: The creature climbs in a clean arc, spreads its three pairs of translucent wing-like fins, undulates its long tail, and pulses with cyan bioluminescent spots as it rises. From 00:05.000 to 00:06.100: Near the apex the creature curls its body into a tight C shape, folds its fins almost flat, and whips its tail downward, beginning the descent. From 00:06.100 to 00:07.300: The creature slices tail-first back through the water surface, its body following in one smooth motion and kicking a dense burst of spray sideways and upward. From 00:07.300 to 00:08.000: The splash column collapses and overlapping foam rings expand outward while the last cyan glow fades beneath the restless surface.
overall_soundscape: [00:00.000–00:08.000] Continuous open-sea ambience: low swells, soft surface hiss, and distant churning water. Its source is the corresponding previously introduced subject, placed on screen. [00:01.200–00:03.000] Deep, heavy splash with a wet tearing rush as the creature shatters the water surface. Its source is the corresponding previously introduced subject, placed on screen. It is synchronized with the corresponding visible action. [00:03.000–00:04.400] Brief, high, glassy alien chirp with strange upper harmonics as the creature hangs in the air. Its source is the corresponding previously introduced subject, placed on screen. It is synchronized with the corresponding visible action. [00:05.000–00:06.100] Soft whistling airflow over the translucent fins during the peak curl and descent. Its source is the corresponding previously introduced subject, placed on screen. It is synchronized with the corresponding visible action. [00:06.100–00:07.400] Loud dense splashing impact with a sharp slapping sound as the creature re-enters the water. Its source is the corresponding previously introduced subject, placed on screen. It is synchronized with the corresponding visible action. [00:07.300–00:08.000] Churning foam and small sloshes gradually settle back into the open-sea swells. Its source is the corresponding previously introduced subject, placed on screen. It is synchronized with the corresponding visible action.
spoken_dialogue: None.
non_diegetic_music: None.
hard_constraints: Preserve every subject, action, attribute, count, relationship, setting, camera instruction, and style constraint explicitly stated in the source prompt.",en,vp-031,vidprom_50k,vidprom_50k-9d847e64212e1402,93bdc345e73c875fe81952205458ab911af54c702da84c2f901c00197a663b14
61,52030,"integrated_multimodal_description:视觉风格：照片级写实的自然历史电影摄影，具有符合重力的运动、真实水花与水焦散、低饱和蓝绿色外海配色，以及青色生物荧光点缀；没有屏幕标题或UI。设定：朦胧傍晚天空下的开阔海面。没有可见的海岸、船只或陆地；深色涌浪滚过海面，跳跃发生在画面中心附近。时长：8 seconds。[Shot 1, 00:00.000–00:08.000]固定低角度广角镜头，紧贴水面上方；整道跳跃弧线始终在画面中可见。静态摄影机从数米外平视水面；无剪辑或摄影机移动。可见主体：深蓝绿色外海海面，有起伏的涌浪、飞沫，以及在该生物跳跃点周围扩展的泡沫环；还有一只柔韧的异星海洋生物，约3 m长，长着虹彩银紫色外皮、六道浅色鳃痕、三对半透明翼状鳍、一条逐渐变细的长尾，以及数十个青色生物荧光小斑点。从00:00.000至00:01.200：宽阔的圆形涌浪隆起，水面向上拱成穹顶；青色光芒从升高的波峰中渗出，扩散的环纹急速向外奔驰。从00:01.200至00:03.000：该生物撕裂水面并完全跃出，头部向上仰起，身体保持水平，带起一股猛烈的扇形水花和流泄的水珠。从00:03.000至00:05.000：该生物沿干净弧线攀升，张开三对半透明翼状鳍，使长尾呈波浪状摆动，并在上升时让青色生物荧光斑点脉动发光。从00:05.000至00:06.100：接近最高点时，该生物将身体卷成紧凑的C形，将鳍几乎平折，并向下甩尾，开始下降。从00:06.100至00:07.300：该生物以尾部为先切回水面，身体以一个流畅动作跟随入水，并向侧面和上方激起一团密集的水花。从00:07.300至00:08.000：水花柱崩塌，重叠的泡沫环向外扩散，最后一点青色光芒在起伏不定的水面下消隐。
overall_soundscape: [00:00.000–00:08.000] 持续的外海环境声：低涌浪声、柔和的海面嘶声和远处翻腾的水声。其声源为先前引入的对应主体，并置于画面中。[00:01.200–00:03.000] 该生物撞碎水面时发出深沉而厚重的溅落声，伴随一种湿润的撕裂冲击声。其声源为先前引入的对应主体，并置于画面中。它与对应的可见动作同步。[00:03.000–00:04.400] 该生物悬在半空中时，发出一声短暂、高亢、玻璃般清亮的外星啁啾声，带有奇异的高频泛音。其声源为先前引入的对应主体，并置于画面中。它与对应的可见动作同步。[00:05.000–00:06.100] 在最高点卷曲与下降期间，半透明鳍上掠过轻柔的哨音气流。其声源为先前引入的对应主体，并置于画面中。它与对应的可见动作同步。[00:06.100–00:07.400] 该生物重新入水时，发出响亮而浓密的溅水冲击声，并带有尖锐的拍打声。其声源为先前引入的对应主体，并置于画面中。它与对应的可见动作同步。[00:07.300–00:08.000] 翻搅的泡沫和轻微的水声渐渐平静下来，重新融入外海的涌浪声中。其声源为先前引入的对应主体，并置于画面中。它与对应的可见动作同步。
spoken_dialogue: 无。
non_diegetic_music: 无。
hard_constraints: 保留源提示中明确陈述的每个主体、动作、属性、数量、关系、设定、摄影机指令和风格约束。",zh,vp-031,vidprom_50k,vidprom_50k-9d847e64212e1402,e1436dad1ac0005c55baae263214f38de357160a4ade0a09adffe4947d87c695
62,52031,"integrated_multimodal_description: Visual style: Bright naturalistic seaside footage with crisp sunlight, sparkling wet sand, transparent turquoise water, and a calm low-angle feel. Setting: A crystal-clear tropical sea borders a golden-sand beach. Brilliant sunshine makes the wet shore glisten while small wavelets continuously lap and recede along the waterline. Duration: 8 seconds. [Shot 1, 00:00.000–00:04.000] Low near-sand wide view of the glistening strand and clear turquoise shore, with wavelets stretching across the middle ground. Slow lateral tracking movement to the right at near-sand level. Visible subjects: The transparent turquoise sea whose small wavelets advance and retreat over the wet crystal-sand beach. A small hermit crab with reddish-orange legs, a large claw, and a spiraled cream-and-brown shell; it forages on the damp mid-beach. A slightly larger hermit crab with a worn, greenish shell; it feeds along the waterline on dark organic specks. Throughout the shot: Small translucent wavelets curl forward and lap over the wet sand, spreading short fans of white foam and sparkling rivulets before receding. From 00:00.400 to 00:03.800: On the damp mid-beach, the reddish-legged hermit crab grips a torn strip of seaweed with its large claw, braces on its walking legs, and tears off a bite-sized piece. From 00:00.800 to 00:03.500: At the waterline, the green-shelled hermit crab pinches a dark organic speck from the wet sand, lifts it to its mouthparts, then sidesteps clear of the next film of foam. [Shot 2, 00:04.000–00:08.000] Tight macro close-up on the foreground hermit crab's claws and mouthparts, with the shining sea softly blurred behind. Smooth low push-in toward the crab, then a stable hold as it feeds. Throughout the shot: In the blurry background, small wavelets continue to lap and withdraw, their foam lines glittering in the brilliant sunshine. Throughout the shot: In close-up, the hermit crab's claw holds the glossy tear of seaweed against its mouthparts while tiny mandibles visibly nibble; sand grains drop from the torn edge.
overall_soundscape: [00:00.000–00:08.000] Bright, gentle surf lap: soft foam fizz as each small wave spreads across wet sand, followed by a watery suction as the backwash recedes. Its source is the corresponding previously introduced subject, placed on screen. It is synchronized with the corresponding visible action. [00:04.000–00:08.000] Tiny crisp crunches and dry papery clicks as the hermit crab tears and nibbles the seaweed. Its source is the corresponding previously introduced subject, placed on screen. It is synchronized with the corresponding visible action.
spoken_dialogue: None.
non_diegetic_music: None.
hard_constraints: Preserve every subject, action, attribute, count, relationship, setting, camera instruction, and style constraint explicitly stated in the source prompt.",en,vp-032,vidprom_50k,vidprom_50k-f4b9d9101189874e,2a96c9487d34762808f1285226c17a450c107cba5a78b04e88cbfcf09d5a9a4c
63,52031,"integrated_multimodal_description: 视觉风格：明亮的自然主义海滨影像，具有清透的阳光、闪闪发光的湿沙、透明的蓝绿色海水，以及平静的低角度感。场景：一片水晶般清澈的热带海洋毗邻金色沙滩。灿烂的阳光使湿润的海岸闪闪发光，细小波浪不断沿水线拍打后退。时长：8 seconds。[Shot 1, 00:00.000–00:04.000] 低位贴近沙面的广角画面，展示闪光海滩和清澈蓝绿色的岸边，细小波浪横贯中景。镜头在贴近沙面的高度缓慢向右横向移动。可见主体：透明的蓝绿色海水，其细小波浪在湿透的晶莹沙滩上前进和退缩；一只小寄居蟹，长有红橙色腿、一只大螯和螺旋形的米白与棕色相间的壳；它在潮湿的海滩中部觅食。一只稍大的寄居蟹，带有磨损泛绿的壳；它沿水线取食深色有机微粒。整个镜头期间：细小的半透明波浪向前卷曲，拍打湿沙，在退去前铺展成白色泡沫和闪闪发光细流的短扇形。从 00:00.400 至 00:03.800：在潮湿的海滩中部，红橙腿寄居蟹用其大螯抓住一条被撕裂的海藻，用步足稳住身体，撕下一口大小的一块。从 00:00.800 至 00:03.500：在水线处，绿壳寄居蟹从湿沙中钳起一个深色有机微粒，抬到口器处，然后侧身避开下一层泡沫。[Shot 2, 00:04.000–00:08.000] 对前景寄居蟹的螯和口器进行紧凑的微距特写，明亮的海面在身后柔和虚化。镜头平滑低位向蟹推进，然后在其进食时稳定保持。整个镜头期间：虚化的背景中，细小波浪持续拍打并退去，泡沫线在灿烂阳光下闪闪发光。整个镜头期间：特写中，寄居蟹的螯将一片有光泽的海藻撕片抵在口器上，微小的颚部明显啃咬；沙粒从撕开的边缘掉落。
overall_soundscape: [00:00.000–00:08.000] 清亮而轻柔的拍岸声：每个小浪在湿沙上铺开时发出柔和的泡沫嘶嘶声，随后回卷退去时带出水润的吸吮声。其声源是前述对应主体，位于画面中，并与对应可见动作同步。[00:04.000–00:08.000] 细小清脆的嘎吱声和干涩如纸的咔嗒声，来自寄居蟹撕扯并啃咬海藻。其声源是前述对应主体，位于画面中，并与对应可见动作同步。
spoken_dialogue: 无。
non_diegetic_music: 无。
hard_constraints: 保留原始提示中明确陈述的每一个主体、动作、属性、数量、关系、场景、摄影机指令和风格约束。",zh,vp-032,vidprom_50k,vidprom_50k-f4b9d9101189874e,11e4319917ff5fbba1be4de37feb114dee41a2e5f8693082fb41eadd4b96117a
64,52032,"integrated_multimodal_description: Visual style: Naturalistic cinematic live-action style with warm afternoon light, gentle haze, and shallow depth of field centered on the reader and tablet. Setting: A quiet neighborhood park on a warm afternoon, with a bench beside a gravel path, a low flower bed of yellow and orange blooms, and a backdrop of flowering and leafy trees. Duration: 8 seconds. [Shot 1, 00:00.000–00:08.000] Medium three-quarter shot from the front, showing the reader, tablet, and enough of the bench, flower bed, and trees to establish the park setting. A steady, very slow push-in toward the reader and tablet, with no cuts. Visible subjects: A person with dark shoulder-length hair, wearing a mustard-yellow cardigan over a white T-shirt and blue jeans, seated on the bench. A slim tablet in a slate-blue protective case, turned on, showing an e-book page with lines of text and a small page number. A weathered dark-green wooden slatted bench placed beside the gravel path. A flowering crabapple tree and two leafy poplar trees behind the bench, with blossoms and branches swaying in the breeze. From 00:00.000 to 00:01.700: The person sits upright on the dark-green bench, holds the tablet with both hands, and tilts the screen so the e-book text is clearly lit and readable. From 00:01.700 to 00:03.400: A light gust rustles the tree leaves and blossoms; the reader looks up at the moving branches, smiles softly, then lowers their gaze back to the tablet. From 00:03.400 to 00:05.800: The reader swipes the screen with a thumb, the e-book page visibly slides to the next one, and the reader continues scanning the lines of text. From 00:05.800 to 00:08.000: A pale white petal drifts down and lands on the edge of the tablet screen. The reader pauses, lifts the petal gently with two fingers, places it on the bench beside them, and resumes reading the e-book.
overall_soundscape: [00:00.000–00:08.000] Open-air park room tone with soft wind, distant low hum, and a spacious leafy atmosphere. Its source is the surrounding environment, placed off screen. [00:01.700–00:03.400] A soft rush of breeze through the leaves, with the branches and blossoms shifting audibly. Its source is the corresponding previously introduced subject, placed on screen. It is synchronized with the corresponding visible action. [00:02.000–00:06.500] Intermittent cheerful birdsong from somewhere in the treetops. Its source is Unseen small songbirds in the tree canopy, heard intermittently during the scene., placed off screen. [00:03.500–00:03.900] A quiet synthetic page-turn swish from the tablet as the reader swipes to the next e-book page. Its source is the corresponding previously introduced subject, placed on screen. It is synchronized with the corresponding visible action.
spoken_dialogue: None.
non_diegetic_music: None.
hard_constraints: Preserve every subject, action, attribute, count, relationship, setting, camera instruction, and style constraint explicitly stated in the source prompt.",en,vp-033,vidprom_50k,vidprom_50k-f2a400ddbc4daf4e,de6ee45d3fc4174f0591578fa56c397d3bf1021e6ef22193cef9f435b91825b0
65,52032,"integrated_multimodal_description: 视觉风格：自然主义电影真人实拍风格，带有温暖的午后光线、轻柔的薄雾，以及以阅读者和平板电脑为中心的浅景深。场景：温暖的下午，在一个安静的社区公园里，砾石小径旁有一张长凳，一个低矮的花坛中盛开着黄色和橙色的花朵，背景是开花的树和枝繁叶茂的树。时长：8 seconds。[Shot 1, 00:00.000–00:08.000] 中景四分之三镜头，从正面拍摄，展示阅读者、平板电脑，以及足以确立公园场景的长凳、花坛和树木。一个稳定、非常缓慢的推近镜头，朝向阅读者和平板电脑，没有剪辑。可见主体：一个深色齐肩发的人，身穿芥末黄色开衫，内搭白色T恤，下穿蓝色牛仔裤，坐在长凳上。一台纤薄的平板电脑，装在石板蓝保护壳中，已开启，显示一页电子书，页面有文字行和一个小页码。一张风化的深绿色木板条长凳放在砾石小径旁。长凳后面有一棵开花的海棠树和两棵叶子茂密的杨树，花朵和枝条在微风中摇曳。从 00:00.000 到 00:01.700: 此人在深绿色长凳上坐直，双手拿着平板电脑，并倾斜屏幕，使电子书文字被充分照亮、清晰可读。从 00:01.700 到 00:03.400: 一阵轻风使树叶和花朵沙沙作响；阅读者抬头望向摆动的枝条，微微一笑，然后将目光移回平板电脑。从 00:03.400 到 00:05.800: 阅读者用拇指滑动屏幕，电子书页面明显滑到下一页，阅读者继续扫读文字行。从 00:05.800 到 00:08.000: 一片淡白色花瓣飘落，落在平板电脑屏幕边缘。阅读者停顿了一下，用两根手指轻轻拿起花瓣，放在身旁的长凳上，然后继续阅读电子书。
overall_soundscape: [00:00.000–00:08.000] 露天公园环境底噪，带有轻柔的风声、远处低沉的嗡嗡声和开阔的葱郁氛围。其声源为周围环境，置于画外。[00:01.700–00:03.400] 一阵轻柔的风吹过树叶，枝条和花朵发出可听见的晃动声。其声源为之前已引入的对应主体，置于画内，并与对应的可见动作同步。[00:02.000–00:06.500] 树梢某处传来断断续续的欢快鸟鸣。其声源是树冠中看不见的小型鸣禽，它们在场景中被间歇性地听到，位于画外。[00:03.500–00:03.900] 阅读者滑到下一页电子书时，平板电脑发出安静的合成翻页嗖声。其声源为之前已引入的对应主体，置于画内，并与对应的可见动作同步。
spoken_dialogue: 无。
non_diegetic_music: 无。
hard_constraints: 保留源提示中明确陈述的每个主体、动作、属性、数量、关系、场景、镜头指示和风格约束。",zh,vp-033,vidprom_50k,vidprom_50k-f2a400ddbc4daf4e,eb87e3fe053fed55f003a3cc2adb1c50d92f8903b57024c32b76bb3eefc39669
66,52033,"integrated_multimodal_description: Visual style: Naturalistic wildlife-camera realism with bright low-angled sunlight; shallow depth of field, subtle motion blur on the horse's legs and streaming mane, and a faint handheld bounce timed to hoof strikes. The scene has no score or voiceover. Setting: A wide-open grassland under a clear sky. Knee-high green-gold grass ripples in wind; a distant dark-green ridge is visible on the horizon. No fences, buildings, or domestic equipment appear. Duration: 8 seconds. [Shot 1, 00:00.000–00:08.000] Medium-wide low tracking shot; horse stays in the center of the frame with space ahead in its running direction. Camera moves parallel to the horse at a constant distance and speed, from the horse's low side, with subtle vertical bounce timed to each hoof strike. Visible subjects: A wild adult white horse with an unmarked white coat, long white mane and tail, and no halter, saddle, bridle, or other sign of domestication. From 00:00.000 to 00:02.200: The white wild horse is already at full gallop; its shoulders drive forward, its forelegs reach ahead, and its white mane streams backward through the sunlit air. From 00:02.200 to 00:05.000: The horse extends into longer, faster gallop strides; its tail streams level behind, and each hind hoof flick throws dark soil and cut grass into the air. From 00:05.000 to 00:08.000: The horse continues at the same gallop across a low grassy rise, ears pricked forward and nostrils flared, its legs moving in smooth powerful arcs until the end of the scene.
overall_soundscape: [00:00.000–00:08.000] Fast four-beat galloping hoofbeats on turf, with a dull thump on each landing and a soft tearing scrape as each hoof leaves the grass. Its source is the corresponding previously introduced subject, placed on screen. It is synchronized with the corresponding visible action. [00:00.000–00:08.000] Steady low wind across the open grassland, producing a broad soft presence and occasional localized grass rustle as the horse passes. Its source is the surrounding environment, placed off screen. [00:00.600–00:07.800] Rhythmic heavy blowing and short snorts from the horse, timed with the gallop stride. Its source is the corresponding previously introduced subject, placed on screen. It is synchronized with the corresponding visible action.
spoken_dialogue: None.
non_diegetic_music: None.
hard_constraints: Preserve every subject, action, attribute, count, relationship, setting, camera instruction, and style constraint explicitly stated in the source prompt.",en,vp-034,vidprom_50k,vidprom_50k-4dc82ac6cac80fac,2435a499a28b25349b0ba3f88cb3e15b67d0ab8fe25516d12553dda1e792b01b
67,52033,"integrated_multimodal_description: 视觉风格：自然主义野生动物摄影机写实风格，采用明亮低角度阳光；浅景深，马的腿部与飘动的鬃毛有轻微运动模糊，并带有与蹄击同步的轻微手持摄影机颠簸。场景没有配乐或旁白。场景：晴朗天空下的一片开阔草原。齐膝高的绿金色草在风中起伏；远处地平线上可见一道深绿色山脊。没有出现围栏、建筑物或驯养设备。时长：8 seconds。[Shot 1, 00:00.000–00:08.000] 中全景低角度跟拍镜头；马保持在画面中央，并在其奔跑方向前方留有空间。摄影机从马的低侧以恒定距离和速度与马平行移动，并带有与每次蹄击同步的轻微垂直颠簸。可见主体：一匹野生成年白马，全身白色被毛无杂斑，长有白色长鬃毛和长尾，没有笼头、马鞍、马勒或其他驯化迹象。从 00:00.000 到 00:02.200：白色野马已经处于全速飞奔状态；其肩部向前驱动，前腿向前伸展，白色鬃毛在阳光照耀的空气中向后飘动。从 00:02.200 到 00:05.000：马伸展为更长、更快的飞奔步幅；其尾巴在身后水平飘动，每一下后蹄踢甩都将深色泥土和被切断的草抛入空中。从 00:05.000 到 00:08.000：马以同样的奔跑越过一道低矮草坡，双耳前竖，鼻孔张开，双腿以流畅有力的弧线运动，直至场景结束。
overall_soundscape: [00:00.000–00:08.000] 快速四拍飞奔蹄声落在草皮上，每次落地伴有一声闷响，每只蹄子离开草地时伴有轻柔的撕裂刮擦声。其声源是先前介绍的对应主体，位于画面内。它与对应的可见动作同步。[00:00.000–00:08.000] 稳定低沉的风吹过开阔草原，产生宽广柔和的存在感，并在马经过时形成偶发的局部草叶沙沙声。其声源是周围环境，位于画面外。[00:00.600–00:07.800] 马发出有节奏的沉重喷息和短促鼻息，与飞奔步幅同步。其声源是先前介绍的对应主体，位于画面内。它与对应的可见动作同步。
spoken_dialogue: 无。
non_diegetic_music: 无。
hard_constraints: 保留源提示中明确陈述的每个主体、动作、属性、数量、关系、场景、镜头指令和风格约束。",zh,vp-034,vidprom_50k,vidprom_50k-4dc82ac6cac80fac,f3ebb94d7788abd67164ec1901bb0f4f53c43b48e38b65d52cf4cdcb9c8d8f9f
68,52034,"integrated_multimodal_description: Visual style: Naturalistic maritime realism with a muted grey-blue palette, glistening wet wood, wind-whipped fabric, and a slightly desaturated sea atmosphere. Setting: Open sea beneath a streaky grey sky. A weathered wooden boat with its bow pointed into the wind rides over rolling waves and patches of foam. Duration: 8 seconds. [Shot 1, 00:00.000–00:08.000] Medium-wide side profile of the monk standing on the bow; the weathered deck and churning water fill the lower foreground while the open sea and horizon fill the background. Single continuous exterior shot from the waterline on the boat's side, gently bobbing and holding the monk in profile as the boat rolls; no cut. Visible subjects: A shaven-headed Buddhist monk in an ochre robe, standing on the boat's forward deck. A weathered wooden boat with a low bow, heaving and rolling as it moves through the swells. The open grey sea surrounding the boat, with whitecaps and bursts of spray. Invisible moving air; its force is shown as it presses the monk's robe and whips spray from the waves. Throughout the shot: The bow rises and falls through long swells, wallowing slightly as it meets each wave; the monk stays standing with his feet planted on the wet deck and his ochre robe fluttering in the wind. From 00:00.700 to 00:03.300: A harder gust presses the robe against the monk's body and throws its hem backward; he squints into the wind and raises his left hand to gather the cloth at his shoulder. From 00:01.400 to 00:04.200: The hull meets a larger swell and a white burst of spray fans over the bow, throwing droplets across the timber near the monk's feet. From 00:03.400 to 00:08.000: As the gust eases, the monk lowers his left hand to his side, resettles his balanced stance, and looks toward the horizon while the boat continues heaving over the waves.
overall_soundscape: [00:00.000–00:08.000] Steady gusting wind over open water, with a low whistle that rises and falls as the boat pitches. Its source is the corresponding previously introduced subject, placed on screen. It is synchronized with the corresponding visible action. [00:00.000–00:08.000] Rhythmic slaps and hisses of swells against the hull, with occasional heavier impacts. Its source is the corresponding previously introduced subject, placed on screen. It is synchronized with the corresponding visible action. [00:01.000–00:08.000] Timber joints creak and groan as the old hull flexes with each rolling wave. Its source is the corresponding previously introduced subject, placed on screen. It is synchronized with the corresponding visible action. [00:01.400–00:04.200] A hissing burst of spray scatters across the forward deck as the bow meets the larger swell. Its source is the corresponding previously introduced subject, placed on screen. It is synchronized with the corresponding visible action.
spoken_dialogue: None.
non_diegetic_music: None.
hard_constraints: Preserve every subject, action, attribute, count, relationship, setting, camera instruction, and style constraint explicitly stated in the source prompt.",en,vp-035,vidprom_50k,vidprom_50k-312eb68938e6b9b4,de57012154a088dfb7ccb41005a82acb6f1bedfdeef37c5be101e0b5ebc9d3da
69,52034,"integrated_multimodal_description: 视觉风格：自然主义海洋写实，采用柔和的灰蓝色调、湿润反光的木料、被风抽打的织物，以及略微去饱和的海洋氛围。场景：条纹状灰色天空下的开阔海面。一艘船头迎风的饱经风霜木船在起伏的波浪和片片泡沫上行驶。时长：8 seconds。[Shot 1, 00:00.000–00:08.000] 僧侣站在船头的中远景侧面轮廓；饱经风霜的甲板和翻涌的海水填满下方前景，而广阔的海面和地平线填满背景。从船侧水线处拍摄的单一连续外部镜头，镜头轻轻上下浮动，并在船摇晃时保持僧侣处于侧影；无剪切。可见主体：一名剃发佛教僧侣，身穿赭色僧袍，站在船的前甲板上。一艘低矮船头的饱经风霜木船在涌浪中移动时颠簸摇晃。环绕船只的开阔灰色大海，有白色浪花和阵阵飞溅的水花。不可见的流动空气；其力量通过吹动僧侣的僧袍并从波浪上卷起水花来表现。整个镜头中：船头在长涌浪中起伏，遇到每个波浪时轻微摇晃；僧侣双脚稳稳踏在湿甲板上保持站立，赭色僧袍在风中飘动。从 00:00.700 到 00:03.300：一阵更强的阵风将僧袍压向僧侣身体，并把衣摆向后掀起；他迎着风眯起眼睛，抬起左手在肩头收拢衣料。从 00:01.400 到 00:04.200：船体遇到更大的涌浪，一阵白色水花呈扇形越过船头，将水滴甩到僧侣脚边的木板上。从 00:03.400 到 00:08.000：随着阵风减弱，僧侣把左手放回身侧，重新调整平衡站姿，望向地平线，而船继续在波浪上颠簸起伏。
overall_soundscape: [00:00.000–00:08.000] 开阔水面上的持续阵风，带有低沉的呼啸声，其声高低随船纵摇而起伏。其声源是先前引入的对应主体，位于画面中。它与对应的可见动作同步。[00:00.000–00:08.000] 涌浪有节奏地拍打船体发出的拍击声和嘶嘶声，偶尔有更重的撞击声。其声源是先前引入的对应主体，位于画面中。它与对应的可见动作同步。[00:01.000–00:08.000] 当旧船体随每一道滚涌弯折时，木制接头吱嘎作响并发出呻吟。其声源是先前引入的对应主体，位于画面中。它与对应的可见动作同步。[00:01.400–00:04.200] 当船头遇到更大的涌浪时，一阵嘶嘶作响的水花飞溅散落在前甲板上。其声源是先前引入的对应主体，位于画面中。它与对应的可见动作同步。
spoken_dialogue: 无。
non_diegetic_music: 无。
hard_constraints: 保留源提示中明确陈述的每一个主体、动作、属性、数量、关系、场景、镜头指令和风格约束。",zh,vp-035,vidprom_50k,vidprom_50k-312eb68938e6b9b4,9f6e30e681fca15991870f330a79d21a8027bc150a7ba69db40365ca9de031ac
70,52035,"integrated_multimodal_description: Visual style: Bright photorealistic surf footage with deep blue-green water, warm direct sunlight flashing on wave crests and spray, crisp droplets, and a smooth sweeping drone motion. Setting: A broad open stretch of ocean in Hawaii, with a large breaking wave rising out of the blue Pacific under a clear sunlit sky. Duration: 8 seconds. [Shot 1, 00:00.000–00:08.000] High-angle wide shot holding all four surfers on the face of the large wave while the sunlit breaking crest remains visible above them. Lateral drone glide moving smoothly from left to right at wave-crest height, parallel to the line of surfers. Visible subjects: A large blue-green Hawaiian wave with a steep glassy face, a forward-throwing curling lip, and whitewater churning along its lower base. Bright tropical sun near the horizon, casting warm golden light and glittering highlights across the water. Four surfers on shortboards riding along a steep wave face, bodies low over their boards, arms reaching to keep balance, and fins leaving thin white cuts. From 00:00.000 to 00:01.600: The big wave's lip begins to pitch forward; sunlight glitters along the freshly raised crest. From 00:00.500 to 00:03.200: All four surfers crouch over their boards and drop down the steep glassy face, angling along the wave to gain speed. From 00:02.000 to 00:04.600: The breaking lip explodes into a wind-blown sheet of spray that catches the sun and forms a bright halo around the surfers. From 00:04.200 to 00:06.500: The surfers compress, swing off the wave's lower wall, and carve upward in sequence, throwing thin rooster tails of white water. From 00:06.200 to 00:08.000: The group races out across the open shoulder as the wave rolls behind them; sunlight still flashes on every crest and spray trail.
overall_soundscape: [00:00.000–00:08.000] Steady Hawaiian Pacific surf, muted reef break, and warm dry trade wind flowing over the open water. Its source is Open Pacific Ocean surrounding the main wave, with deep blue swells and small whitecaps., placed on screen. It is synchronized with the corresponding visible action. [00:00.200–00:02.400] A hollow thud as the wave lip throws forward, followed by a drawn-out roaring hiss of whitewater. Its source is the corresponding previously introduced subject, placed on screen. It is synchronized with the corresponding visible action. [00:00.700–00:08.000] Sharp continuous hiss of surfboard fins and rails cutting through water, with spray crackling during each carve. Its source is the corresponding previously introduced subject, placed on screen. It is synchronized with the corresponding visible action.
spoken_dialogue: None.
non_diegetic_music: None.
hard_constraints: Preserve every subject, action, attribute, count, relationship, setting, camera instruction, and style constraint explicitly stated in the source prompt.",en,vp-036,vidprom_50k,vidprom_50k-a427b1b0f6f99f81,83d094923f9e444352f7671aaff1a3fedecf46273ffa325f15df034956e52f9d
71,52035,"integrated_multimodal_description: 视觉风格：明亮的照片级逼真冲浪镜头，深蓝绿色的海水，温暖的直射阳光在波峰和水花上闪烁，清晰的水滴，以及平滑扫掠的无人机运动。场景：夏威夷一片开阔的海洋，在晴朗的阳光天空下，一道大型破浪从蓝色太平洋中涌起。时长：8 seconds。[Shot 1, 00:00.000–00:08.000] 高角度广角镜头，将四名冲浪者全部保持在大浪浪面上，同时被阳光照亮的破碎波峰仍在其上方可见。无人机横向滑翔，从左侧平稳向右移动，高度与波峰齐平，与冲浪者队伍平行。可见主体：一道蓝绿色夏威夷巨浪，具有陡峭光滑的浪面、向前抛出的卷曲浪唇，以及沿其底部翻腾的白水。明亮的热带太阳贴近地平线，在水面上投下温暖的金色光芒和闪烁的高光。四名冲浪者踩着短板沿陡峭浪面骑行，身体低伏在板上，手臂伸出以保持平衡，尾鳍留下细小的白色切痕。从 00:00.000 到 00:01.600：巨浪的浪唇开始向前倾斜；阳光在刚升起的波峰上闪烁。从 00:00.500 到 00:03.200：所有四名冲浪者蹲在板上，俯冲下陡峭光滑的浪面，沿着浪调整方向以获取速度。从 00:02.000 到 00:04.600：破碎的浪唇爆裂成一片被风吹起的水花，水花捕捉阳光并在冲浪者周围形成明亮的光晕。从 00:04.200 到 00:06.500：冲浪者压低身体，从浪的较低内壁荡出，依次向上切浪，甩出细长的白色水花尾迹。从 00:06.200 到 00:08.000：这群人快速冲出，穿过开阔的浪肩，身后大浪翻滚；阳光仍在每个波峰和水花轨迹上闪烁。
overall_soundscape: [00:00.000–00:08.000] Steady Hawaiian Pacific 海浪声、低沉的礁石破浪声，以及温暖干燥的信风吹过开阔水面的声音。其声源是 Open Pacific Ocean，围绕主浪，带有深蓝色涌浪和白色小浪花，置于画面中。它与相应的可见动作同步。[00:00.200–00:02.400] 当浪唇向前抛出时发出空洞的重击声，随后是拖长的白水咆哮嘶嘶声。其声源是先前介绍的相应主体，置于画面中。它与相应的可见动作同步。[00:00.700–00:08.000] 冲浪板尾鳍和板刃切水时发出尖锐持续的嘶嘶声，伴有每次切浪时水花的噼啪声。其声源是先前介绍的相应主体，置于画面中。它与相应的可见动作同步。
spoken_dialogue: 无。
non_diegetic_music: 无。
hard_constraints: 保留源提示中明确陈述的每个主体、动作、属性、数量、关系、场景、镜头指令和风格约束。",zh,vp-036,vidprom_50k,vidprom_50k-a427b1b0f6f99f81,8c17f6bb5c9bc5657a5c00b763ce6d6459d1f9a5206fe6026f5f8281ecd2e934
72,52036,"integrated_multimodal_description: Visual style: Dark aerial-noir cityscape: deep blue-black shadows, glowing amber and cool-white window lights, low drifting haze, and one smooth overhead aerial pan across the metropolis. Setting: Gotham City at night, seen from an overhead aerial vantage point; a dense urban basin of angular towers, rooftops, streets, and lights stretching toward a hazy horizon. Duration: 8 seconds. [Shot 1, 00:00.000–00:08.000] High-angle overhead wide frame looking down at Gotham City; the city fills the view with no clear horizon until the far edge. Unbroken aerial pan: the camera drifts smoothly above the rooftops while panning from the western side of the city toward the downtown core, keeping a constant overhead altitude. Visible subjects: Gotham City itself as the visible landscape below: dark angular skyscrapers, rooftop clusters, glowing windows, weather-stained towers, and long street canyons. From 00:00.000 to 00:03.600: From directly over the city, the view slides east over a dense bed of dark roofs, rooftop vents, antennas, and tiny lit windows steadily passing beneath the frame. From 00:03.600 to 00:08.000: The aerial pan continues across a broad avenue where headlights and taillights trace two glowing curves; haze blurs the far downtown towers, then a low bridge with a chain of lights enters the upper edge of the frame.
overall_soundscape: [00:00.000–00:08.000] Wide and muted city ambience: distant traffic drone, scattered mechanical rooftop hums, faint car horns far below, and a thin high wind around the aerial vantage point. Its source is the corresponding previously introduced subject, placed on screen. It is synchronized with the corresponding visible action.
spoken_dialogue: None.
non_diegetic_music: None.
hard_constraints: Preserve every subject, action, attribute, count, relationship, setting, camera instruction, and style constraint explicitly stated in the source prompt.",en,vp-037,vidprom_50k,vidprom_50k-0150eea00acd94de,4ed9f3518511ef3344df10f31b43aa50f774da7d527c640600366b98321f15f3
73,52036,"integrated_multimodal_description: 视觉风格：暗色空中黑色电影式城市景观：深蓝黑色阴影、发光的琥珀色与冷白色窗户灯光、低处飘浮的薄雾，以及一次平滑的俯视航拍摇摄扫过整座大都市。场景：Gotham City在夜间，从空中俯瞰视角观看；一片由棱角分明的塔楼、屋顶、街道和灯光构成的密集城市盆地，向朦胧的地平线延伸。时长：8 seconds。[Shot 1, 00:00.000–00:08.000] 高角度俯拍宽画幅，向下注视Gotham City；城市充满画面，直到远处边缘都没有清晰的地平线。不间断的空中摇摄：镜头在屋顶上方平滑漂移，同时从城市西侧向市中心核心区摇摄，保持恒定的俯视高度。可见主体：Gotham City本身作为下方可见的景观：深色棱角分明的摩天大楼、屋顶群、发光的窗户、受风雨侵蚀的塔楼，以及长长的街道峡谷。从00:00.000到00:03.600：从城市正上方，视野向东滑过一片密集的深色屋顶、屋顶通风口、天线和微小的亮窗，稳定地从画面下方经过。从00:03.600到00:08.000：空中摇摄继续穿过一条宽阔的大道，车头灯和尾灯勾勒出两道发光曲线；薄雾使远处市中心的塔楼变得模糊，随后一座带有一串灯光的低矮桥梁进入画面上缘。
overall_soundscape: [00:00.000–00:08.000] 开阔而低沉的城市场景环境音：远处交通的持续低鸣、零星的屋顶机械嗡声、远处下方微弱的汽车喇叭声，以及空中视点周围细弱而高亢的风声。其声源是此前引入的对应主体，置于画面上。它与对应的可见动作同步。
spoken_dialogue: 无。
non_diegetic_music: 无。
hard_constraints: 保留源提示中明确陈述的每个主体、动作、属性、数量、关系、场景、镜头指令和风格约束。",zh,vp-037,vidprom_50k,vidprom_50k-0150eea00acd94de,86de9edf333c2fa803c48b59e76c8466a063a5c5bdafe85e24b025e123fa4f64
74,52037,"integrated_multimodal_description: Visual style: Low-angle dramatic realism with a heightened, physical sound stage; the shout reads as a pressure wave that cracks both the air and the ground, while the storm sky reacts as a sympathetic split. Setting: A windy, dry stone ridge between two eroded hill slopes, under a heavy low storm sky. The ridge lip is packed gravel, scattered with loose stones and a few old hairline cracks. Duration: 8 seconds. [Shot 1, 00:00.000–00:02.400] Wide, low-angle; lone figure centered against the storm sky. Slow dolly-in from a distance while the wind shakes the frame slightly. Visible subjects: A lone human figure in a dark weathered coat standing on the ridge, hair and coat whipping in the wind. From 00:00.000 to 00:01.200: The figure takes the last two boot-sized steps onto the ridge and rocks forward; coat tails and hair snap horizontally. From 00:01.200 to 00:02.400: With feet planted, the figure sways into a low brace, pulls in a huge breath, raises fists, and tilts the face upward. [Shot 2, 00:02.400–00:08.000] Medium; the figure's head and shoulders stay centered while the cracked ridge and sky remain visible at the edges. Handheld push-in and slight tilt: rises with the shout, then tilts downward to the cracking ground in the aftermath. Visible subjects: The dry gravel ridge surface under the figure's boots, with small loose stones and older shallow cracks. Low, heavy slate-colored clouds above the ridge, with faint silver light behind their upper edges. From 00:02.400 to 00:04.600: The figure's mouth opens wide into a sustained bellow; neck tendons stand out, coat sleeves shake, and the shout visibly moves the air. From 00:02.600 to 00:05.300: A low translucent ripple pushes outward from the figure; surface grit leaps up and new cracks lance across the ridge. From 00:02.800 to 00:05.200: The cloud mass above peels open along a ragged horizontal seam; cloud fragments roll back and a pale glow widens in the gap. From 00:05.300 to 00:06.500: The ridge is still shuddering; small stones bounce beside the fresh fractures, and curling dust drifts through the gap of cloud light. From 00:06.500 to 00:08.000: The figure lowers its head, chest heaving; loose gravel trickles into the cracks while the opened seam in the sky remains visible.
overall_soundscape: [00:00.000–00:08.000] Relentless low-pressure wind over the ridge, peaking just before the shout and flattening slightly after the tremors stop. Its source is the surrounding environment, placed off screen. [00:02.600–00:05.300] Sharp brittle crack sounds as the ridge splits, quickly becoming a deep gravelly rumble as aftershocks travel along the fissures. Its source is the corresponding previously introduced subject, placed on screen. It is synchronized with the corresponding visible action. [00:02.800–00:05.200] Wide, muffled thunderous boom that rolls through the cloud seam, lower in pitch than the shout. Its source is the corresponding previously introduced subject, placed on screen. It is synchronized with the corresponding visible action.
spoken_dialogue: [00:02.400–00:04.600] The previously introduced speaker says exactly “AAAAAAAGH!” in undetermined, spoken in the scene. Delivery: Sustained, hoarse, rising roar that reaches its loudest in the middle and then trails off with strain; not spoken as words. Voice: Hoarse, powerful, sustained shout.
non_diegetic_music: None.
hard_constraints: Preserve every subject, action, attribute, count, relationship, setting, camera instruction, and style constraint explicitly stated in the source prompt.",en,vp-038,vidprom_50k,vidprom_50k-44ab5240e0241040,1c32da04be2af5d87551b06a806f6287af335225fe836a9a13e281650403c6ae
75,52037,"integrated_multimodal_description: 视觉风格：低角度戏剧化写实，并带有被强化的、具物理质感的声场；那声呼喊表现为一道压力波，同时震裂空气与地面，风暴天空也以感应般的裂开作为呼应。场景设置：一条多风、干燥的石脊，位于两座被侵蚀的山坡之间，上方是沉重低垂的风暴天空。石脊边缘是压实的砾石，散落着松动的石块和几道旧的发丝裂纹。时长：8 seconds。[Shot 1, 00:00.000–00:02.400] 广角低角度；孤独的身影以风暴天空为背景居于中央。从远处缓慢推近，同时风使画面轻微晃动。可见主体：一个孤独的人形，穿着深色风化的外套，站在石脊上，头发和外套在风中猛烈拍打。从 00:00.000 到 00:01.200：身影迈出最后两步靴子大小的脚步踏上石脊，身体前倾摇晃；外套下摆和头发横向甩动。从 00:01.200 到 00:02.400：双脚站定后，身影摇晃着压低成支撑姿态，深吸一口气，举起双拳，脸朝上仰起。[Shot 2, 00:02.400–00:08.000] 中景；身影的头和肩膀保持在画面中央，开裂的石脊和天空仍在画面边缘可见。手持推进并轻微倾斜：在呼喊时抬起，随后在余波中向下倾斜至开裂的地面。可见主体：身影靴子下干燥的砾石脊表面，有小松动的石块和较旧的浅层裂缝。石脊上方是低沉厚重的石板色云层，其上缘背后有微弱的银色光。从 00:02.400 到 00:04.600：身影的嘴大张，发出一声持续的吼叫；颈部肌腱凸起，外套袖子抖动，呼喊明显推动空气。从 00:02.600 到 00:05.300：一道低矮的半透明波纹从身影向外推出；地表砂砾跃起，新裂缝横贯石脊。从 00:02.800 到 00:05.200：上方云团沿一条参差的水平接缝剥开；云块翻卷退去，一道苍白的光在缝隙中变宽。从 00:05.300 到 00:06.500：石脊仍在颤抖；小石块在新生裂缝旁跳动，翻卷的尘土飘过云光的缝隙。从 00:06.500 到 00:08.000：身影低下头，胸口起伏；松散的砾石滑入裂缝，而天空中张开的缝隙仍然可见。
overall_soundscape: [00:00.000–00:08.000] 石脊上方持续不断的低压风，在呼喊前一刻达到峰值，并在震颤停止后略微减弱。其声源是周围环境，置于画外。[00:02.600–00:05.300] 石脊裂开时发出尖锐、脆裂的开裂声，随后随着余震沿裂缝传播，迅速变成深沉粗粝的隆隆声。其声源是先前引入的对应主体，置于画内。它与对应的可见动作同步。[00:02.800–00:05.200] 宽阔、沉闷的雷鸣般轰声滚过云缝，音调低于呼喊。其声源是先前引入的对应主体，置于画内。它与对应的可见动作同步。
spoken_dialogue: [00:02.400–00:04.600] 先前引入的说话者以未确定的语言在场景中准确说出“AAAAAAAGH!”。表达：持续、嘶哑、渐强的吼声，在中间达到最响，随后吃力地减弱；不是作为词语说出。嗓音：嘶哑、有力、持续的呼喊。
non_diegetic_music: 无。
hard_constraints: 保留源提示中明确陈述的每一个主体、动作、属性、数量、关系、场景、摄影机指示和风格约束。",zh,vp-038,vidprom_50k,vidprom_50k-44ab5240e0241040,42bd37cc1e4203409d80df72f0bc9f3fc0b4096c211960f24ceb7ca24e040225
76,52038,"integrated_multimodal_description: Visual style: Gritty photorealistic post-apocalyptic sci-fi footage; desaturated gray and amber grading, hazy volumetric air, ash drifting through dull orange-gray light, and grounded low camera work. Setting: An ash-covered street in a ruined city on a destroyed Earth: collapsed blackened buildings, snapped cables, scattered rebar, concrete dust, and faint smoke columns on the horizon. No living vegetation is visible. Duration: 8 seconds. [Shot 1, 00:00.000–00:04.200] Extreme wide ground-level shot with the robot small but distinct among the ruined high-rises. Tripod shot with a slow pan that keeps the robot loosely centered as it walks from left to right across the debris. Visible subjects: Battle-scarred bipedal robot, about 2 m tall, with dented gray hull plating, yellow safety markings, exposed copper wiring at one shoulder, hydraulic knee joints, one narrow red optical sensor in a rotating head, and heavy articulated hands. Long, matte-black rifle with a worn polymer stock, short barrel shroud, and a faint orange status light near the receiver, held in the robot's right hand. From 00:00.000 to 00:02.400: Ash parts as the robot strides into view, its red optic glowing while the head slowly pans across the ruined skyline. One heavy boot and then the other crunch through a layer of loose concrete, and the rifle stays in a low-ready grip beside its body. From 00:02.400 to 00:04.200: The robot steps over a toppled concrete slab, climbs a low pile of rubble, and angles the rifle up for a moment as it scans a collapsed overpass ahead; it then lowers the muzzle and continues walking. [Shot 2, 00:04.200–00:08.000] Low continuous rear shot from behind and slightly to the robot's right, keeping the rifle and one shoulder in frame. Steadicam following the robot at walking pace, bobbing naturally with each stride and moving through the drifting ash. From 00:04.200 to 00:05.800: From the close rear angle, hydraulic pistons in the robot's leg and shoulder flex with every stride. The robot's head turns a few degrees left, then right, while the rifle remains fixed and steady in its right hand. From 00:05.800 to 00:08.000: The robot ducks its head slightly under a sagging cable, straightens, and keeps pacing forward into denser ash. The rifle is carried low and ready, ash swirling around its legs as the robot continues walking.
overall_soundscape: [00:00.000–00:08.000] Ash-laden wind moans through broken girders, carrying distant low groans of settling wreckage beyond the ruins. Its source is the surrounding environment, placed off screen. It is synchronized with the corresponding visible action. [00:00.000–00:08.000] Hydraulic servos whine rhythmically; heavy boots crunch through concrete grit, glass, and ash with each stride. Its source is the corresponding previously introduced subject, placed on screen. It is synchronized with the corresponding visible action. [00:02.400–00:04.200] A faint electronic hum rises from the rifle's power cell when the robot angles it upward, then fades as the muzzle lowers. Its source is the corresponding previously introduced subject, placed on screen. It is synchronized with the corresponding visible action.
spoken_dialogue: None.
non_diegetic_music: None.
hard_constraints: Preserve every subject, action, attribute, count, relationship, setting, camera instruction, and style constraint explicitly stated in the source prompt.",en,vp-039,vidprom_50k,vidprom_50k-d296c8dc568efb81,1a0e78949f86b78b1530fe5240ec09c0eaf532b7251f3276bdbdafbf4a66e314
77,52038,"integrated_multimodal_description: 视觉风格：粗粝、照片级写实的后末日科幻影像；低饱和的灰色与琥珀色调，朦胧的体积化空气，灰烬在暗淡的橙灰色光线中飘散，并使用贴地的低机位运镜。场景：被摧毁的地球上，一座废墟城市中一条覆满灰烬的街道：烧毁塌陷的建筑物、断裂的电缆、散落的钢筋、混凝土粉尘，以及地平线上隐约的烟柱。看不到任何存活的植被。时长：8 seconds。[Shot 1, 00:00.000–00:04.200] 极远景地面机位镜头，机器人在毁坏的高楼群中显得很小但清晰可辨。三脚架机位缓慢摇摄，在机器人从左向右走过废墟时使其大致居中。可见主体：战痕累累的双足机器人，约2 m高，带有凹陷的灰色外壳装甲板、黄色安全标记、一侧肩部外露的铜线、液压膝关节、一个位于可旋转头部中的窄形红色光学传感器，以及沉重的多关节双手。一支哑光黑色长步枪，带有磨损的聚合物枪托、短枪管护套和靠近机匣的微弱橙色状态灯，握在机器人右手中。从00:00.000至00:02.400:灰烬分开，机器人迈步走入画面；其红色光学传感器发着光，头部缓慢扫过毁坏的天际线。一只沉重的靴子，接着另一只，先后嘎吱碾过一层松散的混凝土，步枪则以低位待发的握持姿势保持在身体旁。从00:02.400至00:04.200:机器人跨过一块倒塌的混凝土板，爬上一小堆瓦砾，并短暂地将枪口上仰，扫描前方的一座坍塌高架桥；随后它压低枪口，继续行走。[Shot 2, 00:04.200–00:08.000] 低位连续背面镜头，位于机器人后方稍微偏右，步枪和一侧肩膀保持在画框内。斯坦尼康以步行速度跟随机器人，随着每一步自然上下浮动，穿过飘散的灰烬。从00:04.200至00:05.800:从贴近后方的角度，机器人腿部和肩部的液压活塞在每一步中屈伸。机器人的头部向左转几度，然后向右转几度，而步枪始终固定并稳定地握在它右手中。从00:05.800至00:08.000:机器人在一条下垂电缆下方微微低头，然后直起身，继续朝更浓密的灰烬中前行。步枪保持低位戒备握持，灰烬在它腿部周围旋转，机器人继续行走。
overall_soundscape: [00:00.000–00:08.000] 夹带着灰烬的风在断裂的钢梁间呜咽，携带着废墟之外沉降残骸发出的远处低沉呻吟。其声源是周围环境，置于画外；其与相应的可见动作同步。[00:00.000–00:08.000] 液压伺服马达有节奏地嗡鸣；每迈出一步，沉重的靴子就嘎吱碾过混凝土砂砾、玻璃和灰烬。其声源是前述已引入的对应主体，置于画内；其与相应的可见动作同步。[00:02.400–00:04.200] 当机器人把步枪向上扬起时，步枪的电源电池里发出微弱的电子嗡鸣声，随后随着枪口放低而消失。其声源是前述已引入的对应主体，置于画内；其与相应的可见动作同步。
spoken_dialogue: 无。
non_diegetic_music: 无。
hard_constraints: 保留源提示中明确陈述的每一个主体、动作、属性、数量、关系、场景、镜头指令和风格约束。",zh,vp-039,vidprom_50k,vidprom_50k-d296c8dc568efb81,6f34bba1d140e068162e068259983318948d06d0cb3e07917e8bc8a50711557f
78,52039,"integrated_multimodal_description: Visual style: Closeup, super-detailed hyper-plastic 3D animation; surrealistic and transcendent mood with saturated pastel colors, glossy toy-like surfaces, and dreamlike spatial distortion. Setting: A polished, impossible pastel bathroom centered on an ornate pearlescent toilet bowl, gradually dissolving into a boundless lavender mist filled with tiny glowing particles. Duration: 8 seconds. [Shot 1, 00:00.000–00:08.000] Tight closeup keeping the figure's face, the coffee cup, and the front curve of the toilet bowl in frame. Single continuous take with a very slow push-in and a subtle upward tilt; no cuts. Visible subjects: A soft stylized human figure in lavender pajamas, seated on the toilet bowl and holding a glossy coffee cup. A glossy white ceramic coffee cup with hyper-plastic sheen, filled with dark steaming coffee. A large glossy hyper-plastic toilet bowl with pearlescent lavender sheen and a smooth curving rim. From 00:00.000 to 00:01.200: The figure gently circles the glossy coffee cup in its hand, and a coiled ribbon of steam spirals upward from the dark liquid. Throughout the shot: The figure remains seated on the glossy toilet bowl throughout, pajama-clad body relaxed, torso angled slightly forward. From 00:01.200 to 00:03.400: The figure raises the coffee cup, tilts it to its lips, takes a slow deliberate sip, and swallows. From 00:03.400 to 00:05.200: The figure lowers the cup toward its lap, and a pearlescent wave of light travels down its arm into the toilet bowl, making the glossy bowl ripple like liquid plastic while the tiled wall behind begins to bend. From 00:05.200 to 00:07.200: The bathroom dissolves into lavender haze; the toilet bowl becomes translucent and thousands of glowing specks spiral upward around the figure's knees like a tiny galaxy. From 00:07.200 to 00:08.000: The figure lowers the coffee cup just above its lap and exhales a faint opalescent mist as the haze thins and reveals the polished impossible bathroom again.
overall_soundscape: [00:00.000–00:08.000] Soft, spacious room-tone hum with distant porcelain resonance and a subtle electronic shimmer. Its source is the surrounding environment, placed off screen. [00:01.400–00:03.300] Quiet sip and a soft swallow, close in the mix. Its source is the corresponding previously introduced subject, placed on screen. It is synchronized with the corresponding visible action. [00:03.600–00:05.100] Low watery pulse and a glossy plastic bloom as the toilet bowl ripples with light. Its source is the corresponding previously introduced subject, placed on screen. It is synchronized with the corresponding visible action.
spoken_dialogue: None.
non_diegetic_music: [00:00.400–00:07.800] Luminous glassy drone with soft bell overtones that swells and recedes, supporting the transcendent mood. This music is non-diegetic.
hard_constraints: Preserve every subject, action, attribute, count, relationship, setting, camera instruction, and style constraint explicitly stated in the source prompt.",en,vp-040,vidprom_50k,vidprom_50k-54c51a5453d12be2,82977501a69e885a8e63bfe3eaf4e4fd433be9b0c8f924706f4cc0a14567a713
79,52039,"integrated_multimodal_description: 视觉风格：特写，超精细的超塑料质感3D动画；超现实且超然的氛围，带有饱和粉彩色、光亮玩具般的表面和梦幻般的空间扭曲。场景：一个光洁的、不可能的粉彩浴室，以华丽的珠光马桶为中心，逐渐消散成无边无际的、满是细小发光粒子的淡紫色雾霭。时长：8 seconds。[Shot 1, 00:00.000–00:08.000] 紧凑特写，将人物的面部、咖啡杯和马桶前缘曲线保持在画面中。单个连续镜头，带一个非常缓慢的推近和细微的向上倾斜；无剪切。可见主体：一个穿淡紫色睡衣的柔和风格化人物，坐在马桶上，手中持有一个光亮的咖啡杯。一个带有超塑料光泽的光亮白色陶瓷咖啡杯，装满深色热气腾腾的咖啡。一个大型光亮超塑料马桶，带有珠光淡紫色光泽和平滑弯曲的边沿。从00:00.000至00:01.200：人物轻轻转动手中的光亮咖啡杯，一条盘绕的丝带状蒸汽从深色液体中盘旋上升。整个镜头中：人物始终坐在光亮的马桶上，穿睡衣的身体放松，躯干略微前倾。从00:01.200至00:03.400：人物举起咖啡杯，将其倾斜到唇边，缓慢而从容地啜饮一口并咽下。从00:03.400至00:05.200：人物将杯子朝大腿方向放低，一道珠光波沿其手臂向下传入马桶，使光亮的马桶像液态塑料一样泛起涟漪，同时身后瓷砖墙壁开始弯曲。从00:05.200至00:07.200：浴室消散成淡紫色雾霭；马桶变得半透明；数千个发光微粒像一个小星系一样绕着人物膝部盘旋上升。从00:07.200至00:08.000：人物将咖啡杯放低到大腿正上方，呼出一缕淡淡的乳白色雾气，同时雾霭变薄，再次显露出那个光洁的、不可能的浴室。
overall_soundscape: [00:00.000–00:08.000] 柔和、宽阔的房间环境底噪嗡鸣，带有远处的瓷器共振和微妙的电子闪烁声。其声源是周围环境，位于画面外。 [00:01.400–00:03.300] 安静的啜饮和轻柔的吞咽声，在混音中靠得很近。其声源是对应于先前引入的主体，位于画面内。它与对应的可见动作同步。 [00:03.600–00:05.100] 低沉的水感脉冲和光亮的塑料感绽开声，发生在马桶随光线泛起涟漪时。其声源是对应于先前引入的主体，位于画面内。它与对应的可见动作同步。
spoken_dialogue: 无。
non_diegetic_music: [00:00.400–00:07.800] 清亮玻璃质感的持续长音，带有柔和的钟声泛音，渐强再渐弱，烘托超然氛围。这段音乐是非剧情内音乐。
hard_constraints: 保留源提示中明确陈述的每一个主体、动作、属性、数量、关系、场景、镜头指令和风格约束。",zh,vp-040,vidprom_50k,vidprom_50k-54c51a5453d12be2,5bc1ca8fbcd3e558651f6aba4862a06340459192c701ac7b14e180595f0665d7
80,52040,"integrated_multimodal_description: Visual style: Observational naturalism with warm late-afternoon color, shallow depth of field, and no score. Setting: A narrow alley between two brick residential buildings. The source roof has a low concrete parapet; the destination roof is across the gap with a flat asphalt surface and a similar edge. Duration: 8 seconds. [Shot 1, 00:00.000–00:08.000] Medium-wide lateral rooftop composition: the cat is on the left roof edge, the gap is in the center, and the far roof edge is on the right. Static camera at rooftop height, no pan or zoom. Visible subjects: A lean short-haired tabby cat with mottled gray-orange fur, alert ears, and a dark-ringed tail. From 00:00.200 to 00:02.600: On the nearer roof, the tabby plants its front paws on the concrete edge, sinks its haunches, and holds a low coiled crouch before jumping. From 00:02.600 to 00:03.700: The cat drives off the parapet with its hind legs and clears the alley gap in a stretched, level leap, tail streaming behind it. From 00:03.700 to 00:08.000: The tabby's front paws reach the far roof edge, hindquarters absorb the landing, and it rises to a balanced standing posture with its tail high.
overall_soundscape: [00:00.000–00:08.000] Low wind, distant traffic hum, and sparse birdsong around the rooftops. Its source is the surrounding environment, placed off screen. [00:02.100–00:02.650] Short dry scrapes of claws against gritty concrete as the cat adjusts its paws in the crouch. Its source is the corresponding previously introduced subject, placed on screen. It is synchronized with the corresponding visible action. [00:02.600–00:02.850] A quick double thump as the cat's hind paws shove off the parapet. Its source is the corresponding previously introduced subject, placed on screen. It is synchronized with the corresponding visible action. [00:02.850–00:03.600] A soft whoosh of air around the cat's body as it crosses the gap. Its source is the corresponding previously introduced subject, placed on screen. It is synchronized with the corresponding visible action. [00:03.700–00:04.100] A padded double thump as the front paws hit the far roof and the hind paws follow. Its source is the corresponding previously introduced subject, placed on screen. It is synchronized with the corresponding visible action.
spoken_dialogue: None.
non_diegetic_music: None.
hard_constraints: Preserve every subject, action, attribute, count, relationship, setting, camera instruction, and style constraint explicitly stated in the source prompt.",en,vp-041,vidprom_50k,vidprom_50k-d3bdf4a3a519659f,d84abb4a62b459dd94a5827f52b6e4c5d2d0109b36d9354c90e0e33d1c1be436
81,52040,"integrated_multimodal_description: 视觉风格：观察式自然主义，带有温暖的傍晚色调、浅景深，且无配乐。场景：一条位于两栋砖砌住宅楼之间的狭窄小巷。起点屋顶有低矮的混凝土女儿墙；终点屋顶在间隙对面，有平坦的沥青表面和相似的边缘。时长：8 seconds。[Shot 1, 00:00.000–00:08.000] 中全景横向屋顶构图：猫位于左侧屋顶边缘，间隙位于画面中央，远处屋顶边缘位于右侧。摄影机固定在屋顶高度，无摇移或变焦。可见主体：一只瘦削的短毛虎斑猫，毛色灰橙斑驳，耳朵警觉，尾巴带有深色环纹。从 00:00.200 到 00:02.600：在较近的屋顶上，虎斑猫将前爪搭在混凝土边缘，臀部下沉，并在跳跃前保持低伏蜷缩的蹲姿。从 00:02.600 到 00:03.700：猫用后腿蹬离女儿墙，以伸展的水平跳跃越过小巷间隙，尾巴在身后飘动。从 00:03.700 到 00:08.000：虎斑猫的前爪触及远处屋顶边缘，后躯缓冲落地，随后起身成平衡的站立姿势，尾巴高高翘起。
overall_soundscape: [00:00.000–00:08.000] 低弱的风声、远处交通的嗡嗡声和屋顶周围零星的鸟鸣。其声源是周围环境，置于画面外。[00:02.100–00:02.650] 猫在蹲伏中调整爪子时，爪子与粗糙混凝土之间短暂而干涩的刮擦声。其声源是之前介绍过的相应主体，置于画面内。它与相应的可见动作同步。[00:02.600–00:02.850] 猫的后爪蹬离女儿墙时，响起快速的双重闷响。其声源是之前介绍过的相应主体，置于画面内。它与相应的可见动作同步。[00:02.850–00:03.600] 猫穿过间隙时，身体周围空气发出轻柔的嗖声。其声源是之前介绍过的相应主体，置于画面内。它与相应的可见动作同步。[00:03.700–00:04.100] 当前爪落到远处屋顶、后爪随后跟上时，发出带缓冲的双重闷响。其声源是之前介绍过的相应主体，置于画面内。它与相应的可见动作同步。
spoken_dialogue: 无。
non_diegetic_music: 无。
hard_constraints: 保留源提示中明确陈述的每一个主体、动作、属性、数量、关系、场景、摄影机指令和风格约束。",zh,vp-041,vidprom_50k,vidprom_50k-d3bdf4a3a519659f,08dd8b6589a8ab7329dc1b748131f56a9f01f8270382abd0cd672804991c6729
82,52041,"integrated_multimodal_description: Visual style: Poetic naturalism in soft overcast daylight: muted golds and greens, leaves drifting at real speed, a calm 35mm feel with shallow depth of field and an unhurried observational camera. Setting: A streambank in an autumn forest whose birches and oaks are thick with yellow leaves. Clear shallow water runs over mossy stones between grass and fallen leaves, and a few leaves drift downstream near the bank. Duration: 8 seconds. [Shot 1, 00:00.000–00:05.200] Medium profile view of the seated man and girl from the waist up, with the stream crossing the lower third and yellow leaves filling the background. Steady push-in from a medium shot to a medium-close, then a slight downward tilt as the girl reaches toward the water. Visible subjects: A handsome dark-haired man of about thirty wearing an ochre tweed coat and a loose amber scarf; he sits on the bank with a calm, warm expression. A beautiful young woman seated beside him, with loose auburn hair, a cream knit sweater, and a sage-green shawl. The leaf that becomes the central object: a single pale-yellow birch leaf with a notched tip and a thin brown stem. From 00:00.000 to 00:02.000: The man and the girl sit close together on the mossy bank while the clear stream curls past below them; yellow leaves are already scattered on the grass and a few hang in the air around the trees. From 00:02.000 to 00:04.000: A yellowed birch leaf with a dark brown stem spirals down in front of the man; he lifts one hand and gently catches it between two fingers. The girl turns her head and watches the leaf. From 00:04.000 to 00:05.200: The girl takes the leaf by its stem from the man, leans over the bank, and lays it flat on the dark water; the current begins to pull it away from her fingertips. [Shot 2, 00:05.200–00:08.000] Wide over-the-shoulder view from behind the couple, looking downstream so the launched birch leaf is centered in the lower half of the frame. Static composition with a very slow lateral drift to the right, following the leaf as it travels between mossy stones. Throughout the shot: The birch leaf bobs downstream past a mossy stone and spins in a small eddy. In the foreground the couple's backs remain visible as they follow it, and a stronger breeze releases a scatter of additional yellow leaves above the stream.
overall_soundscape: [00:00.000–00:08.000] Continuous soft burble of shallow water moving over gravel and stones, with subtle liquid texture following the birch leaf as it drifts. Its source is The shallow clear stream flowing beside them, visible as a wide band of silver-green moving water over pebbles., placed on screen. It is synchronized with the corresponding visible action. [00:00.000–00:08.000] Dry leaves whispering overhead, gentle intermittent gusts, and a distant wood-pigeon call woven into the autumn air. Its source is The surrounding forest of birch and oak trees, its layered yellow canopy rustling in the breeze and occasionally releasing leaves., placed on screen. It is synchronized with the corresponding visible action.
spoken_dialogue: None.
non_diegetic_music: None.
hard_constraints: Preserve every subject, action, attribute, count, relationship, setting, camera instruction, and style constraint explicitly stated in the source prompt.",en,vp-042,vidprom_50k,vidprom_50k-436bd12db175464b,428d45b737fb7e2cdd2f6e8b93fb64c3480db1529f3bca2351f30121910c3ca1
83,52041,"integrated_multimodal_description: 视觉风格：柔和阴天日光下的诗意自然主义：低饱和的金色与绿色，叶子以真实速度飘落，一种平静的35mm氛围，浅景深，不慌不忙的观察式镜头。场景：秋日森林中的一处溪岸，桦树和橡树挂满黄叶。清澈的浅水流过苔石，在青草与落叶之间流淌，几片叶子在岸边附近顺流漂下。时长：8 seconds。[Shot 1, 00:00.000–00:05.200] 坐着的男子与女孩的腰部以上中景侧面视角，溪流横穿画面下三分之一处，黄叶充满背景。镜头稳定地从中景推至中近景，然后随女孩伸手探向水面而轻微下摇。可见主体：一位约三十岁、英俊的黑发男子，身穿赭色粗花呢外套，围着一条松散的琥珀色围巾；他坐在岸上，神情平静而温和。一位美丽的年轻女子坐在他身旁，松散的赤褐色头发，身穿奶油色针织毛衣，披着鼠尾草绿披肩。成为中心物体的叶子：一片浅黄色桦树叶，叶端有凹口，细褐色叶柄。从00:00.000到00:02.000：男子与女孩紧挨着坐在长满苔藓的溪岸上，清澈的溪流在他们下方弯曲流过；黄叶已经散落在草地上，几片悬在树周围的空气中。从00:02.000到00:04.000：一片叶柄深褐色的泛黄桦树叶在男子面前旋转飘落；他抬起一只手，用两根手指轻轻夹住它。女孩转过头看着这片叶子。从00:04.000到00:05.200：女孩从男子手中拈住叶柄接过叶子，俯身越过溪岸，将它平放在深色水面上；水流开始把它从她的指尖拉走。[Shot 2, 00:05.200–00:08.000] 从两人背后拍摄的宽阔过肩视角，朝下游望去，使放出的桦树叶位于画面下半部分中央。静态构图，伴以极缓慢的向右横向漂移，跟随叶子在苔石之间行进。整个镜头中：桦树叶上下浮动着顺流而下，经过一块苔石，并在一个小漩涡中旋转。前景中，两人的背影依然可见，他们目光追随着它；更强的风在溪流上方散落出更多黄叶。
overall_soundscape: [00:00.000–00:08.000] 浅水流过砾石和石头的持续轻柔汩汩声，带有细微的液体质感，跟随漂流的桦树叶。其声源是流经二人身边的清澈浅溪，可见为鹅卵石上方一条宽阔的银绿色流动水带，位于画面中。它与相应的可见动作同步。[00:00.000–00:08.000] 枯叶在头顶沙沙低语，轻柔而间歇的阵风，以及远处的林鸽叫声交织在秋日空气中。其声源是周围的桦树和橡树林，层叠的黄色树冠在微风中沙沙作响，偶尔飘落叶片，位于画面中。它与相应的可见动作同步。
spoken_dialogue: 无。
non_diegetic_music: 无。
hard_constraints: 保留原始提示中明确陈述的每一个主体、动作、属性、数量、关系、场景、镜头指令和风格约束。",zh,vp-042,vidprom_50k,vidprom_50k-436bd12db175464b,3ea1a239aae7ad7af60663fb4b41a7192f3108fd4f63499d79e3b79b0c9baa17
84,52042,"integrated_multimodal_description: Visual style: Cinematic urban realism with aggressive kinetic energy; street-level camera, blue-hour lighting, slick pavement reflections, and a handheld documentary feel. Setting: Downtown street at blue hour: a four-lane avenue with crosswalk, asphalt, glowing traffic signals, glass office towers, storefronts, streetlights, and a few vehicles. An AI robot sprints aggressively from the near curb across the road toward the opposite sidewalk. Duration: 8 seconds. [Shot 1, 00:00.000–00:04.400] Wide street-level angle from the near curb, slightly low. Handheld camera pans right to follow the robot through the crosswalk while the taxi approaches from the right side of the frame. Visible subjects: Humanoid AI robot with glossy white and metal plates, visible joint actuators, and a glowing blue visor; running with exaggerated, aggressive force. Yellow taxi with illuminated roof sign and headlights, driving in the right lane and forced to brake hard. From 00:00.000 to 00:01.200: The robot launches off the near curb into the crosswalk with a forceful forward lunge, torso pitched low, arms pumping violently. From 00:01.200 to 00:02.700: The robot bounds across the open asphalt in powerful strides, head low, glowing blue visor fixed on the far sidewalk, elbows slicing through the air. From 00:02.700 to 00:04.400: A yellow taxi in the right lane brakes sharply, nose dipping and brake lights flaring, as the robot darts across the lane directly in front of it without slowing. [Shot 2, 00:04.400–00:08.000] Medium tracking shot on the far sidewalk. Low-angle tracking camera reverses along the sidewalk as the robot lands on the curb, then pivots and holds while the robot sprints away down the block. From 00:04.400 to 00:05.800: The robot clears the last lane, hits the far curb with a forceful step, and pushes off the pavement to keep full sprinting momentum. From 00:05.800 to 00:08.000: The robot continues an aggressive low sprint along the sidewalk past reflective shopfronts and glass windows, shrinking into the distance until the shot ends.
overall_soundscape: [00:00.000–00:08.000] Distant downtown traffic rumble, muffled engines, and faint traffic-signal beeps. Its source is the surrounding environment, placed off screen. [00:00.000–00:08.000] Heavy rhythmic metallic footfalls on asphalt then sidewalk, each strike like a slamming hydraulic piston. Its source is the corresponding previously introduced subject, placed on screen. It is synchronized with the corresponding visible action. [00:00.200–00:08.000] High-pitched servo whine and sharp mechanical hiss from the robot's limbs with each aggressive stride. Its source is the corresponding previously introduced subject, placed on screen. It is synchronized with the corresponding visible action. [00:02.800–00:03.500] Harsh taxi horn blare layered with a short tire skid as the taxi brakes violently for the crossing robot. Its source is the corresponding previously introduced subject, placed on screen. It is synchronized with the corresponding visible action.
spoken_dialogue: None.
non_diegetic_music: None.
hard_constraints: Preserve every subject, action, attribute, count, relationship, setting, camera instruction, and style constraint explicitly stated in the source prompt.",en,vp-043,vidprom_50k,vidprom_50k-9c1d6183f0674368,84d5b22c3dae424a95242cc20b864933c2c94e5795ac965315fa0734443d1e46
85,52042,"integrated_multimodal_description:视觉风格：电影化的城市写实风格，带有凶狠的动态能量；街面高度摄影机、蓝调时刻光线、湿滑路面反射，以及手持纪录片的感觉。场景：蓝调时刻的市中心街道：一条四车道大道，包含人行横道、沥青路面、发光的交通信号灯、玻璃办公大楼、临街店铺、路灯和少量车辆。一个AI机器人从近侧路缘猛烈冲刺，横穿马路奔向对面人行道。时长：8 seconds。[Shot 1, 00:00.000–00:04.400]从近侧路缘拍摄的街道宽角度镜头，略低。手持摄影机向右摇移跟随机器人穿过人行横道，同时一辆出租车从画面右侧驶近。可见主体：人形AI机器人，带有有光泽的白色装甲板与金属装甲板、可见的关节执行器以及发光的蓝色目镜；以夸张而凶狠的力度奔跑。黄色出租车亮着车顶标志和前灯，在右侧车道行驶并被迫急刹车。从00:00.000到00:01.200：机器人从近侧路缘猛然向前扑入人行横道，躯干压得很低，双臂剧烈摆动。从00:01.200到00:02.700：机器人以有力的大步跨过开阔沥青路面，头低垂，发光的蓝色目镜盯着对面人行道，肘部划开空气。从00:02.700到00:04.400：右侧车道中一辆黄色出租车猛刹车，车头下沉、刹车灯亮起，机器人则未减速地从它正前方横穿车道。[Shot 2, 00:04.400–00:08.000]对面人行道上的中景跟拍镜头。低角度跟拍摄影机沿人行道后退，机器人在路缘落地，然后摄影机转动并固定，机器人沿街区冲刺远去。从00:04.400到00:05.800：机器人冲过最后一条车道，有力一步踏上对面路缘，并蹬离路面以保持全速冲刺的动量。从00:05.800到00:08.000：机器人继续以凶猛的低身冲刺沿人行道奔跑，经过反光的店铺门面和玻璃窗，在画面中渐小远去，直到镜头结束。
overall_soundscape: [00:00.000–00:08.000] 远处市中心交通的低沉轰鸣、沉闷的引擎声和微弱的交通信号蜂鸣声。其声源来自周围环境，位于画面外。 [00:00.000–00:08.000] 沉重而有节奏的金属脚步声，先响在沥青路面，再响在人行道上，每一下都像液压活塞重重撞击。其声源是前面已介绍的对应主体，位于画面内。它与对应的可见动作同步。 [00:00.200–00:08.000] 机器人四肢每次猛烈跨步时发出高音调的伺服电机啸叫和尖锐的机械嘶嘶声。其声源是前面已介绍的对应主体，位于画面内。它与对应的可见动作同步。 [00:02.800–00:03.500] 刺耳的出租车喇叭声叠加着短暂的轮胎打滑声，此时出租车为正在横穿的机器人而剧烈刹车。其声源是前面已介绍的对应主体，位于画面内。它与对应的可见动作同步。
spoken_dialogue:无。
non_diegetic_music:无。
hard_constraints:保留源提示中明确陈述的每个主体、动作、属性、数量、关系、场景、镜头指令和风格约束。",zh,vp-043,vidprom_50k,vidprom_50k-9c1d6183f0674368,7901e4e5f2dee0189cef83dcd9b176817be626ec5647d247a61e180ff1faa776
86,52043,"integrated_multimodal_description: Visual style: Photorealistic daytime roadside view with a fixed low camera, warm natural light, shallow roadside grass, and clean synchronous sound: close car pass-by with visible driver wave. Setting: A sunny, lightly traveled two-lane rural road lined with grass and scattered low trees. The camera is at the roadside, slightly angled down the road, representing the person to whom the driver waves. Duration: 8 seconds. [Shot 1, 00:00.000–00:08.000] Wide, continuous roadside frame showing the approaching cars from a distance, then the red car filling more of the frame as it passes, with the white sedan still visible behind it. Static camera mounted low at the grass edge, angled slightly down the road; the camera position represents the viewer being waved to. Visible subjects: Red compact car with its driver-side window open; it is the passing car. White sedan that is being passed; it stays in the right-hand lane. Driver of the red compact car, visible through the open window, who waves toward the roadside camera. From 00:00.000 to 00:02.500: In the distance, the red compact follows the white sedan in the same right-hand lane, with the white sedan clearly ahead. From 00:02.500 to 00:05.500: The red compact pulls into the open left lane, accelerates past the white sedan, and draws roughly level with it as both vehicles near the camera position. From 00:05.500 to 00:08.000: The red compact finishes the pass right beside the roadside camera; the driver looks toward the lens, lifts a hand from the wheel, and waves. The car continues ahead and slightly away, while the white sedan remains visible behind in the right lane.
overall_soundscape: [00:00.000–00:08.000] Low breeze moving through roadside grass and occasional distant birdsong, staying quiet beneath the traffic sounds. Its source is The grassy roadside verge and low trees that remain visible in the frame as the source of the ambient breeze and birdsong., placed on screen. [00:00.000–00:08.000] Steady low engine hum and tyre noise from the white sedan as it stays in the right lane and continues past. Its source is the corresponding previously introduced subject, placed on screen. It is synchronized with the corresponding visible action. [00:01.000–00:05.000] The red compact's engine note becomes clearer as it moves into the overtaking lane and accelerates. Its source is the corresponding previously introduced subject, placed on screen. It is synchronized with the corresponding visible action. [00:04.000–00:07.800] Engine and wind rush swell as the red compact with its open window reaches and passes the roadside camera, then fade as it continues down the road. Its source is the corresponding previously introduced subject, placed on screen. It is synchronized with the corresponding visible action.
spoken_dialogue: None.
non_diegetic_music: None.
hard_constraints: Preserve every subject, action, attribute, count, relationship, setting, camera instruction, and style constraint explicitly stated in the source prompt.",en,vp-044,vidprom_50k,vidprom_50k-68aa411ea1b28506,ea43d48c3a523e65c7edf1c9c5e74bcc9ed6773dab1854872550a8b0e87ca3ab
87,52043,"integrated_multimodal_description: 视觉风格：照片级写实的白天路边视角，固定低位摄影机，温暖自然光，低浅的路边草丛，以及清晰同步的声音：汽车近距离驶过，可见司机挥手。场景：一条阳光明媚、车流稀疏的双车道乡村道路，路边有草丛和零星矮树。摄影机位于路边，略微朝向道路前方，代表司机向其挥手的那个人。时长：8 seconds。[Shot 1, 00:00.000–00:08.000] 宽幅连续路边画面，显示车辆从远处驶近，随后红色轿车驶过时在画面中占据更多，白色轿车仍可见于其后方。静态摄影机低置于草丛边缘，略微朝向道路前方；摄影机位置代表被挥手致意的观看者。可见主体：红色紧凑型轿车，驾驶员侧车窗打开；它是驶过的车辆。被超车的白色轿车；它保持在右侧车道。红色紧凑型轿车的司机透过打开的车窗可见，向路边摄影机挥手。从00:00.000到00:02.500：远处，红色紧凑型轿车在同一右侧车道跟随白色轿车，白色轿车明显在前。从00:02.500到00:05.500：红色紧凑型轿车驶入畅通的左侧车道，加速超过白色轿车，并在两车接近摄影机位置时与其大致齐平。从00:05.500到00:08.000：红色紧凑型轿车在路边摄影机旁完成超车；司机看向镜头，将一只手从方向盘上抬起并挥手。汽车继续向前驶去并略微远离，白色轿车仍可见于右侧车道后方。
overall_soundscape: [00:00.000–00:08.000] 低微清风穿过路边草丛并伴有偶尔的远处鸟鸣，在交通声之下保持轻微。其声源是画面中仍可见的草地路肩和低矮树木，作为环境微风与鸟鸣的来源，位于画面中。 [00:00.000–00:08.000] 白色轿车保持在右侧车道并继续驶过，发出稳定低沉的引擎嗡鸣和轮胎噪声。其声源是相应先前引入的主体，位于画面中。它与相应的可见动作同步。 [00:01.000–00:05.000] 红色紧凑型轿车驶入超车道并加速时，其引擎声变得更加清晰。其声源是相应先前引入的主体，位于画面中。它与相应的可见动作同步。 [00:04.000–00:07.800] 车窗打开的红色紧凑型轿车到达并经过路边摄影机时，引擎和呼啸的风声增强，随后随着它继续沿道路行驶而逐渐消失。其声源是相应先前引入的主体，位于画面中。它与相应的可见动作同步。
spoken_dialogue: 无。
non_diegetic_music: 无。
hard_constraints: 保留源提示中明确陈述的每个主体、动作、属性、数量、关系、场景、摄影机指示和风格约束。",zh,vp-044,vidprom_50k,vidprom_50k-68aa411ea1b28506,359473899c0138245a8df9e0e7756d259175fa9673b3f0ec649b09bdfbf05a45
88,52044,"integrated_multimodal_description: Visual style: Photorealistic high-altitude night footage; cold silver-blue moonlight against the dark grey airframe, warm orange afterburner radiance, soft cloud translucency, and smooth aerial tracking motion. Setting: A night sky above broken layers of clouds, with a bright moon visible above the cloud deck. The dark grey plane crosses through moonlit mist banks while its orange afterburning engines trail through the dark air. Duration: 8 seconds. [Shot 1, 00:00.000–00:08.000] Medium-wide three-quarter-rear view of the dark grey plane, with the moon visible in the upper portion of the frame and layered clouds filling the background. Steady aerial tracking camera that advances with the plane, holding it near frame center while different cloud layers drift past in foreground and background. Visible subjects: Dark grey jet aircraft with an angular airframe, a transparent cockpit canopy, and two rear exhaust nozzles that produce orange afterburner flames. Numerous layered night cloud banks, some dense and dark, others thin and silver-lit, with wisps breaking away as the aircraft passes through them. Bright, nearly full moon high in the night sky, casting a cold silvery light across the clouds and the plane canopy. From 00:00.000 to 00:02.500: The dark grey plane pushes through the ragged edge of a moonlit cloud bank; vapor peels off the wing and canopy while twin orange afterburner plumes glow behind the engines. From 00:02.500 to 00:05.000: The plane banks slightly toward the moon, and a sharp silver glint travels across the canopy glass while the orange afterburner cones flare against the surrounding night clouds. From 00:05.000 to 00:08.000: The plane straightens out and climbs through a thinner layer of clouds; the canopy remains lit by moonlight, and heat shimmer makes the orange afterburner exhaust appear to waver as the aircraft accelerates.
overall_soundscape: [00:00.000–00:08.000] Continuous deep roar of the afterburning jet engines, with low-frequency rumble and a subtle hot metallic crackle that swells when the plane passes through denser cloud. Its source is the corresponding previously introduced subject, placed on screen. It is synchronized with the corresponding visible action.
spoken_dialogue: None.
non_diegetic_music: None.
hard_constraints: Preserve every subject, action, attribute, count, relationship, setting, camera instruction, and style constraint explicitly stated in the source prompt.",en,vp-045,vidprom_50k,vidprom_50k-b776436f28abb347,8ee19164569e02653b0576a05faa30d67ff30f84dad36b51d8f4b19d33e48adb
89,52044,"integrated_multimodal_description: 视觉风格：照片级真实的高空夜间影像；冷银蓝色月光落在深灰色机体上，温暖的橙色加力辉光，柔和的云层半透明感，以及平滑的空中跟拍运动。设定：破碎云层上方的夜空，云顶上方可见一轮明亮的月亮。深灰色飞机穿过月光照耀的雾带，其橙色加力发动机在黑暗的空气中拖出尾迹。时长：8 seconds。[Shot 1, 00:00.000–00:08.000] 深灰色飞机的中全景后侧四分之三视角，月亮位于画面上部，层叠云层填满背景。平稳的空中跟拍镜头随飞机前进，将其保持在画面中心附近，同时不同的云层在前景和背景中飘过。可见主体：深灰色喷气式飞机，机体棱角分明，透明座舱盖，两个产生橙色加力火焰的后部排气喷管。众多层叠的夜间云带，有的浓密而暗，有的轻薄且被银光照亮，缕缕云丝在飞机穿过时被扯散。一轮明亮、近乎满月的月亮高悬在夜空中，将冷银色光洒落在云层和飞机座舱盖上。从 00:00.000 到 00:02.500：深灰色飞机冲破月光云带参差破碎的边缘；水汽从机翼和座舱盖上剥离，两道橙色加力尾焰在发动机后方发出光芒。从 00:02.500 到 00:05.000：飞机向月亮微微侧倾转弯，一道锐利的银色闪光划过座舱玻璃，同时橙色加力锥形喷焰在周围夜云中闪耀。从 00:05.000 到 00:08.000：飞机改平并爬升穿过一层更薄的云层；座舱盖仍被月光照亮，热浪使橙色加力排气看起来摇曳，同时飞机加速。
overall_soundscape: [00:00.000–00:08.000] 加力喷气发动机持续低沉的轰鸣声，带有低频隆隆声和细微的炽热金属噼啪声；当飞机穿过更浓密的云层时，这种噼啪声会增强。其声源是先前引入的对应主体，位于画面上。它与对应的可见动作同步。
spoken_dialogue: 无。
non_diegetic_music: 无。
hard_constraints: 保留源提示中明确陈述的每一个主体、动作、属性、数量、关系、设定、镜头指令和风格约束。",zh,vp-045,vidprom_50k,vidprom_50k-b776436f28abb347,9ed47ddce3896d01ea80249fcc75b509cb40aff3ec12160c333eb5c504bd9759
90,52045,"integrated_multimodal_description: Visual style: Close-up, realistic tabletop feel with rich cardboard, paper, and miniature textures; warm practical lighting; subtle shallow depth of field and a gentle magical glow from inside the open box. Setting: A wooden tabletop in a softly lit room. A closed fantasy board game box sits centered, with clear space for the lid to be set down beside it. Duration: 8 seconds. [Shot 1, 00:00.000–00:02.700] Top-down high-angle medium shot centered on the closed game box with wooden table visible around it. Gentle push-in toward the box while keeping the lid and hands in frame. Visible subjects: Two anonymous adult hands entering from the edges of the frame to open the box; no gloves or jewelry, natural skin texture, short nails. An ornate fantasy board game box with painted dragon-and-castle artwork, embossed gold trim, and a close-fitting lid over a deep tray. From 00:00.000 to 00:01.350: The hands glide into frame from the lower left and lower right and approach the lid's rim on either side. From 00:01.350 to 00:02.700: Fingertips hook beneath the lid edge while thumbs rest on the painted artwork; the cardboard edge flexes slightly as the hands prepare to lift. [Shot 2, 00:02.700–00:05.400] Low side-angle medium close-up at table height, game box in profile so the lid detachment is clearly readable. Slow arc toward the opening box mouth. From 00:02.700 to 00:04.000: The hands lift the lid straight upward; a thin band of warm golden light appears along the opening seam and expands beneath the rising lid. From 00:04.000 to 00:05.400: With the lid held just above the tray, the interior is revealed: a folded game board, a rulebook, and a transparent insert holding painted miniatures, all glowing faintly in the warm light. [Shot 3, 00:05.400–00:08.000] Slightly high close-up above the open tray, with contents visible and a section of table where the lid is set down on the left. Static except for a subtle focus pull from the set-down lid to the miniature tray. From 00:05.400 to 00:06.800: The hands tilt the lid to the left and set it down on its back beside the tray, showing the dragon artwork face-up. From 00:06.800 to 00:08.000: The hands release the box as it settles a few millimeters; the painted miniatures shift slightly in their insert and the warm glow softens to a quiet glint.
overall_soundscape: [00:00.000–00:08.000] Very low room tone with faint indoor air movement and occasional distant wood creak. Its source is the surrounding environment, placed off screen. [00:01.400–00:02.750] Dry paper-and-cardboard rustle as fingers find and press the lid rim. Its source is the corresponding previously introduced subject, placed on screen. It is synchronized with the corresponding visible action. [00:02.750–00:05.400] Smooth cardboard-on-tray slide as the lid lifts, followed by a soft magical shimmer while the warm glow emerges. Its source is the corresponding previously introduced subject, placed on screen. It is synchronized with the corresponding visible action. [00:05.500–00:06.800] Cardboard hiss as the lid moves sideways, ending with a gentle thump on the table. Its source is the corresponding previously introduced subject, placed on screen. It is synchronized with the corresponding visible action. [00:06.850–00:08.000] Tiny plastic-to-insert click and faint resonant chime as the contents settle. Its source is the corresponding previously introduced subject, placed on screen. It is synchronized with the corresponding visible action.
spoken_dialogue: None.
non_diegetic_music: None.
hard_constraints: Preserve every subject, action, attribute, count, relationship, setting, camera instruction, and style constraint explicitly stated in the source prompt.",en,vp-046,vidprom_50k,vidprom_50k-dae62c9d727d0c38,ef51b366266a623da2b1779df07e7fabf830a8a9eb07f1cf74a5649d2a7d073a
91,52045,"integrated_multimodal_description: 视觉风格：特写，逼真的桌面质感，带有丰富的纸板、纸张和微缩模型纹理；温暖的实际照明；微妙的浅景深，以及从打开的盒子内部发出的柔和魔法光芒。场景：一间光线柔和的房间内的木质桌面上。一个合上的幻想主题桌游盒居中放置，旁边有明确的空位可放下盒盖。时长：8 seconds。 [Shot 1, 00:00.000–00:02.700] 俯拍高角度中景镜头，以合上的游戏盒为中心，周围可见木质桌面。向盒子缓慢推进，同时将盒盖和双手保持在画面内。可见主体：两只身份不明的成年人手从画面边缘伸入以打开盒子；无手套或首饰，自然皮肤质感，短指甲。一个华丽的幻想主题桌游盒，带有绘有龙与城堡的图案、压花金边，以及一个紧密覆盖深托盘的盒盖。从 00:00.000 至 00:01.350：双手从画面左下和右下滑入画面，并从两侧靠近盒盖边缘。从 00:01.350 至 00:02.700：指尖勾住盒盖边缘下方，拇指搁在彩绘图案上；当双手准备抬起时，纸板边缘微微弯曲。[Shot 2, 00:02.700–00:05.400] 与桌面等高的低侧角中近景，游戏盒呈侧面，盒盖脱离清晰可辨。缓慢弧线移向正在打开的盒口。从 00:02.700 至 00:04.000：双手垂直向上提起盒盖；一道细暖金色光带沿开口接缝出现，并在升起的盒盖下方扩展。从 00:04.000 至 00:05.400：当盒盖被举在托盘正上方时，内部显露出来：一块折叠的游戏板、一本规则书，以及一个装有彩绘微缩模型的透明内衬，全部在暖光中隐约发光。[Shot 3, 00:05.400–00:08.000] 在打开的托盘上方略高角度特写，内容物可见，左侧台面上有一处用于放下盒盖的区域。镜头静止，只是从放下的盒盖到微缩模型托盘有细微的焦点变化。从 00:05.400 至 00:06.800：双手将盒盖向左倾斜，并把它背面朝下放在托盘旁边，使龙与城堡彩绘正面朝上。从 00:06.800 至 00:08.000：盒子沉降几毫米时双手松开；彩绘微缩模型在内衬中微微移动，暖光减弱为一道安静的微光。
overall_soundscape: [00:00.000–00:08.000] 极低的房间环境声，伴有微弱的室内空气流动声和偶尔远处木头的嘎吱声。其声源是周围环境，置于画外。 [00:01.400–00:02.750] 在手指找到并按压盒盖边缘时，发出干燥的纸与纸板摩擦沙沙声。其声源是先前已引入的对应主体，置于画面内。它与对应的可见动作同步。 [00:02.750–00:05.400] 盒盖抬起时纸板在托盘上平滑滑动的声音；随后在暖光出现时，响起柔和的魔法闪烁声。其声源是先前已引入的对应主体，置于画面内。它与对应的可见动作同步。 [00:05.500–00:06.800] 盒盖横向移动时纸板的嘶嘶声，最后在桌上发出一声轻柔的闷响。其声源是先前已引入的对应主体，置于画面内。它与对应的可见动作同步。 [00:06.850–00:08.000] 内容物落定时，塑料与内衬之间发出微小的咔嗒声和微弱的共鸣铃声。其声源是先前已引入的对应主体，置于画面内。它与对应的可见动作同步。
spoken_dialogue: 无。
non_diegetic_music: 无。
hard_constraints: 保留源提示中明确陈述的每一个主体、动作、属性、数量、关系、场景、镜头指示和风格约束。",zh,vp-046,vidprom_50k,vidprom_50k-dae62c9d727d0c38,b0dbb5d8d4436daff6e4e76e458a8ae3e3cf124aa7ee81ed6c7e7f328b21b4ef
92,52046,"integrated_multimodal_description: Visual style: Cartoon style with rounded shapes, saturated colors, soft outlines, and gentle squash-and-stretch in the moose's movement. Setting: A sunlit cartoon forest clearing with a winding dirt path, large leafy trees, ferns, blue wildflowers, and a mossy boulder. Duration: 8 seconds. [Shot 1, 00:00.000–00:08.000] Medium-wide, profile shot in which the moose moves from the left edge to the right edge of the frame. Static tripod camera at moose-chest height, positioned to keep the whole crossing in frame. Visible subjects: An adult cartoon moose with a rounded chestnut-brown body, cream-colored legs and muzzle, large dark eyes, and wide cream palmate antlers. From 00:00.000 to 00:01.500: The moose steps onto the winding dirt path from the left frame edge, its front hoof landing and compressing the leaf litter. From 00:01.500 to 00:04.500: The moose walks steadily across the sunlit clearing, its body bobbing gently with each step and its antlers swaying slightly. From 00:04.500 to 00:06.500: Without breaking stride, the moose lowers its head toward a cluster of blue wildflowers beside the path, nostrils flaring as it sniffs. From 00:06.500 to 00:08.000: The moose lifts its head, steps around the mossy boulder, and continues past the right edge of the frame.
overall_soundscape: [00:00.000–00:01.500] A soft heavy thump followed by a quick shff as the moose's front hoof lands in dry leaf litter. Its source is the corresponding previously introduced subject, placed on screen. It is synchronized with the corresponding visible action. [00:00.000–00:08.000] Soft cartoon breeze in the leaves with a faint distant insect drone. Its source is the surrounding environment, placed off screen. [00:01.500–00:04.500] Slow rhythmic cartoon footsteps with a faint creak from the swaying antlers. Its source is the corresponding previously introduced subject, placed on screen. It is synchronized with the corresponding visible action. [00:04.500–00:06.500] A cartoon sniff and low snort, with soft footfalls and wildflower leaves rustling nearby. Its source is the corresponding previously introduced subject, placed on screen. It is synchronized with the corresponding visible action. [00:06.500–00:08.000] Rhythmic footsteps become slightly quieter as the moose moves toward the right edge of the frame. Its source is the corresponding previously introduced subject, placed on screen. It is synchronized with the corresponding visible action.
spoken_dialogue: None.
non_diegetic_music: None.
hard_constraints: Preserve every subject, action, attribute, count, relationship, setting, camera instruction, and style constraint explicitly stated in the source prompt.",en,vp-047,vidprom_50k,vidprom_50k-0831ca07bfa41f54,04ace97038cc4c673e8236ea7b7b03dfe0b314406c1529c1f36bbd271478612a
93,52046,"integrated_multimodal_description:视觉风格：卡通风格，圆润形状、饱和色彩、柔和轮廓，以及驼鹿动作中轻柔的挤压与拉伸。场景：阳光明媚的卡通森林空地，有一条蜿蜒的泥土小径、枝叶繁茂的大树、蕨类植物、蓝色野花和一块长满苔藓的巨石。时长：8 seconds。[Shot 1, 00:00.000–00:08.000]中远景侧面镜头，驼鹿从画面左边缘移动到右边缘。静态三脚架摄像机位于驼鹿胸部高度，位置设定为使整个横穿过程保持在画面内。可见主体：一只成年卡通驼鹿，有圆润的栗棕色身体、奶油色的腿和口鼻部、深色大眼睛，以及宽阔的奶油色掌状鹿角。从00:00.000到00:01.500：驼鹿从画面左边缘踏上蜿蜒的泥土小径，前蹄落地并压实落叶层。从00:01.500到00:04.500：驼鹿稳步穿行在阳光明媚的空地上，身体随着每一步轻轻上下起伏，鹿角微微晃动。从00:04.500到00:06.500：驼鹿未停步，低头朝向路边一丛蓝色野花，鼻孔张开嗅闻。从00:06.500到00:08.000：驼鹿抬起头，绕过长满苔藓的巨石，继续走过画面右边缘。
overall_soundscape:[00:00.000–00:01.500]一声轻柔而沉重的砰声，随后是快速的窸窣声，驼鹿的前蹄落在干燥的落叶层中。其声源是先前引入的对应主体，位于画面内。它与对应的可见动作同步。[00:00.000–00:08.000]树叶间轻柔的卡通式微风，伴有远处微弱的昆虫嗡鸣声。其声源是周围环境，位于画面外。[00:01.500–00:04.500]缓慢而有节奏的卡通式脚步声，伴有鹿角晃动传来的轻微吱嘎声。其声源是先前引入的对应主体，位于画面内。它与对应的可见动作同步。[00:04.500–00:06.500]一声卡通式的嗅闻和低沉的哼鼻声，伴随轻柔的脚步声和附近野花叶子的沙沙声。其声源是先前引入的对应主体，位于画面内。它与对应的可见动作同步。[00:06.500–00:08.000]驼鹿向画面右边缘移动时，有节奏的脚步声略微变轻。其声源是先前引入的对应主体，位于画面内。它与对应的可见动作同步。
spoken_dialogue:无。
non_diegetic_music:无。
hard_constraints:保留源提示中明确陈述的每个主体、动作、属性、数量、关系、场景、镜头指示和风格约束。",zh,vp-047,vidprom_50k,vidprom_50k-0831ca07bfa41f54,1ed7f83ed01f177e032ad628c45ab520a1190d7032dd39ee4996d37cc2730461
94,52047,"integrated_multimodal_description: Visual style: Overhead macro-cute realism: a glossy bright-green frog on dark coffee, soft diffused window light, gentle ripples and faint steam, shallow depth of field outside the mug opening. Setting: A cozy sunlit kitchen counter with a wide white ceramic coffee mug centered in frame, filled nearly to the brim with dark coffee; a tiny bright-green frog swims on the coffee surface inside the mug. Duration: 8 seconds. [Shot 1, 00:00.000–00:08.000] Top-down view of the mug opening; the circular white rim is centered, the dark coffee fills most of the frame, and the frog sits near the middle of the liquid. Camera stays perpendicular to the counter, pointing straight down into the mug, with a very slow push-in over the full duration. Visible subjects: A small cute bright-green frog with shiny skin, long toes, and large dark eyes, swimming on the surface of the coffee. A wide white ceramic coffee mug resting on a wooden counter, filled almost to the rim with dark coffee. Dark glossy coffee inside the mug, with gentle ripples and small bubbles whenever the frog moves. From 00:00.000 to 00:02.000: The bright-green frog kicks its hind legs and sweeps its front feet through the dark coffee, bobbing in place; small even ripples spread outward and lap at the mug's inner rim. From 00:02.000 to 00:04.000: The frog turns its body clockwise in a small drifting circle, paddling steadily and keeping its head just above the coffee; its toes trail and make tiny dimples on the glossy liquid. From 00:04.000 to 00:06.000: The frog stops paddling, sinks until only its head and protruding eye bumps are visible, closes its large dark eyes for one slow blink, then bobs upward and shakes a coffee droplet off its snout. From 00:06.000 to 00:08.000: The frog swims in a short straight dash across the center of the mug, leaving a narrow V-shaped wake across the coffee, then softens into gentle treading water just before reaching the far inner wall.
overall_soundscape: [00:00.000–00:08.000] Very low quiet room tone: faint distant kitchen hum and warm outdoor breeze, with no distinct source inside the mug. Its source is the surrounding environment, placed off screen. [00:00.000–00:08.000] Tiny wet paddle splashes, soft rhythmic sloshes around the frog's body, one droplet flick, and a gentle liquid swish during the final dash, all synchronized with the visible movements. Its source is the corresponding previously introduced subject, placed on screen. It is synchronized with the corresponding visible action.
spoken_dialogue: None.
non_diegetic_music: None.
hard_constraints: Preserve every subject, action, attribute, count, relationship, setting, camera instruction, and style constraint explicitly stated in the source prompt.",en,vp-048,vidprom_50k,vidprom_50k-0e58cbc29cb38ab1,0f1d8e42b7e5319d02bc236fa19479b785bfd81e08c728a247c7a42a61ca93e4
95,52047,"integrated_multimodal_description:视觉风格：俯拍微距可爱写实：深色咖啡上一只亮绿色有光泽的青蛙，柔和的漫射窗光，轻柔的水波和淡淡蒸汽，马克杯口外为浅景深。场景：一个温馨、洒满阳光的厨房台面，一只宽大的白色陶瓷咖啡马克杯位于画面中央，杯内深色咖啡几乎满到杯沿；一只亮绿色小青蛙在杯内的咖啡表面游动。时长：8 seconds。[Shot 1, 00:00.000–00:08.000]俯视杯口；圆形白色杯沿位于正中，深色咖啡占据画面大部分，青蛙位于液体中部附近。镜头保持垂直于台面，从正上方直指杯内，并在整个时长内极缓慢地推近。可见主体：一只小巧可爱、亮绿色的青蛙，皮肤有光泽，脚趾细长，有一双又大又黑的眼睛，正游在咖啡表面。一只宽大的白色陶瓷咖啡马克杯放在木质台面上，杯内的深色咖啡几乎满到杯沿。马克杯内深色有光泽的咖啡，每当青蛙移动时出现轻柔的水波和小气泡。从00:00.000到00:02.000：亮绿色青蛙用后腿蹬水、前脚划过深色咖啡，在原地上下浮动；细小均匀的涟漪向外扩散，轻拍马克杯的内壁。从00:02.000到00:04.000：青蛙在缓慢漂移的小圈中顺时针转动身体，持续稳定地划水，头部刚好保持在咖啡液面之上；它的脚趾拖过液面，在光亮液体上留下微小的凹痕。从00:04.000到00:06.000：青蛙停止划水，下沉到只有头部和凸起的眼泡可见，缓慢地眨了一下它又大又黑的眼睛，然后向上一浮，从口鼻部甩落一滴咖啡。从00:06.000到00:08.000：青蛙在杯中心做了一次短促的直线冲刺，在咖啡上留下一道窄窄的V形尾波，在即将到达远侧内壁前转为轻柔的踩水。
overall_soundscape:[00:00.000–00:08.000]极低而安静的室内底噪：微弱的远处厨房嗡鸣声和温暖的户外微风声，马克杯内没有明确声源。其来源是周围环境，位于画面外。[00:00.000–00:08.000]细微湿润的划水飞溅声、青蛙身体周围轻柔而有节奏的水晃声、一次水滴弹飞声，以及最后冲刺时轻柔的液体嗖嗖声，所有这些声音都与可见动作同步。其来源是前面介绍过的对应主体，位于画面内。它与相应的可见动作同步。
spoken_dialogue:无。
non_diegetic_music:无。
hard_constraints:保留源提示中明确陈述的每一个主体、动作、属性、数量、关系、场景、镜头指令和风格约束。",zh,vp-048,vidprom_50k,vidprom_50k-0e58cbc29cb38ab1,df1452673a433e4aa6254f7418d061429be7bccd5d13f52999cb3d38e246b467
96,52048,"integrated_multimodal_description: Visual style: Naturalistic live-action scene in a dense forest, with soft dappled daylight, flowing blue fabric, and luminous butterfly wings treated as a gentle, wonder-filled natural sight. Setting: The middle of a dense forest, where the trees open into a small glade of earth and leaf litter. Tall trunks, ferns, and low branches encircle the space, and broken sunbeams illuminate the dancing girl and the butterflies around her. Duration: 8 seconds. [Shot 1, 00:00.000–00:08.000] Wide full-body framing centered on the girl so her whole dress, the surrounding clearing, and the nearby butterflies remain visible throughout. Static camera at the edge of the clearing, with no pan or zoom; the dancer and orbiting butterflies stay within frame. Visible subjects: A girl in a beautiful blue dress with a fitted bodice and a full, flowing skirt that flares and swishes when she dances. A loose group of several butterflies with pale-orange wings delicately marked in dark grey and white, flying around the dancer. From 00:00.000 to 00:02.800: The girl begins dancing in the middle of the glade: she takes a light step, opens her arms, and spins clockwise as the full skirt of her beautiful blue dress flares outward. The butterflies change direction and sweep in a broader circle around her. From 00:02.800 to 00:05.500: She lowers into a plié, sweeps her right arm upward and across, then reverses direction. Her blue skirt brushes through the leaf-dappled air, and the butterflies rise in a loose spiral near her shoulder and waist. From 00:05.500 to 00:08.000: She completes a half turn, bends one knee, and lifts her left hand toward the canopy. The butterflies circle around her raised hand, then spread outward as she holds a final poised stance.
overall_soundscape: [00:00.000–00:08.000] Soft wind through the surrounding leaves, faint distant birdsong, and a quiet low hum of forest life in the glade. Its source is The surrounding forest glade: tall trunks, ferns, fallen leaves, low branches, and drifting patches of sunlight., placed on screen. [00:00.000–00:08.000] Light footfalls on leaf litter and the rhythmic rustle and whip of the blue dress as the girl spins, bends, and turns. Its source is the corresponding previously introduced subject, placed on screen. It is synchronized with the corresponding visible action. [00:00.300–00:07.900] Soft, rapid butterfly wing beats with subtle airy pulses, rising and falling as the butterflies circle near the dancer. Its source is the corresponding previously introduced subject, placed on screen. It is synchronized with the corresponding visible action.
spoken_dialogue: None.
non_diegetic_music: None.
hard_constraints: Preserve every subject, action, attribute, count, relationship, setting, camera instruction, and style constraint explicitly stated in the source prompt.",en,vp-049,vidprom_50k,vidprom_50k-4e3fd51e2382d2a6,0e1763b923481432bdbc205cbadb55768f1b2886accbfeab5ed99144830f886d
97,52048,"integrated_multimodal_description:视觉风格：茂密森林中的自然主义实拍场景，带有柔和的斑驳日光、飘动的蓝色织物和发光的蝴蝶翅膀，后者被处理成一种温和而充满惊奇的自然景象。设定：茂密森林的中央，树木间展开一片由泥土和落叶组成的小空地。高大的树干、蕨类植物和低垂的枝条环绕着这块空间，破碎的阳光照亮跳舞的女孩和她周围的蝴蝶。时长：8 seconds。[Shot 1, 00:00.000–00:08.000]以女孩为中心的宽幅全身取景，使她的整条连衣裙、周围空地和近旁的蝴蝶始终可见。摄像机静止在空地边缘，无摇摄或变焦；舞者和绕飞的蝴蝶保持在画面内。可见主体：一个穿着美丽蓝色连衣裙的女孩，连衣裙有合身的上身和宽大飘逸的裙摆，她跳舞时裙摆会张开并沙沙甩动。一个由数只蝴蝶组成的松散群体，翅膀淡橙色，带有深灰色和白色的精致斑纹，在舞者周围飞行。从00:00.000至00:02.800:女孩开始在空地中央跳舞：她轻迈一步，张开双臂，顺时针旋转，美丽蓝色连衣裙的宽大裙摆向外展开。蝴蝶改变方向，以更大的圈子环绕她飞过。从00:02.800至00:05.500:她屈膝下蹲，将右臂向上挥起并横过身体，然后反向。她的蓝色裙摆扫过叶影斑驳的空气，蝴蝶在她肩膀和腰部附近松散地螺旋上升。从00:05.500至00:08.000:她完成半圈旋转，屈起一条腿，将左手举向树冠。蝴蝶绕着她举起的手盘旋，随后向外散开，而她保持最终从容的姿态。
overall_soundscape:[00:00.000–00:08.000] 周围树叶间柔和的风声、微弱的远处鸟鸣，以及空地中低沉而安静的森林生机嗡鸣。其声源是周围森林空地：高大的树干、蕨类植物、落叶、低垂的枝条和飘移的光斑，位于画面中。[00:00.000–00:08.000] 落叶上轻微的脚步声，以及女孩旋转、屈膝和转身时蓝色连衣裙有节奏的窸窣和甩动声。其声源是先前介绍过的对应主体，位于画面中。它与对应的可见动作同步。[00:00.300–00:07.900] 轻柔而快速的蝶翅振击声，带有细微的空灵脉动，并随着蝴蝶在舞者附近环绕而起伏。其声源是先前介绍过的对应主体，位于画面中。它与对应的可见动作同步。
spoken_dialogue:无。
non_diegetic_music:无。
hard_constraints:保留源提示中明确陈述的每个主体、动作、属性、数量、关系、设定、镜头指令和风格约束。",zh,vp-049,vidprom_50k,vidprom_50k-4e3fd51e2382d2a6,19d40f71f0a85264fe411fecda38ec842c1ce31e602f847af8bba1fb1fc4a875
98,52049,"integrated_multimodal_description: Visual style: Naturalistic live-action beach footage in warm overcast late-afternoon light, with realistic wet fur, rolling surf, and an observational documentary tone; no music. Setting: A low-tide ocean beach with a wide surf line. Waves roll in over pale sand, thin foam, and shallow backwash before draining back into the sea. Duration: 8 seconds. [Shot 1, 00:00.000–00:08.000] Full-body low-angle shot at the surf line, with open water behind the dog and wet sand in front. Static low beach-level camera framing the surf lane diagonally, so dog and cat travel from the upper right to the lower left within the frame. Visible subjects: Medium-sized rust-colored retriever mix with dense, waterlogged fur and a broad gentle jaw. Slender gray tabby cat with flattened wet fur, carried passively by the scruff. From 00:00.000 to 00:02.500: The soaked retriever-mix dog paddles out of the foam with its head above the water, holding a slender gray tabby cat by the scruff in its mouth; the cat's wet body hangs low beside the dog's jaw and its hind legs trail without struggling. From 00:02.500 to 00:05.500: The dog's front paws hit packed sand under the retreating wash; it pushes its chest out of the shallows, keeps its jaw closed around the cat's scruff, and wades steadily forward as sheets of seawater shed from its coat. From 00:05.500 to 00:08.000: The dog strides up onto the wet beach in a steady trot, still carrying the tabby by the scruff; rivulets fall from both animals, the dog's ears bob with each step, and the cat's tail sways gently.
overall_soundscape: [00:00.000–00:08.000] Layered ocean surf: waves hiss up the sand, pause, then drain back through grit with a soft rattle. Its source is Visible low-tide surf line with rolling waves, foam, and swash draining across the wet sand., placed on screen. It is synchronized with the corresponding visible action. [00:00.200–00:08.000] Heavy paddling splashes and paw slaps, then sloshing footfalls and dripping water as the dog reaches the wet sand. Its source is the corresponding previously introduced subject, placed on screen. It is synchronized with the corresponding visible action. [00:01.000–00:08.000] Muffled, rhythmic nasal breaths and faint whuffles from the dog while its mouth is occupied carrying the cat. Its source is the corresponding previously introduced subject, placed on screen. It is synchronized with the corresponding visible action.
spoken_dialogue: None.
non_diegetic_music: None.
hard_constraints: Preserve every subject, action, attribute, count, relationship, setting, camera instruction, and style constraint explicitly stated in the source prompt.",en,vp-050,vidprom_50k,vidprom_50k-dbb6d990b7cd8177,5a3419c7e719b1c3efe4f5caea61d84c945d35323ac8480c66066c2a8e61b021
99,52049,"integrated_multimodal_description: 视觉风格：自然主义实拍海滩镜头，处于温暖而阴沉的下午后段光线中，有逼真的湿毛、翻涌的碎浪和观察式纪录片氛围；无音乐。场景：一片低潮海洋沙滩，拍岸浪线很宽。海浪滚过浅色的沙、细薄的泡沫和浅浅的回流，然后再退回海中。时长：8 seconds。[Shot 1, 00:00.000–00:08.000] 在拍岸浪线处拍全身低角度镜头，狗身后是开阔的水域，身前是湿沙。低机位静止在沙滩高度，斜向构图取景碎浪带，使狗和猫在画面内从右上方向左下方移动。可见主体：一只中等体型的锈色寻回犬混种犬，被水浸透的毛发浓密，下颚宽阔温和；一只瘦长的灰色虎斑猫，湿毛紧贴扁平，被动地被叼着后颈。从 00:00.000 到 00:02.500: 湿透的寻回犬混种犬头露出水面，从泡沫中划水而出，嘴里叼着一只瘦长的灰色虎斑猫的后颈；猫湿淋淋的身体低垂在狗的下颚边，后腿拖着，没有挣扎。从 00:02.500 到 00:05.500: 狗的前爪踏在退去的回浪之下压实的沙滩上；它把胸部抬离浅水，下颌一直闭合并叼着猫的后颈，稳步涉水前行，大片的海水从它的皮毛上流泻而下。从 00:05.500 到 00:08.000: 狗以稳定的慢跑步伐走上湿沙滩，嘴里依然叼着虎斑猫的后颈；细流从两只动物身上落下，狗的耳朵随每一步上下颠动，猫的尾巴轻轻摆动。
overall_soundscape: [00:00.000–00:08.000] 层叠的海洋拍岸浪声：海浪嘶嘶地涌上沙面，停顿片刻，然后带着轻柔的嘎啦声向沙砾中排回。其源为可见的低潮拍岸浪线，有翻卷的波浪、泡沫和流过湿沙的回流，置于屏幕上。它与相应的可见动作同步。 [00:00.200–00:08.000] 沉重的划水溅落声和爪子拍水声，然后是当狗到达湿沙时沉重的涉水脚步声和滴水声。其源为先前已引入的对应主体，置于屏幕上。它与相应的可见动作同步。 [00:01.000–00:08.000] 狗发出的低沉、有节奏的鼻息和微弱的呼噜喘息声，而它的嘴正忙于叼着猫。其源为先前已引入的对应主体，置于屏幕上。它与相应的可见动作同步。
spoken_dialogue: 无。
non_diegetic_music: 无。
hard_constraints: 保留源提示中明确陈述的每个主体、动作、属性、数量、关系、场景、镜头指令和风格约束。",zh,vp-050,vidprom_50k,vidprom_50k-dbb6d990b7cd8177,d7f2523786e94706fe542a1e91364a7bfa83499e42b03220dcd3caf8d873c24f
100,52050,"integrated_multimodal_description: Visual style: High-key macro product footage of wet fruit; the purple plum skin is rendered in crisp detail, with clean white negative space and bright, diffused studio light. Setting: A seamless white studio background with a matte white circular turntable centered beneath the plums; no props, labels, or colored elements appear. Duration: 8 seconds. [Shot 1, 00:00.000–00:08.000] Macro close-up with the plums forming a tight cluster in the middle of the frame; the closest plum dominates the lower center while the other two sit behind it; pure white background isolates the group. Stationary macro camera, angled slightly down toward the turntable; no camera movement, so the only motion is the turntable rotation and the evolving water drops. Visible subjects: A group of three large purple plums grouped in a shallow cluster; their skins are deep violet with darker purple blush and a soft, slightly dusty bloom. White circular turntable platter rotating beneath the plums; its top surface catches soft studio light and remains within the lower edge of the macro frame. Visible fine mist that appears briefly as a hazy streak moving from the lower-right edge across the plums; it lasts about one second and clears quickly. Clear liquid beads that form on the plum skins; they begin small and become fewer, larger, rounded drops. Throughout the shot: The turntable rotates clockwise from the first frame; the three plums move together around the platter, and the foreground plum's skin turns gradually from a dry, powdery area toward a smooth, more reflective curve. The rotation remains continuous while the mist and droplets appear. From 00:01.400 to 00:02.600: A fine mist enters from the lower-right corner as a faint translucent streak, sweeps across the plum cluster, and vanishes; it does not obscure the white background. From 00:02.000 to 00:08.000: Tiny droplets soon bead on the upper surfaces of the purple skins; as the turntable continues, these beads merge into larger hemispherical drops that reflect the studio key light and cling to the curved fruit.
overall_soundscape: [00:00.000–00:08.000] Quiet mechanical hum of the turntable motor, present from the start. Its source is the corresponding previously introduced subject, placed on screen. It is synchronized with the corresponding visible action. [00:01.400–00:02.600] Soft brief hiss of fine mist, synchronized with the visible plume; no other audio accompanies the droplet formation. Its source is the corresponding previously introduced subject, placed on screen. It is synchronized with the corresponding visible action.
spoken_dialogue: None.
non_diegetic_music: None.
hard_constraints: Preserve every subject, action, attribute, count, relationship, setting, camera instruction, and style constraint explicitly stated in the source prompt.",en,vb-051,vbench,vbench-400a32f28bcc0af9,75cee760f2b4098c790362775376207e38986b72856bf80eadf205cefe9810b8
101,52050,"integrated_multimodal_description: 视觉风格：高调微距产品画面，展示湿润的水果；紫色李子皮呈现清晰细节，画面带有干净的白色负空间以及明亮、漫射的影棚光。场景：无缝白色影棚背景，哑光白色圆形转盘位于李子正下方中央；不出现任何道具、标签或彩色元素。时长：8 seconds。[Shot 1, 00:00.000–00:08.000] 微距特写，李子在画面中央形成紧密的一簇；最前方的李子占据下方中央，另外两颗位于其后方；纯白背景将这一组主体隔离出来。固定微距摄影机，略微向下朝向转盘；摄影机无移动，因此唯一运动是转盘旋转和不断演变的水滴。可见主体：三颗大紫李子聚成浅浅的一簇；果皮呈深紫色，带较深的紫色红晕和一层柔和、略呈粉状的果粉。白色圆形转盘盘体在李子的下方旋转；其顶面承接柔和的影棚光，并保持在微距画面的下边缘内。可见的细微水雾短暂出现，呈模糊条带从右下边缘穿过李子；持续约一秒钟后迅速消散。李子皮上形成的清澈液珠起初很小，随后变成更少、更大、更圆的水滴。全程镜头中：转盘从第一帧起顺时针旋转；三颗李子一起绕转盘移动，前景李子的表皮逐渐从干燥、粉质的区域转向光滑、更具反光性的弧面。水雾和水滴出现时旋转保持连续。从 00:01.400 到 00:02.600：一股细微水雾从右下角进入，呈淡淡的半透明条带，扫过李子簇后消失；它不会遮蔽白色背景。从 00:02.000 到 00:08.000：细小水滴很快在紫色果皮的上表面凝成珠状；随着转盘继续旋转，这些水珠合并成更大的半球形水滴，反射影棚主光并附着在弧形的果面上。
overall_soundscape: [00:00.000–00:08.000] 转盘电机安静的机械嗡鸣声，从一开始就存在。其声源是先前已在屏幕上引入的对应主体。它与对应的可见动作同步。[00:01.400–00:02.600] 细微水雾轻柔而短暂的嘶声，与可见雾缕同步；水滴形成时没有其他音频伴随。其声源是先前已在屏幕上引入的对应主体。它与对应的可见动作同步。
spoken_dialogue: 无。
non_diegetic_music: 无。
hard_constraints: 保留源提示中明确陈述的每一个主体、动作、属性、数量、关系、场景、摄影机指示和风格约束。",zh,vb-051,vbench,vbench-400a32f28bcc0af9,52d295651ee688f4ab8eae3d6116937fdcddb0117a22f61a53266dba437902d7
102,52051,"integrated_multimodal_description: Visual style: Photorealistic wildlife footage, warm late-afternoon sunlight, shallow depth of field, slow steady push-in, natural color grading. Setting: A dry savanna with a small sunlit waterhole with muddy banks. Duration: 8 seconds. [Shot 1, 00:00.000–00:08.000] Medium-wide shot from the side, keeping the elephant's head, trunk, and back in frame. Slow, steady push-in toward the elephant across the water. Visible subjects: An adult savanna elephant with dusty gray wrinkled skin, large fanning ears, and a long trunk, standing ankle-deep in the waterhole. Shallow watering hole with muddy edges, glinting water surface, and ripples spreading outward from the elephant. From 00:00.000 to 00:01.500: The elephant lowers the tip of its trunk into the undisturbed water, creating concentric ripples that spread across the surface. From 00:01.500 to 00:04.000: The elephant draws water up into its trunk; the trunk visibly thickens and a few droplets fall back into the waterhole. From 00:04.000 to 00:05.500: The elephant lifts its water-filled trunk upward and curls it over its head toward its back. From 00:05.500 to 00:07.500: The elephant forcefully sprays a wide, sparkling stream of water across its shoulders and back; droplets scatter and glint in the sunlight. From 00:07.500 to 00:08.000: The last water sheets down the elephant's dusty skin, and the elephant gives a relaxed flick of its ears.
overall_soundscape: [00:00.000–00:08.000] Distant savanna birdsong and faint insect buzzing under a dry breeze. Its source is the surrounding environment, placed off screen. [00:00.100–00:01.300] A soft wet splash and trickle as the trunk tip presses into the water. Its source is the corresponding previously introduced subject, placed on screen. It is synchronized with the corresponding visible action. [00:01.600–00:03.900] Deep gurgling and sucking sounds as the elephant takes water into its trunk. Its source is the corresponding previously introduced subject, placed on screen. It is synchronized with the corresponding visible action. [00:05.600–00:07.400] A forceful whoosh followed by a broad, splattering cascade of water hitting skin and shoulders. Its source is the corresponding previously introduced subject, placed on screen. It is synchronized with the corresponding visible action.
spoken_dialogue: None.
non_diegetic_music: None.
hard_constraints: Preserve every subject, action, attribute, count, relationship, setting, camera instruction, and style constraint explicitly stated in the source prompt.",en,vb-052,vbench,vbench-2c7093c88c92677b,46efb79619e0e99bb09fb2c42636d4a4588843a0ea9a69dfbe66e2870b14bee0
103,52051,"integrated_multimodal_description:视觉风格：照片级逼真的野生动物画面，午后晚些时候的温暖阳光，浅景深，缓慢稳定的推镜，自然调色。场景：一片干燥的稀树草原，有一个阳光照亮的小水坑，周边泥泞。时长：8 seconds。[Shot 1, 00:00.000–00:08.000]从侧面拍摄的中全景镜头，将大象的头部、象鼻和背部保持在画面内。缓慢稳定地穿过水面推近大象。可见主体：一头成年稀树草原象，皮肤沾满灰尘、呈灰色且起皱，耳朵呈宽大的扇形，象鼻很长，站在水深及踝的水坑中。水坑较浅，边缘泥泞，水面闪光，涟漪从大象处向外扩散。从00:00.000到00:01.500：大象将象鼻尖端垂入未被扰动的水中，激起同心圆状涟漪在水面扩散。从00:01.500到00:04.000：大象将水吸进鼻中；象鼻明显变粗，几滴水珠落回水坑中。从00:04.000到00:05.500：大象向上抬起装满水的象鼻，弯过头顶朝向后背。从00:05.500到00:07.500：大象用力喷出一股宽阔、闪亮的水流，越过肩膀和背部；水珠四散，在阳光下闪烁。从00:07.500到00:08.000：最后的水流成片地沿大象沾尘的皮肤流下，大象放松地扇动了一下耳朵。
overall_soundscape:[00:00.000–00:08.000]远处稀树草原的鸟鸣声和干燥微风中微弱的昆虫嗡嗡声。其声源是周围环境，位于画面外。[00:00.100–00:01.300]鼻尖压入水中时发出轻柔湿润的飞溅声和细流声。其声源是先前引入的对应主体，位于画面内。它与相应的可见动作同步。[00:01.600–00:03.900]大象将水吸入鼻中时发出低沉的咕噜声和吮吸声。其声源是先前引入的对应主体，位于画面内。它与相应的可见动作同步。[00:05.600–00:07.400]一声有力的嗖嗖声，随后是宽阔的水花四溅水流冲击皮肤和肩膀的声音。其声源是先前引入的对应主体，位于画面内。它与相应的可见动作同步。
spoken_dialogue:无。
non_diegetic_music:无。
hard_constraints:保留源提示中明确陈述的每个主体、动作、属性、数量、关系、场景、镜头指令和风格约束。",zh,vb-052,vbench,vbench-2c7093c88c92677b,84ec16b014fb3dd8f2c8db685708015c24c80de303b1bcd5d9d2aaa6fa76a54c
104,52052,"integrated_multimodal_description: Visual style: Photorealistic cinematic landscape cinematography; crisp winter sunlight, cold blue shadows, and a slow aerial glide accentuate the depth and twisting path of the canyon. Setting: High-elevation rocky mountain landscape in winter: snow-blanketed flanks and jagged peaks surround and shadow deep canyons, while the canyon system bends and narrows between the high summits. Duration: 8 seconds. [Shot 1, 00:00.000–00:02.750] Ultra-wide aerial establishing view of rocky peaks and the dark canyon mouth below. Slow aerial descent over a snowy ridge, holding the clustered peaks in the upper frame. Visible subjects: Broad rocky mountain slopes and ledges covered with a continuous snow blanket, encircling the canyon network. Sharp, high-elevation peaks rising above the snowy mountain ridges, with broken gray rock showing through patches of snow. Deep, shadow-filled canyon system with twisting bends, undercut rocky walls, and dark low-lying floors. Throughout the shot: Snow-blanketed rocky mountains ring the deep canyon while jagged high peaks cast long blue shadows onto its shadowed lower walls. [Shot 2, 00:02.750–00:05.500] Wide aerial three-quarter view looking down a canyon bend. Camera continues descending and eases along the bend as the canyon walls grow taller. Throughout the shot: The canyon floor twists and bends sharply as it drops between the snowy mountains, revealing dark undercut rock ledges and hanging snow cornices. [Shot 3, 00:05.500–00:08.000] Medium-wide view up the narrowing canyon corridor toward the highest peaks. Steady advancing push into the corridor as wind-blown snow crosses the sunny ridge. Throughout the shot: At the innermost bend, the canyon narrows between the highest peaks; a gust lifts loose snow off the sunlit ridge and sends crystals feathered down into the dark canyon shadow.
overall_soundscape: [00:00.000–00:08.000] Continuous dry high-altitude wind sighs over snowy slopes and through the twisting canyon gaps. Its source is the corresponding previously introduced subject, placed on screen. [00:06.000–00:06.800] A compact gust hisses across the rocky summit and scatters loose snow into the canyon. Its source is the corresponding previously introduced subject, placed on screen. It is synchronized with the corresponding visible action.
spoken_dialogue: None.
non_diegetic_music: None.
hard_constraints: Preserve every subject, action, attribute, count, relationship, setting, camera instruction, and style constraint explicitly stated in the source prompt.",en,vb-053,vbench,vbench-da22f0be9c9a1e9d,e121923452ef40a5f7043a72a39f97e49d3e18df8124076669cf6d93c6c28a92
105,52052,"integrated_multimodal_description: 视觉风格：照片级真实的电影化风景摄影；清冽的冬季阳光、冷蓝色阴影和缓慢的空中滑翔凸显了峡谷的深度与蜿蜒路径。场景：冬季的高海拔岩质山地景观：积雪覆盖的山翼与锯齿状山峰环绕并遮蔽着幽深的峡谷，同时峡谷系统在高峰之间弯曲收窄。时长：8 seconds。[Shot 1, 00:00.000–00:02.750] 超广角空中建立镜头，展现岩石山峰及其下方幽暗的峡谷口。缓慢空中下降越过积雪山脊，将簇拥的山峰保持在上方画幅中。可见主体：宽阔的岩质山坡与岩石台地覆盖着连续的雪毯，环绕着峡谷网络。尖锐的高海拔山峰耸立于积雪的山脊之上，破碎的灰色岩石从片片积雪中露出。深邃、充满阴影的峡谷系统，带有蜿蜒的弯道、下部凹陷的岩壁与黑暗低洼的谷底。整个镜头中：覆雪岩山环绕深谷，而参差的高峰将其长长的蓝色阴影投射到深谷阴暗的下壁。[Shot 2, 00:02.750–00:05.500] 俯瞰峡谷弯道的广角空中四分之三视角。摄影机持续下降并沿弯道缓行，峡谷壁随之升高。整个镜头中：峡谷底部在雪山间下落时急剧扭转折弯，露出幽暗的内凹岩架与悬垂的雪檐。[Shot 3, 00:05.500–00:08.000] 朝最高峰方向沿收窄的峡谷走廊向上的中宽景。稳步推进进入走廊，同时风吹雪飘过阳光明媚的山脊。整个镜头中：在最内侧的弯道，峡谷在最高峰之间收窄；一阵风将松散积雪卷离向阳山脊，使雪晶羽状飘落进黑暗的峡谷阴影中。
overall_soundscape: [00:00.000–00:08.000] 持续干燥的高海拔风在积雪的斜坡上叹息，穿过曲折的峡谷间隙。其声源是先前引入的对应主体，位于画面中。[00:06.000–00:06.800] 一阵短促的风嘶嘶掠过岩石山巅，将松散雪吹入峡谷。其声源是先前引入的对应主体，位于画面中。它与对应的可见动作同步。
spoken_dialogue: 无。
non_diegetic_music: 无。
hard_constraints: 保留源提示中明确陈述的每个主体、动作、属性、数量、关系、场景、摄影机指令和风格约束。",zh,vb-053,vbench,vbench-da22f0be9c9a1e9d,f6834ddb7c4a6ea14b0e65964e5c286d71b0385e05526a675b1278d81ff96642
106,52053,"integrated_multimodal_description: Visual style: Naturalistic corporate video style: bright but soft office lighting, neutral colors, realistic shallow depth of field, and a clean professional meeting-room atmosphere. Setting: A modern conference room with a long table, office chairs, and a large wall-mounted presentation screen. A room full of colleagues is seated around the table facing the presenter and screen. Duration: 8 seconds. [Shot 1, 00:00.000–00:03.200] Wide shot from the back-left corner of the room, showing colleagues around the table in the foreground and the presenter standing in front of the wall display. Slow push-in toward the presenter, then holds steady. Visible subjects: The presenter, an adult person in smart business attire, standing near the front screen and holding a wireless clicker. Small dark-gray wireless presentation clicker held by the presenter. Large wall-mounted presentation display at the front of the room, currently showing slides. From 00:00.150 to 00:00.850: The presenter gazes at the audience and lifts the wireless clicker into a ready position. From 00:01.000 to 00:01.350: The presenter presses the button on the wireless presentation clicker. From 00:01.400 to 00:02.400: The wall display changes from a title slide to a clean bar chart whose bars show an upward trend. [Shot 2, 00:03.200–00:05.800] Over-the-shoulder shot from behind a seated colleague, looking toward the presenter and the presentation screen. Static with a slight handheld drift. From 00:03.300 to 00:03.800: The presenter turns halfway toward the screen and raises a hand toward the chart. From 00:03.900 to 00:05.600: The presenter's hand traces along the rising bars of the chart while continuing the presentation. [Shot 3, 00:05.800–00:08.000] Medium-wide three-quarter shot from beside the wall display, framing the presenter in profile and showing a section of colleagues around the table. Gentle handheld push-in toward the presenter and the note-taking colleague. Visible subjects: A room full of colleagues seated around the conference table, facing the presenter and screen. One colleague seated near the end of the conference table, with an open notebook and pen at hand. From 00:06.100 to 00:07.900: Several colleagues nod in agreement, aud_note writes in the open notebook, and the presenter smiles while lowering the clicker.
overall_soundscape: [00:00.000–00:08.000] Low room tone with soft HVAC, occasional chair creaks, and quiet paper or pen sounds from the colleagues. Its source is the surrounding environment, placed off screen. [00:01.050–00:01.400] Soft mechanical click from the wireless presentation clicker as the presenter presses the button. Its source is the corresponding previously introduced subject, placed on screen. It is synchronized with the corresponding visible action.
spoken_dialogue: [00:03.500–00:06.900] The previously introduced speaker says exactly “This is the key point I really want to emphasize today.” in en, spoken in the scene. Delivery: Clear, measured, warm presentation delivery with a brief pause before 'really want'. Voice: Clear, confident adult presentation voice.
non_diegetic_music: None.
hard_constraints: Preserve every subject, action, attribute, count, relationship, setting, camera instruction, and style constraint explicitly stated in the source prompt.",en,vb-054,vbench,vbench-d08f86b8c22b466b,e876c777938cbe864f6ebf5878743a8e092d1c2bec2b5abf119d582a30bdf74e
107,52053,"integrated_multimodal_description: 视觉风格：自然主义企业视频风格：明亮但柔和的办公照明、中性色彩、写实的浅景深，以及干净专业的会议室氛围。场景：一间现代会议室，配有长桌、办公椅和大型壁挂式演示屏幕。满屋的同事围坐在桌旁，面对演示者和屏幕。时长：8 seconds。 [Shot 1, 00:00.000–00:03.200] 广角镜头从房间左后角拍摄，前景是围桌而坐的同事，演示者站在壁挂显示屏前。缓慢推向演示者，然后保持稳定。可见主体：演示者是一名衣着得体商务装的成年人，站在前方屏幕附近，手持无线翻页笔。演示者手持一个小型深灰色无线演示翻页笔。房间前方的大型壁挂式演示显示屏，当前显示幻灯片。从 00:00.150 到 00:00.850：演示者注视观众，并将无线翻页笔举到预备位置。从 00:01.000 到 00:01.350：演示者按下无线演示翻页笔上的按钮。从 00:01.400 到 00:02.400：壁挂显示屏从标题幻灯片切换为简洁的柱状图，其柱条呈上升趋势。 [Shot 2, 00:03.200–00:05.800] 过肩镜头从一位坐着的同事身后拍摄，朝向演示者和演示屏幕。镜头固定，带有轻微手持漂移。从 00:03.300 到 00:03.800：演示者半转身面向屏幕，并向图表抬起一只手。从 00:03.900 到 00:05.600：演示者的手沿着图表中上升的柱条移动，同时继续演示。 [Shot 3, 00:05.800–00:08.000] 中宽四分之三镜头从壁挂显示屏旁拍摄，以侧面构图框住演示者，并显示桌边的一部分同事。轻柔的手持推进推向演示者和做笔记的同事。可见主体：满屋的同事围坐在会议桌旁，面对演示者和屏幕。一位同事坐在会议桌末端附近，手边有一本打开的笔记本和一支笔。从 00:06.100 到 00:07.900：几位同事点头表示同意，aud_note 在打开的笔记本上写字，演示者微笑着放下翻页笔。
overall_soundscape: [00:00.000–00:08.000] 低沉的室内环境底噪，伴以轻柔的 HVAC、偶尔的椅子吱嘎声，以及同事发出的轻微纸张声或笔声。其声源来自周围环境，置于画外。[00:01.050–00:01.400] 演示者按下按钮时，无线演示翻页笔发出轻柔的机械咔哒声。其声源是前面介绍的对应主体，置于画内，并与对应的可见动作同步。
spoken_dialogue: [00:03.500–00:06.900] 前面介绍的说话者在场景中用英语准确说出：“This is the key point I really want to emphasize today.”。表达方式：清晰、沉稳、温暖的演讲式表达，在 'really want' 之前稍作停顿。声音：清晰、自信的成人演讲嗓音。
non_diegetic_music: 无。
hard_constraints: 保留源提示中明确陈述的每个主体、动作、属性、数量、关系、场景、镜头指令和风格约束。",zh,vb-054,vbench,vbench-d08f86b8c22b466b,ecdddd979ff86599140df45acf84999b746fb6899c2df3289d66a966e4308285
108,52054,"integrated_multimodal_description: Visual style: Oil-painted visual style: visible expressive brushwork, glossy wet surfaces, deep blue-green shadows, warm amber gaslight, soft glowing highlights on rain, and painterly rather than photorealistic figures. Setting: A rain-soaked evening street of tall brick townhouses with iron railings and lit windows. Heavy rain slants through amber lamplight, wet pavement mirrors the streetlights, and at the right edge a short stone stoop and portico lead to the couple's warmly glowing front doorway. Duration: 8 seconds. [Shot 1, 00:00.000–00:08.000] Medium-wide shot following the two umbrella-topped figures as they move left to right, then settling in a medium shot as they pause under the portico. Slow lateral tracking that curves into a gentle push-in as the couple nears the townhouse steps. Visible subjects: One partner in formal evening wear: black tailcoat, white bow tie, and top hat, carrying an opened black umbrella. The other partner in formal evening wear: a long deep-green gown, upswept hair, and an opened black umbrella. The two opened black umbrellas held by the couple, slick with rainwater and catching the gaslight. The heavy downpour itself: slanting rain streaking through the lamplight, splashing on pavement, and streaming from the umbrella rims. From 00:00.000 to 00:02.400: The two figures hurry along the glistening pavement beneath two opened black umbrellas. Rain streaks diagonally through warm lamplight, bounces on the wet stones, and pours off the umbrella rims as they angle forward. From 00:02.400 to 00:05.700: A strong gust shoves rain almost sideways. One umbrella canopy flares backward, pulling the partner holding it a half-step before they grip the handle with both hands and tilt it into the wind. The other partner steps close and angles their own umbrella to shield both of them while coat-tails and the gown's hem flap in the wet air. From 00:05.700 to 00:08.000: The couple climbs the last wet stone step, passes beneath the portico, and arrives in the warm spill of the lit doorway. One partner lowers an umbrella with a shake, sending a spray of droplets across the step, while the other turns toward the door; rain continues to streak past beyond the portico's shelter.
overall_soundscape: [00:00.000–00:08.000] Continuous heavy rain hissing and pattering on umbrella canopies, pavement, stone steps, and window glass. Its source is the corresponding previously introduced subject, placed on screen. It is synchronized with the corresponding visible action. [00:02.400–00:03.400] A sudden wet fabric thump and rustle as one umbrella canopy flares backward in the wind. Its source is the corresponding previously introduced subject, placed on screen. It is synchronized with the corresponding visible action. [00:05.700–00:08.000] Heavy droplets patter from the shaken umbrella onto the stone step beneath the portico, mixed with softer dripping from the other umbrella. Its source is the corresponding previously introduced subject, placed on screen. It is synchronized with the corresponding visible action.
spoken_dialogue: None.
non_diegetic_music: None.
hard_constraints: Preserve every subject, action, attribute, count, relationship, setting, camera instruction, and style constraint explicitly stated in the source prompt.",en,vb-055,vbench,vbench-567bae6161defff3,2616d61e93eb96e926fdae45b74475c4d83fddefe1257844a77264ec7b218d8e
109,52054,"integrated_multimodal_description: 视觉风格：油画式视觉风格：可见富有表现力的笔触、光亮湿润的表面、深蓝绿色阴影、温暖的琥珀色煤气灯光、雨上柔和发光的高光，以及绘画式而非照片写实的人物。场景：一条被雨浸透的傍晚街道，两旁是高大的砖砌联排房屋，带有铁栏杆和亮着灯的窗户。大雨斜穿过琥珀色的灯光，湿漉漉的路面倒映着街灯；在右侧边缘，一段低矮的石砌门阶和门廊通向这对伴侣温暖发光的正门入口。时长：8 seconds。 [Shot 1, 00:00.000–00:08.000] 中远景镜头跟拍两个被雨伞遮顶的身影从左向右移动，然后当他们停在门廊下时，落定为一个中景。缓慢的横向跟拍在这对伴侣靠近联排房屋台阶时呈弧线转为轻柔推近。可见主体：一位伴侣身着正式晚装：黑色燕尾服、白色领结和高顶礼帽，手持一把打开的黑色雨伞。另一位伴侣身着正式晚装：一袭深绿色长裙，头发向上挽起，手持一把打开的黑色雨伞。这对伴侣手持的两把打开的黑色雨伞被雨水浸得发亮，映照着煤气灯光。倾盆大雨本身：斜雨在灯光中拉成雨丝，在路面上溅起，并从伞沿流下。从 00:00.000 到 00:02.400：两个身影在两把打开的黑色雨伞下，沿着泛着光的路面匆匆而行。雨丝斜斜地划穿温暖的灯光，在湿漉漉的石块上溅起，并在他们前倾时从伞沿倾泻而下。从 00:02.400 到 00:05.700：一阵狂风几乎把雨横向吹去。一把雨伞的伞面向后翻卷，把持伞的伴侣带得退了半步，随后双手抓住伞柄，将伞迎风倾斜。另一位伴侣靠近过来，倾斜自己的伞为两人遮挡，同时燕尾服后摆与长裙裙摆在潮湿的空气中飘动。从 00:05.700 到 00:08.000：这对伴侣登上最后一级湿漉漉的石阶，穿过门廊下方，来到亮着灯的门道那温暖的光线之中。一位伴侣抖了一下雨伞，把它放低，将一片水滴甩过台阶；另一位则转向门口；门廊遮蔽范围之外，雨仍持续成线地掠过。
overall_soundscape: [00:00.000–00:08.000] 持续不断的大雨嘶嘶作响并嗒嗒地打在雨伞伞面、路面、石阶和窗玻璃上。其声源是先前引入的相应主体，位于画面中。它与相应的可见动作同步。[00:02.400–00:03.400] 当一把雨伞的伞面在风中被向后翻卷时，突然发出一声潮湿织物般的闷响和窸窣声。其声源是先前引入的相应主体，位于画面中。它与相应的可见动作同步。[00:05.700–00:08.000] 被抖过的那把伞落下的大颗水滴嗒嗒地打在门廊下的石阶上，与另一把伞更轻柔的滴水声混在一起。其声源是先前引入的相应主体，位于画面中。它与相应的可见动作同步。
spoken_dialogue: 无。
non_diegetic_music: 无。
hard_constraints: 保留源提示中明确陈述的每一个主体、动作、属性、数量、关系、场景、镜头指示和风格约束。",zh,vb-055,vbench,vbench-567bae6161defff3,d1388632b4e2e3b1334b7cfb257e79d54b55aa5344ea5ba63d66dcecf8bfe415
110,52055,"integrated_multimodal_description: Visual style: Naturalistic pastoral footage in warm late-afternoon light with soft haze and muted green-brown colors. The camera is at cow height, matching the cow's movement with a smooth, slightly bouncy tracking motion so the ground and grass drift past in the foreground. Setting: A rolling green pasture with scattered trees, split-rail fencing, and a gentle downhill slope. In the near distance a herd of brown-and-white dairy cows grazes together. Duration: 8 seconds. [Shot 1, 00:00.000–00:08.000] Wide tracking shot from the cow's right side, with cow_runner in the middle frame and herd_group clearly visible ahead and to the left; fence and pasture fill the background. Low tracking camera at cow height, moving at the same speed as the running cow with a gentle bounce; no cuts, holding both the runner and herd in frame as the distance closes. Visible subjects: A young brown-and-white dairy cow with a white patch across her back, running with her head stretched forward, ears pricked, and tail streaming behind her. Six brown-and-white dairy cows grazing together in the lower pasture, visibly the same kind and coloring as the running cow. The visible open pasture surrounding the action, including grass, dirt patches, fence rails, and a distant tree line. From 00:00.000 to 00:02.400: cow_runner gallops energetically down the grassy slope, taking long strides with her head stretched forward and her tail streaming behind. Her hooves kick up small clumps of grass and soil, while herd_group continues grazing calmly in the distance. From 00:02.400 to 00:04.800: cow_runner closes the remaining distance to the herd. Two cows at the edge of herd_group stop grazing, lift their heads in unison, and turn to face the approaching runner. From 00:04.800 to 00:08.000: cow_runner reaches herd_group and drops from a gallop to a trot, then to a walk. The herd loosens slightly to make space, nearby cows bob their heads, and one cow turns to give the newcomer a gentle nudge on the shoulder as she falls in among them.
overall_soundscape: [00:00.000–00:08.000] Open-pasture ambience: wind moving through grass, distant birdsong, and light rustling of leaves from the tree line. Its source is the corresponding previously introduced subject, placed on screen. It is synchronized with the corresponding visible action. [00:00.200–00:06.400] Rhythmic muffled thudding of cow hooves on grass, fast and energetic during the gallop, then slower and heavier as the cow decelerates and walks into the herd. Its source is the corresponding previously introduced subject, placed on screen. It is synchronized with the corresponding visible action. [00:04.600–00:08.000] Soft, low mooing from the waiting herd as several cows turn toward the newcomer, continuing briefly as the newcomer settles in among them. Its source is the corresponding previously introduced subject, placed on screen. It is synchronized with the corresponding visible action.
spoken_dialogue: None.
non_diegetic_music: None.
hard_constraints: Preserve every subject, action, attribute, count, relationship, setting, camera instruction, and style constraint explicitly stated in the source prompt.",en,vb-056,vbench,vbench-09dfc5df6acf2744,7b1130368c3bd28026f91b823994bdda9ac2f9a3a2912ba67f9402b1c6e66f07
111,52055,"integrated_multimodal_description: 视觉风格：自然主义田园影像，处于温暖、近傍晚的光线中，带有轻柔薄雾和柔和的绿棕色。镜头位于奶牛高度，以平滑、略带弹性的跟拍运动匹配奶牛的移动，使地面和草在前景中向后掠过。场景：一片起伏的绿色牧场，散布着树木、横木围栏和一个平缓的下坡。不远处有一群棕白相间的奶牛在一起吃草。时长：8 seconds。[Shot 1, 00:00.000–00:08.000] 从奶牛右侧拍摄的全景跟拍镜头，奔跑的奶牛位于画面中央，牛群清晰可见于前方偏左；围栏和牧场填满背景。低位跟拍镜头保持在奶牛高度，以与奔跑奶牛相同的速度移动并带有轻微弹动；不剪切，随着距离缩短，奔跑者和牛群始终保持在画面中。可见主体：一头年轻的棕白相间奶牛，背部横跨一块白色斑块，正向前伸头、竖起耳朵、尾巴在身后飘动地奔跑。六头棕白相间奶牛在较低的牧场一起吃草，可见与奔跑的奶牛同一种类和毛色。动作周围可见的开阔牧场，包括草地、泥土斑块、栅栏横杆和远处的林带。从 00:00.000 到 00:02.400：奔跑的奶牛充满活力地沿草坡飞驰而下，迈着大步，头向前伸，尾巴在身后飘动。它的蹄子踢起小团草和泥土，而牛群继续在远处安静地吃草。从 00:02.400 到 00:04.800：奔跑的奶牛跑完与牛群之间剩下的距离。牛群边缘的两头奶牛停止吃草，同时抬起头，转身面向靠近的奔跑者。从 00:04.800 到 00:08.000：奔跑的奶牛到达牛群，从飞驰减速为小跑，再减速为行走。牛群微微散开腾出空间，附近的奶牛上下晃动着头，一头奶牛转过身，轻轻地拱了一下新来者的肩膀，新来者随即加入它们当中。
overall_soundscape: [00:00.000–00:08.000] 开阔牧场环境声：风吹过草地、远处的鸟鸣，以及林带传来的轻微树叶沙沙声。其声源是先前引入的对应主体，位于画面上；它与对应的可见动作同步。[00:00.200–00:06.400] 奶牛蹄子踏在草地上的有节奏的沉闷声响，奔跑时快速而有力，随后随着奶牛减速并走进牛群而变慢、变重。其声源是先前引入的对应主体，位于画面上；它与对应的可见动作同步。[00:04.600–00:08.000] 来自等待中牛群的轻柔低沉哞叫声，随着几头奶牛转向新来者响起，并在新来者融入它们中时短暂持续。其声源是先前引入的对应主体，位于画面上；它与对应的可见动作同步。
spoken_dialogue: 无。
non_diegetic_music: 无。
hard_constraints: 保留源提示中明确陈述的每个主体、动作、属性、数量、关系、场景、镜头指令和风格约束。",zh,vb-056,vbench,vbench-09dfc5df6acf2744,9b79da1f9ea2c59fddd0ae7a17a204957fcd96abfef1066536b9d8e1697bea3d
112,52056,"integrated_multimodal_description: Visual style: Photorealistic underwater natural-history footage; saturated coral colors, soft volumetric sun shafts, drifting particles and bubbles, gentle continuous camera motion. Setting: A clear, sunlit tropical underwater coral reef in shallow ocean water, with brain coral, branching staghorn coral, a green anemone, and a pale sandy seafloor. Duration: 8 seconds. [Shot 1, 00:00.000–00:08.000] Wide-to-medium underwater view from just above the reef, looking slightly downward; corals frame the lower edges and fish actions occur in clear water below the sun shafts. Slow forward Steadicam-style glide with a slight downward tilt; near the middle of the shot it pans gently right to keep the wrasse in view. Visible subjects: Large rounded brain coral with grooved beige-brown ridges, centered over pale sand. Dense thicket of branching staghorn coral with violet branches and pink tips, to the right of the brain coral. Green sea anemone with translucent tentacles clustered on a low rock in front of the brain coral. Orange clownfish with two white bands outlined in black, slightly larger than the anemone. Slanting volumetric shafts of warm sunlight crossing the clear blue water. Pale sandy seafloor with small coral rubble and shell fragments. Small neon-blue wrasse with a yellow dorsal stripe, about one third the length of the clownfish. From 00:00.000 to 00:02.200: A sunlit coral reef lies below as the view drifts forward: staghorn branches and anemone tentacles sway in the current, small bubbles rise, and the clownfish hovers at the anemone's edge. From 00:02.200 to 00:04.400: The clownfish flicks away from the anemone, darts upward through a bright sun shaft, then curves down over the brain coral. From 00:04.400 to 00:06.600: The neon-blue wrasse bursts from the staghorn thicket, zigzags past the hovering clownfish, and disappears behind the brain coral. From 00:06.600 to 00:08.000: The clownfish swims to a lower staghorn branch and hovers with gently quivering fins while sun shafts ripple over the reef.
overall_soundscape: [00:00.000–00:08.000] Constant underwater reef ambience: soft water movement, faint distant crackle, and slow bubble tones. Its source is Surrounding clear tropical seawater with suspended particles and rising bubbles., placed on screen. [00:02.200–00:04.400] Soft water swish and a short burst of bubbles as the clownfish accelerates and turns. Its source is the corresponding previously introduced subject, placed on screen. It is synchronized with the corresponding visible action. [00:04.400–00:06.600] Rapid fluttering water rush plus a faint coral-rubble click as the wrasse zigzags and passes out of sight. Its source is the corresponding previously introduced subject, placed on screen. It is synchronized with the corresponding visible action.
spoken_dialogue: None.
non_diegetic_music: None.
hard_constraints: Preserve every subject, action, attribute, count, relationship, setting, camera instruction, and style constraint explicitly stated in the source prompt.",en,vb-057,vbench,vbench-ffdf9832a92ff5ef,bbcae3d410bfdfe0c3eb5e28581679d2a2ab170eeca0f4fdf535ecd6d4078472
113,52056,"integrated_multimodal_description: 视觉风格：照片级写实的水下自然历史影像；饱和的珊瑚色彩、柔和的体积光柱、漂浮的颗粒和气泡、平缓连续的摄影机运动。场景：阳光充足、清澈的浅海中的热带水下珊瑚礁，有脑珊瑚、分枝鹿角珊瑚、一株绿色海葵，以及浅色沙质海床。时长：8 seconds。[Shot 1, 00:00.000–00:08.000] 广角至中景的水下视角，从略高于珊瑚礁处略微向下俯视；珊瑚构成画面下缘的边框，鱼类活动发生在光柱下方的清澈海水中。缓慢向前移动的斯坦尼康式滑行，带轻微下倾；在镜头中段附近轻轻向右摇摄，以保持隆头鱼在画面中。可见主体：大型圆形脑珊瑚，带有沟槽状的米褐色脊纹，位于浅色沙地中央。茂密的分枝鹿角珊瑚丛，具有紫罗兰色分枝和粉红色顶端，位于脑珊瑚右侧。绿色海葵，半透明触手簇生于脑珊瑚前方的一块低矮岩石上。橙色小丑鱼，有两条黑边白色条纹，体型略大于海葵。温暖的阳光以倾斜的体积光柱穿过清澈的蓝色海水。浅色沙质海床，散布着小珊瑚碎石和贝壳碎片。小型霓虹蓝色隆头鱼，背部有一道黄色条纹，长度约为小丑鱼的三分之一。从 00:00.000 到 00:02.200: 阳光照射的珊瑚礁位于下方，镜头向前漂移；鹿角珊瑚枝和海葵触手在水流中摇曳，小气泡上升，小丑鱼悬停在海葵边缘。从 00:02.200 到 00:04.400: 小丑鱼急速弹离海葵，向上穿过一道明亮的光柱，然后呈弧线向下越过脑珊瑚。从 00:04.400 到 00:06.600: 霓虹蓝色隆头鱼从鹿角珊瑚丛中冲出，之字形绕过悬停的小丑鱼，然后在脑珊瑚后方消失。从 00:06.600 到 00:08.000: 小丑鱼游到一根较低的鹿角珊瑚枝旁，鱼鳍轻轻颤动地悬停，同时光柱在珊瑚礁上泛起涟漪。
overall_soundscape: [00:00.000–00:08.000] 持续的水下珊瑚礁环境声：轻柔的水流声、微弱的远处噼啪声，以及缓慢的气泡声。其声源是周围清澈的热带海水（含有悬浮颗粒和上升气泡），置于画面中。[00:02.200–00:04.400] 小丑鱼加速并转向时，发出轻柔的水流嗖嗖声和一阵短促的气泡声。其声源是先前引入的对应主体，置于画面中。它与对应的可见动作同步。[00:04.400–00:06.600] 隆头鱼呈之字形游动并离开视线时，发出快速扑腾的水流声，外加一声微弱的珊瑚碎石咔嗒声。其声源是先前引入的对应主体，置于画面中。它与对应的可见动作同步。
spoken_dialogue: 无。
non_diegetic_music: 无。
hard_constraints: 保留源提示中明确陈述的每一个主体、动作、属性、数量、关系、场景、摄影机指令和风格约束。",zh,vb-057,vbench,vbench-ffdf9832a92ff5ef,536a60593648eec28cd8c95d4415c4e2a3b1b39ac90c853771191cf40f8d7b27
114,52057,"integrated_multimodal_description: Visual style: Naturalistic live-action railway realism; overcast daylight under a covered station canopy, muted cool tones, practical station lighting, and subtle atmospheric depth. Setting: A covered mainline train platform with a concrete floor, yellow tactile warning strip, canopy supports, and a track alongside; a metal Platform 3 sign hangs from the canopy, with automatic train doors opening at the platform edge. Duration: 8 seconds. [Shot 1, 00:00.000–00:04.200] Wide shot along the covered platform, with the platform edge in the lower left and the track receding to the right. Static tripod camera angled down-track; keeps the passenger clearly in view. Visible subjects: Woman in a beige trench coat and mustard scarf, pulling a small black wheeled suitcase. Electric multiple-unit intercity train with a grey body, blue stripe, tinted windows, and broad automatic sliding doors. From 00:00.000 to 00:01.400: Passenger walks to a spot behind the yellow tactile strip, stops, and looks down the track with one hand on her suitcase handle. From 00:01.400 to 00:03.300: A headlight appears down the track; the electric train grows larger, enters frame, and begins to slow as it rolls alongside the platform. From 00:03.300 to 00:04.200: Train settles with a slight rock and stops; passenger holds back behind the yellow line until the nearest doors align with her position. [Shot 2, 00:04.200–00:08.000] Medium shot from the platform facing the train’s open doorway. Handheld push-in toward the access door, with a small reframe to keep the passenger and doorway in frame. From 00:04.200 to 00:05.000: Sliding doors separate and open fully; blue-white interior light spills onto the platform as the passenger takes a step toward the doorway. From 00:05.000 to 00:07.700: Passenger rolls the suitcase over the threshold, steps into the carriage, and turns toward the aisle; her figure is visible through the open doorway. From 00:07.700 to 00:08.000: Automatic door leaves begin to close behind the passenger as she stands in the aisle.
overall_soundscape: [00:00.000–00:08.000] Low station platform ambience: wind under the canopy, distant hum, and occasional electrical buzz from platform lighting. Its source is The station platform environment itself: concrete floor, canopy, tactile warning strip, trackside atmosphere, and overhead lighting., placed on screen. It is synchronized with the corresponding visible action. [00:01.400–00:03.400] Distant electric motor whine grows into a louder low-frequency rumble and rolling wheel clatter as the train approaches. Its source is the corresponding previously introduced subject, placed on screen. It is synchronized with the corresponding visible action. [00:03.200–00:04.300] Air-brake hiss, traction hum, and a soft slowing wheel squeal as the train comes to rest. Its source is the corresponding previously introduced subject, placed on screen. It is synchronized with the corresponding visible action. [00:04.200–00:04.900] Two-tone door chime and a short pneumatic push as the doors slide open. Its source is the corresponding previously introduced subject, placed on screen. It is synchronized with the corresponding visible action. [00:05.100–00:06.700] Suitcase wheels rattle across the threshold, followed by measured footsteps on the carriage floor. Its source is the corresponding previously introduced subject, placed on screen. It is synchronized with the corresponding visible action. [00:07.700–00:08.000] Short warning chime begins as the door leaves start their closing stroke. Its source is the corresponding previously introduced subject, placed on screen. It is synchronized with the corresponding visible action.
spoken_dialogue: [00:04.400–00:07.200] Station public-address loudspeaker mounted below the canopy. says exactly “The 10:42 to Brighton is now boarding.” in en, spoken in the scene. Delivery: Friendly station announcement over the public-address system, slightly clipped, with a soft PA echo. Voice: Friendly, slightly clipped female voice with faint PA filtering.
non_diegetic_music: None.
hard_constraints: Preserve every subject, action, attribute, count, relationship, setting, camera instruction, and style constraint explicitly stated in the source prompt.",en,vb-058,vbench,vbench-5a02805b1479c9e0,21cd8368febd94ae88cbd4711f99c2106b17c1c5222427e24334052d8b3b5c46
115,52057,"integrated_multimodal_description: 视觉风格：自然主义实拍铁路写实；有顶站台雨棚下的阴天日光、低饱和冷色调、车站实际照明，以及微妙的氛围纵深感。场景：一个有顶棚的干线列车站台，混凝土地面、黄色触觉警示带、雨棚支柱，旁边一条轨道；一块金属的Platform 3 sign从雨棚上悬挂下来，自动列车门在站台边缘打开。时长：8 seconds。[Shot 1, 00:00.000–00:04.200] 沿有顶站台的广角镜头，站台边缘位于画面左下，轨道向右侧延伸远去。固定三脚架摄影机以朝轨道远端方向的角度取景，将乘客清晰保持在画面中。可见主体：身穿米色风衣和芥末黄围巾的女士，拉着一只黑色小型拉杆箱；一列电力动车组城际列车，灰色车身、蓝色条纹、有色玻璃窗和宽阔的自动滑动门。从 00:00.000 至 00:01.400：乘客走到黄色触觉警示带后方的一个位置停住，一只手放在拉杆箱把手上，向轨道远处看去。从 00:01.400 至 00:03.300：轨道远处出现一盏头灯；电力列车变大，进入画面，并在沿站台驶过时开始减速。从 00:03.300 至 00:04.200：列车轻微摇动后停稳；乘客待在黄色警戒线后方等待，直到最近的车门与她的位置对齐。[Shot 2, 00:04.200–00:08.000] 从站台朝列车敞开的门洞拍中景。手持镜头向入口门推近，并小幅重新构图，使乘客和门洞保持在画面中。从 00:04.200 至 00:05.000：滑动门分开并完全打开；蓝白色车内灯光洒到站台上，乘客向门洞迈出一步。从 00:05.000 至 00:07.700：乘客将拉杆箱滚过门槛，走进车厢，转身面向过道；她的身影透过敞开的门洞可见。从 00:07.700 至 00:08.000：乘客站在过道中时，自动门扇开始在她身后关闭。
overall_soundscape: [00:00.000–00:08.000] 低音量的站台环境声：雨棚下的风声、远处的嗡嗡声，以及站台照明偶尔发出的电气嗡鸣。其声源是站台环境本身：混凝土地面、雨棚、触觉警示带、轨道沿线氛围和头顶照明，位于画面中。它与对应的可见动作同步。[00:01.400–00:03.400] 列车接近时，远处电动机的啸叫声增强为更响的低频隆隆声和车轮滚动咔嗒声。其声源是先前已引入的对应主体，位于画面中。它与对应的可见动作同步。[00:03.200–00:04.300] 列车停稳时，响起空气制动嘶声、牵引嗡鸣和轻柔的车轮减速尖啸。其声源是先前已引入的对应主体，位于画面中。它与对应的可见动作同步。[00:04.200–00:04.900] 滑动门打开时，响起双音车门提示音和短促的气动推动声。其声源是先前已引入的对应主体，位于画面中。它与对应的可见动作同步。[00:05.100–00:06.700] 拉杆箱轮子咔嗒作响地滚过门槛，随后是车厢地板上均匀的脚步声。其声源是先前已引入的对应主体，位于画面中。它与对应的可见动作同步。[00:07.700–00:08.000] 门扇开始关闭行程时，短促的警示音响起。其声源是先前已引入的对应主体，位于画面中。它与对应的可见动作同步。
spoken_dialogue: [00:04.400–00:07.200] 安装在雨棚下方的车站广播扬声器。它在场景中以英语准确说出 The 10:42 to Brighton is now boarding.。播报方式：友好的车站广播，略带短促，并带有柔和的 PA 回声。声音：友好、略带短促的女声，并带有轻微的 PA 滤波。
non_diegetic_music: 无。
hard_constraints: 保留源提示中明确陈述的每一个主体、动作、属性、数量、关系、场景、镜头指令和风格约束。",zh,vb-058,vbench,vbench-5a02805b1479c9e0,f61768b8ca6520a49e3b04743d6f90e639b90317d3279ec95dd76e98d40ee05e
116,52058,"integrated_multimodal_description: Visual style: Naturalistic poolside realism: clear turquoise water, glossy wet tile, soft overhead lighting, no fantasy or stylization. Setting: Indoor heated competition-style swimming pool with a wet white-tiled deck edge and calm turquoise water visible in the foreground. Duration: 8 seconds. [Shot 1, 00:00.000–00:08.000] Medium-wide side-on view of the swimmer and pool edge; the water occupies the lower two-thirds of the frame, and the tiled deck crosses the foreground. Static low camera placed just above the waterline beside the tiled edge, keeping the swimmer in profile throughout. Visible subjects: Adult swimmer wearing a navy one-piece suit and a grey silicone swim cap, resting near the white-tiled pool edge. Turquoise indoor pool water in the foreground, calm but in constant gentle motion. Wet white-tiled pool edge at water level, with a thin layer of runoff and scattered droplets. From 00:00.000 to 00:02.400: The swimmer treads water a short arm's length from the tiled edge, making small alternating arm scoops and gentle kicks while water laps against the tile. From 00:02.400 to 00:05.200: The swimmer presses both palms onto the wet deck, pushes herself upward, swings sideways, and settles sitting on the tiled edge with her legs still trailing in the water. From 00:05.200 to 00:07.800: Seated at the edge, the swimmer pulls off her grey cap with one hand, lets her wet hair fall loose, and shakes her head once, sending droplets in a small arc. From 00:05.200 to 00:08.000: Concentric ripples move outward from the swimmer's dangling legs across the turquoise surface and gradually fade as they near the pool wall.
overall_soundscape: [00:00.000–00:02.400] Close rhythmic splashes as the swimmer's arms and legs push through the water. Its source is the corresponding previously introduced subject, placed on screen. It is synchronized with the corresponding visible action. [00:00.000–00:08.000] Steady low lapping of water against the tile and the soft resonance of the tiled indoor pool. Its source is the corresponding previously introduced subject, placed on screen. [00:02.400–00:05.200] Wet palms slap the tile, followed by water sliding and dripping as the swimmer lifts herself onto the deck. Its source is the corresponding previously introduced subject, placed on screen. It is synchronized with the corresponding visible action. [00:05.200–00:07.800] A soft elastic snap as the cap comes off, a brief hair shake, and fine droplets pattering onto the pool surface. Its source is the corresponding previously introduced subject, placed on screen. It is synchronized with the corresponding visible action.
spoken_dialogue: None.
non_diegetic_music: None.
hard_constraints: Preserve every subject, action, attribute, count, relationship, setting, camera instruction, and style constraint explicitly stated in the source prompt.",en,vb-059,vbench,vbench-c0f41baaeec7b60c,f581f0fd736760a4b765fcc33b5d712380dafbf48f2087b47b80e051f47710e0
117,52058,"integrated_multimodal_description: 视觉风格：自然主义池畔写实：清澈的碧绿色池水、光亮湿润的瓷砖、柔和的顶部照明，没有幻想或风格化。场景：室内恒温竞赛规格游泳池，带湿白色瓷砖池岸边缘，前景可见平静的碧绿色池水。时长：8 seconds。[Shot 1, 00:00.000–00:08.000] 中宽景侧面视角拍摄游泳者与池边；池水占据画面下方三分之二，瓷砖池岸横贯前景。固定低机位位于瓷砖边缘旁、略高于水线处，全程保持游泳者呈侧面轮廓。可见主体：一位成年游泳者，身穿藏青色连体泳衣，头戴灰色硅胶泳帽，在白色瓷砖池边附近休息。前景的碧绿色室内泳池水，平静但持续轻微波动。水面处的湿白色瓷砖池边，带有一层薄薄的流下的水和散落的水滴。从 00:00.000 到 00:02.400：游泳者在距瓷砖边缘一臂左右的短距离处踩水，双臂交替小幅划水，双腿轻柔踢水，同时水拍打着瓷砖。从 00:02.400 到 00:05.200：游泳者将双掌按在湿池岸上，撑起身体，侧身转过来，然后坐在瓷砖边缘上，双腿仍垂在水中。从 00:05.200 到 00:07.800：坐在池边，游泳者用一只手拉下灰色泳帽，让湿发披散，甩了一次头，水珠呈小弧线甩出。从 00:05.200 到 00:08.000：同心涟漪从游泳者垂着的双腿向外扩散，穿过碧绿色水面，在接近池壁时逐渐消失。
overall_soundscape: [00:00.000–00:02.400] 近处有节奏的水花飞溅声，随游泳者的手臂和腿在水中划水而响起。其声源是之前引入的对应主体，位于画面中。它与相应可见动作同步。[00:00.000–00:08.000] 平稳低沉的水拍打瓷砖声，以及瓷砖室内泳池的柔和共鸣声。其声源是之前引入的对应主体，位于画面中。[00:02.400–00:05.200] 湿手掌拍打瓷砖，随后是游泳者撑上池岸时水滑动和滴落的声音。其声源是之前引入的对应主体，位于画面中。它与相应可见动作同步。[00:05.200–00:07.800] 泳帽脱下时轻柔而有弹性的啪嗒声、短暂的甩发声，以及细小水珠落在池面上的啪嗒声。其声源是之前引入的对应主体，位于画面中。它与相应可见动作同步。
spoken_dialogue: 无。
non_diegetic_music: 无。
hard_constraints: 保留源提示中明确陈述的每个主体、动作、属性、数量、关系、场景、镜头指令和风格约束。",zh,vb-059,vbench,vbench-c0f41baaeec7b60c,6f8a5fd290bbf4450bf416b2ffa85deaf70bfabad3843b8de8c61676edf7ca8d
118,52059,"integrated_multimodal_description: Visual style: Hushed wabi-sabi still-life realism; static camera held absolutely still; quiet diffused afternoon light; restrained warm desaturated palette; shallow depth of field; visible motion limited to light, steam, and floating dust. Setting: A traditional Japanese tea room: tatami floor, soft lime-plaster walls, a shōji screen washed with quiet daylight, and a low dark wooden tea table in the center where the meticulously arranged tea set waits, unused and composed, with porcelain cups and a bamboo whisk. Duration: 8 seconds. [Shot 1, 00:00.000–00:08.000] Low, wide, nearly symmetrical still frame of the low tea table and tea set, with the shōji screen and alcove visible behind. Tripod-locked still frame; no pan, tilt, zoom, or racking focus during the shot. Visible subjects: The traditional tea room and its visible surfaces: tatami floor, lime-plaster wall, dark wooden lintels, and softly glowing shōji screen. The meticulously arranged waiting tea service on the low wooden table, centered by the porcelain cups and the bamboo whisk. Two small ivory-white porcelain cups with faint blue-green rim lines, one slightly nearer the camera than the other. A bamboo tea whisk with many pale, finely split tines, standing upright in a dark ceramic holder to the right of the porcelain cups. Throughout the shot: Diffuse daylight through the shōji slowly strengthens and then settles; the faint grid shadow of the screen shifts across the tatami, and the nearer porcelain cup begins to catch a warmer glow. From 00:00.700 to 00:07.600: A thin ribbon of warm steam rises from the nearer porcelain cup, twisting, bending slightly in the still air, and thinning to nothing above the table. From 00:02.000 to 00:08.000: A few faint dust motes drift slowly in the band of daylight; one passes close to the bamboo whisk's pale tines, another circles beside the cup.
overall_soundscape: [00:00.000–00:08.000] Very low tea-room ambience: faint air moving across the shōji paper, barely audible rustle of leaves outside, and a profound quiet with no voices or music. Its source is the corresponding previously introduced subject, placed on screen.
spoken_dialogue: None.
non_diegetic_music: None.
hard_constraints: Preserve every subject, action, attribute, count, relationship, setting, camera instruction, and style constraint explicitly stated in the source prompt.",en,vb-060,vbench,vbench-4acf5ec859984c03,83408074e64097a87b97688cbf9722e1155e1742d97fc4ee43ce518969457977
119,52059,"integrated_multimodal_description: 视觉风格：静谧的侘寂静物写实；摄影机保持绝对静止；安静的漫射午后光线；克制的暖色低饱和调色板；浅景深；可见动态仅限于光线、蒸汽和浮尘。场景：传统日式茶室——榻榻米地板、柔和的石灰灰泥墙、一扇被静谧日光洗亮的障子屏风，以及中央低矮的深色木质茶桌；茶桌上精心布置的茶具静候使用，尚未动用、安详有序，包括瓷杯和一支竹制茶筅。时长：8 seconds。[Shot 1, 00:00.000–00:08.000] 低机位、宽幅、近乎对称的静帧画面，呈现低矮茶桌与茶具，其后可见障子屏风和壁龛。三脚架锁定静止画面；整段镜头无摇移、俯仰、变焦或焦点转换。可见主体：传统茶室及其可见表面：榻榻米地板、石灰灰泥墙、深色木质楣梁和柔和发光的障子屏风。低矮木桌上精心布置、静候使用的茶具，以瓷杯和竹制茶筅为中心。两只小巧的象牙白瓷杯带有淡淡的蓝绿色口沿细线，其中一只比另一只更靠近摄影机。一支竹制茶筅带有许多浅色、细密劈开的筅齿，竖立在瓷杯右侧的深色陶瓷筒中。整个镜头中：透过障子的漫射日光逐渐增强，随后稳定下来；障子屏风淡淡的网格阴影在榻榻米上移动，较近的那只瓷杯开始染上更温暖的光泽。从 00:00.700 至 00:07.600：一缕温暖的水汽从较近的瓷杯中升起，于静止空气中扭转、微微弯折，升至桌面上方渐渐消失。从 00:02.000 至 00:08.000：几点隐约的尘埃微粒在光线带中缓缓飘动；一粒飘过竹茶筅浅色细齿附近，另一粒在杯旁环行。
overall_soundscape: [00:00.000–00:08.000] 极低的茶室环境声：微弱气流拂过障子纸的声音，室外几不可闻的树叶窸窣声，以及没有任何人声或音乐的深沉寂静。其声源是先前已引入、置于画面中的对应主体。
spoken_dialogue: 无。
non_diegetic_music: 无。
hard_constraints: 保留源提示中明确陈述的每一个主体、动作、属性、数量、关系、场景设定、摄影机指令和风格约束。",zh,vb-060,vbench,vbench-4acf5ec859984c03,310c522c5a0a217dcccb32ab02af7aa3e5e6765174a006b9ac1ecc6916c883de
120,52060,"integrated_multimodal_description: Visual style: Ukiyo-e woodblock-print rendering after Hokusai: flat color planes, bold contour lines, subtle wood-grain texture, muted Prussian blue, indigo, cream and vermilion accents, and deliberate negative space. Setting: The Seine River in Paris under a wide pale sky, with the Eiffel Tower on the far bank and a lone wooden sailboat moving across the foreground water. Duration: 8 seconds. [Shot 1, 00:00.000–00:08.000] Very wide, low-angle static composition with the Eiffel Tower placed in the upper left background and the sailboat crossing in the lower foreground. Stationary camera at river level; no movement. Visible subjects: A small wooden sailboat with a single pale cream sail, a low curved hull, and a thin wooden tiller, drawn with bold Ukiyo-e outlines. The stylized surface of the Seine, carrying gentle Prussian-blue wave scrolls and soft ripple lines inspired by Hokusai's water patterns. A distant Eiffel Tower on the riverbank, simplified into a Hokusai-flattened lattice silhouette against the pale sky. From 00:00.000 to 00:03.000: The small wooden sailboat slides unhurriedly from the right side of the frame toward the center, its cream sail curved by a light breeze and its hull cutting a soft V-shaped wake across the Seine. From 00:03.000 to 00:05.500: The sailboat passes the midpoint of the composition; low wave swells roll around the hull, while the Eiffel Tower remains crisply silhouetted in the upper-left background against the open sky. From 00:05.500 to 00:08.000: The sailboat gradually recedes toward the left edge of the frame, its sail turning slightly oblique as the trailing wake fans out and the Eiffel Tower holds the background in flat, linear perspective.
overall_soundscape: [00:00.000–00:08.000] Soft rhythmic lapping of river water and a gentle, continuous hiss from the boat's wake trailing behind the hull. Its source is the corresponding previously introduced subject, placed on screen. It is synchronized with the corresponding visible action. [00:03.200–00:05.800] Faint dry wood creaks and light canvas flutters from the sail and hull as the boat rocks gently on the river. Its source is the corresponding previously introduced subject, placed on screen. It is synchronized with the corresponding visible action.
spoken_dialogue: None.
non_diegetic_music: None.
hard_constraints: Preserve every subject, action, attribute, count, relationship, setting, camera instruction, and style constraint explicitly stated in the source prompt.",en,vb-061,vbench,vbench-1478c3612668c5bd,6397bc49019139e49f28381eaeea5ff98bfd7ba1db6caa34e12fed3dade4072b
121,52060,"integrated_multimodal_description: 视觉风格：仿葛饰北斋的浮世绘木刻版画渲染：平涂色面、大胆的轮廓线、微妙的木纹质感、柔和的普鲁士蓝、靛蓝、奶油色与朱红色点缀，以及刻意的负空间。场景：The Seine River位于巴黎开阔淡白的天空下，远岸是Eiffel Tower，前景水面上有一艘孤独的木帆船正在移动。时长：8 seconds。[Shot 1, 00:00.000–00:08.000] 极宽的低角度静态构图，Eiffel Tower位于左上背景，帆船在下方前景横穿。固定摄影机位于河面高度；无运动。可见主体：一只小木帆船，带有单面淡奶油色的帆、低矮的弧形船体和细长的木质舵柄，以粗犷的浮世绘轮廓线绘制。塞纳河风格化的水面，带有柔和的普鲁士蓝波浪卷纹和受葛饰北斋水纹启发的轻柔涟漪线。远处河岸上的Eiffel Tower，被简化成淡白天空下葛饰北斋式压平的格子剪影。从 00:00.000 到 00:03.000：小木帆船不慌不忙地从画面右侧向中央滑行，奶油色的帆被微风吹弯，船体在塞纳河上划出一道柔和的V形尾波。从 00:03.000 到 00:05.500：帆船经过构图的中点；低矮的涌浪在船体周围翻卷，而 Eiffel Tower 在左上背景中，在开阔天空的映衬下保持清晰的剪影。从 00:05.500 到 00:08.000：帆船逐渐向画面左缘退去，其帆略微倾斜，拖曳的尾流呈扇形展开，Eiffel Tower 将背景保持在扁平的线性透视中。
overall_soundscape: [00:00.000–00:08.000] 河水轻柔而有节奏的拍打声，以及来自船体后方拖曳尾流的轻柔、持续的嘶嘶声。其声源是先前引入的对应主体，置于画面中。它与对应的可见动作同步。[00:03.200–00:05.800] 当船在河上轻轻摇晃时，船帆与船体发出微弱的干木吱嘎声和轻微的帆布扑动声。其声源是先前引入的对应主体，置于画面中。它与对应的可见动作同步。
spoken_dialogue: 无。
non_diegetic_music: 无。
hard_constraints: 保留源提示中明确陈述的每个主体、动作、属性、数量、关系、场景、摄影机指令和风格约束。",zh,vb-061,vbench,vbench-1478c3612668c5bd,7746fa4780fa3608e1b9bd0326810c90d0fa8380ad043d8d8b39a2d09b75fcbc
122,52061,"integrated_multimodal_description: Visual style: Cinematic realism with glossy rainy-night colors, warm practical lights, and one continuous steady and smooth tracking perspective with no handheld shake or abrupt camera movement. Setting: A rain-slicked city sidewalk at night on a residential block; warm porch light spills from a two-step stone stoop as the couple heads home. Duration: 8 seconds. [Shot 1, 00:00.000–00:08.000] Medium-full three-quarter back view that keeps both people and both umbrellas in frame throughout. Steady, smooth stabilized tracking shot from behind and slightly to the right of the couple, gliding at their walking pace with no shake, pan jump, or abrupt direction change. Visible subjects: The male half of the couple, wearing a black tuxedo with a white dress shirt, black bow tie, and polished dress shoes. The female half of the couple, wearing a floor-length emerald evening gown and dark heeled dress shoes. A large black umbrella held overhead by the man. A deep-green umbrella held overhead by the woman. Heavy rain sheeting down across the sidewalk, street, and the couple's umbrellas. The couple's formal shoes and heels stepping through the wet pavement. A wide silver puddle reflecting a streetlamp on the sidewalk ahead of the couple. From 00:00.000 to 00:02.800: Sheets of rain streak past neighborhood streetlights as the two hurry forward under their angled umbrellas, their formal outfits catching the wet glow of the pavement. From 00:02.800 to 00:04.000: The woman narrows her stride and sidesteps around the wide silver puddle, lifting the hem of her emerald gown clear while her umbrella stays steady overhead. From 00:04.000 to 00:05.800: A gust of wind pushes the man's black umbrella backward; he grasps the handle with both hands, plants his feet, and pulls the wet canopy forward again as rain flicks off its edge. From 00:05.800 to 00:08.000: Warm porch light outlines the couple as they angle their umbrellas forward, climb the two slick stone steps, and pause briefly in the covered entry while shaking water from the canopies.
overall_soundscape: [00:00.000–00:07.600] Wet shoe and heel splashes accompany the couple's stride, becoming sharper taps on the stone steps near the stoop. Its source is the corresponding previously introduced subject, placed on screen. It is synchronized with the corresponding visible action. [00:00.000–00:08.000] Continuous heavy downpour: dense rain hisses on the street, rattles on the umbrella canopies, and runs through a nearby gutter. Its source is the corresponding previously introduced subject, placed on screen. It is synchronized with the corresponding visible action. [00:02.800–00:04.000] Water shushes at the puddle's edge as the woman sidesteps, and a few drops spill off the rim of her umbrella. Its source is the corresponding previously introduced subject, placed on screen. It is synchronized with the corresponding visible action. [00:04.000–00:05.800] The wet umbrella fabric snaps and rattles as the gust pushes it backward, then pops taut as the man steadies it. Its source is the corresponding previously introduced subject, placed on screen. It is synchronized with the corresponding visible action.
spoken_dialogue: None.
non_diegetic_music: None.
hard_constraints: Preserve every subject, action, attribute, count, relationship, setting, camera instruction, and style constraint explicitly stated in the source prompt.",en,vb-062,vbench,vbench-6c455ce017dcd9ba,0f183fb6cedbee4a9e4336f2fbdfc14dccf34d42d698acade48f345d76113be1
123,52061,"integrated_multimodal_description: 视觉风格：电影写实主义，带有光泽的雨夜色彩、暖色实用灯光，以及一个连续、稳定、平滑的跟拍视角，没有手持抖动或突兀的摄影机运动。场景：夜晚住宅区一条被雨水打湿的城市人行道上；当这对夫妇回家时，暖色门廊灯光从两级石阶门廊洒出。时长：8 seconds。 [Shot 1, 00:00.000–00:08.000] 中全景四分之三背面视角，始终将两人和两把伞都保持在画面内。一个持续稳定、平滑的稳定跟拍镜头，位于这对夫妇身后并稍偏右侧，以他们的行走速度滑行，没有抖动、摇镜跳跃或突兀的方向变化。可见主体：这对夫妇中的男性，身穿黑色无尾礼服，内搭白色正装衬衫，系黑色领结，脚穿擦亮的正装皮鞋；这对夫妇中的女性，身着曳地翠绿晚礼服，脚穿深色高跟正装鞋；男性手持一把大黑伞举过头顶；女性手持一把深绿色伞举过头顶；大雨成片地倾泻过人行道、街道和这对夫妇的雨伞；这对夫妇的正式皮鞋和高跟鞋踏过湿漉漉的路面；在这对夫妇前方的人行道上，一个宽阔的银色水洼反射着街灯。从 00:00.000 到 00:02.800：雨幕沿街区路灯划过，两人在倾斜的雨伞下匆匆前行，他们的正式服装映照着路面的湿光。从 00:02.800 到 00:04.000：女性缩小步幅，侧步绕过宽阔的银色水洼，提起翠绿长裙的下摆以免沾湿，而她头上的伞保持稳定。从 00:04.000 到 00:05.800：一阵风将男性的黑伞向后吹；他用双手抓住伞柄，双脚站稳，把湿透的伞面重新拉向前，雨水从伞沿甩落。从 00:05.800 到 00:08.000：暖色门廊灯光勾勒出这对夫妇的轮廓，他们将雨伞向前倾斜，爬上两级湿滑的石阶，并在有遮蔽的入口处稍作停留，抖落伞面上的水。
overall_soundscape: [00:00.000–00:07.600] 湿鞋和高跟鞋的踩水声伴随夫妇的步伐，临近门廊时在石阶上变成更清脆的敲击声。其声源是先前对应引入且位于画面上的主体。它与对应的可见动作同步。 [00:00.000–00:08.000] 持续的大暴雨：密集的雨水在街面上嘶嘶作响，在雨伞面上啪嗒作响，并沿着附近的水沟流走。其声源是先前对应引入且位于画面上的主体。它与对应的可见动作同步。 [00:02.800–00:04.000] 当女性侧步时，水洼边缘的水发出哗哗声，几滴水从她的伞沿洒落。其声源是先前对应引入且位于画面上的主体。它与对应的可见动作同步。 [00:04.000–00:05.800] 湿透的伞面在阵风将其向后吹时啪嗒作响、嘎嘎作响，然后在男性稳住时绷紧并发出啪的一声。其声源是先前对应引入且位于画面上的主体。它与对应的可见动作同步。
spoken_dialogue: 无。
non_diegetic_music: 无。
hard_constraints: 保留源提示中明确陈述的每一个主体、动作、属性、数量、关系、场景、摄影机指令和风格约束。",zh,vb-062,vbench,vbench-6c455ce017dcd9ba,acec65cf23de73ca626e5eccdb99da6102f8eb53fe8a18b341ec2f54c431b3fe
124,52062,"integrated_multimodal_description: Visual style: Natural yet quiet still-life look: warm afternoon light, shallow depth of field, visible leather and wood texture, front-facing composition with no push-in or camera move. Setting: A worn wooden dugout bench in an empty ballpark, with a blurred chain-link fence and dry grass softly visible behind the objects. Duration: 8 seconds. [Shot 1, 00:00.000–00:08.000] Front view, medium framing: the full bat is visible on the left half and the full glove is visible on the right half, with clean space around both. Static camera placed directly in front of the bench at bench-top height; no pan, tilt, push-in, or zoom. Visible subjects: A wooden baseball bat with smooth maple grain, a rounded dark barrel, and pale grip tape on the handle. It rests on the left side of the bench, staying clearly to the left of the glove. A tan leather baseball glove with woven laces and an open pocket. It rests on the right side of the bench, with its open pocket and palm facing the camera. From 00:00.000 to 00:03.000: The wooden baseball bat stays still on the left side of the glove, both fully visible from the front. A small gap of bare bench separates them, and the glove pocket faces the camera. From 00:03.000 to 00:05.500: A gentle breeze moves across the bench, flexing the glove's leather fingers and lifting its laces slightly. The bat remains motionless on the left, still clearly left of the glove. From 00:05.500 to 00:08.000: The breeze fades. The glove settles back into its calm open shape beside the stationary bat, and the front view holds unchanged until the end.
overall_soundscape: [00:00.000–00:08.000] Low open-air summer ambience: a soft breeze over grass and faint distant baseball-field noise, with no speech or music. Its source is the surrounding environment, placed off screen. [00:03.000–00:05.500] Quiet leather creaks and light rustling of woven laces as the breeze moves the glove. Its source is the corresponding previously introduced subject, placed on screen. It is synchronized with the corresponding visible action.
spoken_dialogue: None.
non_diegetic_music: None.
hard_constraints: Preserve every subject, action, attribute, count, relationship, setting, camera instruction, and style constraint explicitly stated in the source prompt.",en,vb-063,vbench,vbench-9b13818ef2d2a37c,304d1ebb0d2d69a454d06de849674ef53ec237b7459cb8917d88595b89bd5bab
125,52062,"integrated_multimodal_description: 视觉风格：自然而安静的静物画面感：温暖的午后光线、浅景深、可见的皮革和木质纹理，正面构图，无推近或镜头移动。场景：空无一人的棒球场中一条磨损的木制球员休息区长凳，物体后方柔和地隐约可见一道模糊的铁丝网围栏和干草。时长：8 seconds。[Shot 1, 00:00.000–00:08.000] 正面视角，中景构图：完整的球棒位于左半部分，完整的手套位于右半部分，两者周围有干净的空间。固定摄影机直接放置在长凳正前方、凳面高度；无摇摄、俯仰、推近或变焦。可见主体：一根木制棒球棒，带有光滑的枫木纹理、圆润的深色粗端以及手柄上浅色的握把胶带。它放在长凳左侧，明显位于手套的左边。一只棕褐色皮革棒球手套，带有编织系带和张开的袋口。它放在长凳右侧，张开的袋口和掌心朝向镜头。从00:00.000至00:03.000：木制棒球棒在手套左侧保持静止，两者从正面均完整可见。一小段裸露的长凳将两者隔开，手套袋口朝向镜头。从00:03.000至00:05.500：一阵微风拂过长凳，使手套的皮革手指弯动，并将系带微微掀起。球棒在左侧保持不动，仍明显位于手套左边。从00:05.500至00:08.000：微风消散。手套在静止的球棒旁恢复平静张开的样子，正面视角保持不变直至结束。
overall_soundscape: [00:00.000–00:08.000] 轻微的露天夏日环境声：一阵微风拂过草地，远处隐约传来棒球场噪声，无说话声或音乐。其声源为周围环境，位于画面外。[00:03.000–00:05.500] 微风带动手套时，皮革发出轻微的吱嘎声，编织系带轻轻沙沙作响。其声源为此前引入的对应主体，位于画面内。它与对应的可见动作同步。
spoken_dialogue: 无。
non_diegetic_music: 无。
hard_constraints: 保留源提示中明确陈述的每个主体、动作、属性、数量、关系、场景、镜头指示和风格约束。",zh,vb-063,vbench,vbench-9b13818ef2d2a37c,e2444b70152ba2dc96eba9d5d3b7c5a82c27517f97fb067b8bcc14eb026c0d12
126,52063,"integrated_multimodal_description: Visual style: Naturalistic live-action footage in warm late-afternoon light, with a calm tracking camera and soft, shallow depth of field. Setting: A ranch meadow crossed by a straight dirt path, with a weathered wooden fence in the distance and scattered oak trees along the horizon. Duration: 8 seconds. [Shot 1, 00:00.000–00:08.000] Medium-wide profile view from the woman's side, keeping her full body and the horse's head, neck, and forelegs in frame, with the dirt path visible below. Stable lateral tracking shot that moves smoothly beside the pair at walking pace and keeps them centered in the frame. Visible subjects: Adult woman with brown hair in a low ponytail, wearing a rust-red long-sleeve shirt, jeans, and worn brown leather boots; she is on foot beside the horse, holding the free end of a coiled lead rope in her right hand. Bay horse with a black mane and tail and a narrow white blaze, wearing a brown leather halter; it walks calmly beside the woman. Throughout the shot: The woman leads the bay horse at a steady, relaxed walk along the dirt path; her boots and the horse's hooves alternate as the slack lead rope swings slightly between them. From 00:01.600 to 00:03.400: The horse raises its head slightly and flicks both ears forward toward the open meadow while continuing to walk. From 00:03.400 to 00:05.200: The woman glances toward the horse, lifts her left hand, and gives the horse's neck a gentle pat, then lowers her hand back to her side. From 00:05.200 to 00:08.000: The horse relaxes its head to a normal walking height, and the woman and horse continue together along the path until the end of the shot.
overall_soundscape: [00:00.000–00:07.800] Steady footsteps of leather boots on packed dirt. Its source is the corresponding previously introduced subject, placed on screen. It is synchronized with the corresponding visible action. [00:00.000–00:07.900] Dull, rhythmic hoofbeats as the horse walks. Its source is the corresponding previously introduced subject, placed on screen. It is synchronized with the corresponding visible action. [00:00.000–00:08.000] Soft breeze in grass and scattered birdsong from the surrounding meadow. Its source is the surrounding environment, placed off screen. [00:01.600–00:03.400] Quiet rattle of the leather halter and its small metal buckle as the horse shifts its head. Its source is the corresponding previously introduced subject, placed on screen. It is synchronized with the corresponding visible action. [00:03.400–00:03.700] Soft dull thump of the woman's hand patting the horse's neck, followed by the faint swish of her sleeve. Its source is the corresponding previously introduced subject, placed on screen. It is synchronized with the corresponding visible action.
spoken_dialogue: None.
non_diegetic_music: None.
hard_constraints: Preserve every subject, action, attribute, count, relationship, setting, camera instruction, and style constraint explicitly stated in the source prompt.",en,vb-064,vbench,vbench-0acfe9c34edf5e21,19c245cf035ddfdfe39855c5c26df71d57a2712bf82d67dc0780b3bf4336f212
127,52063,"integrated_multimodal_description: 视觉风格：在温暖的下午晚些时候的光线下进行自然主义实景拍摄，配以平静的跟拍镜头和柔和、浅的景深。场景：一条笔直的泥土路穿过一片牧场草地，远处有一道风化的木栅栏，沿地平线散布着橡树。时长：8 seconds。[Shot 1, 00:00.000–00:08.000] 从女性一侧拍摄的中宽侧面视角，将她的全身以及马的头、颈和前腿纳入画面，泥土路在下方可见。稳定的横向跟拍镜头，以步行的速度在一人一马旁边平稳移动，并把它们保持在画面中央。可见主体：成年女性，棕色头发扎成低马尾，身穿铁锈红长袖衬衫、牛仔裤和磨损的棕色皮靴；她在马旁步行，右手握着盘绕牵绳的自由端。枣红马，黑色鬃毛和尾巴，面部有一道窄长的白色流星，戴着棕色皮革笼头；它安静地走在女性身旁。整个镜头期间：女性以稳定、放松的步伐牵着枣红马沿泥土路行走；她的靴子和马蹄交替起落，松弛的牵绳在两者之间轻轻摆动。从 00:01.600 到 00:03.400: 马微微抬起头，并将双耳朝开阔草地向前转动，同时继续行走。从 00:03.400 到 00:05.200: 女性朝马瞥了一眼，抬起左手，轻轻拍了拍马的脖子，然后将手放回身侧。从 00:05.200 到 00:08.000: 马将头放松到正常行走的高度，女性和马继续一起沿路前行，直到镜头结束。
overall_soundscape: [00:00.000–00:07.800] 皮靴踩在坚实泥土上的稳定脚步声。其声源是前述介绍的对应主体，在画面内。它与对应的可见动作同步。[00:00.000–00:07.900] 马行走时低沉而有节奏的马蹄声。其声源是前述介绍的对应主体，在画面内。它与对应的可见动作同步。[00:00.000–00:08.000] 草丛中柔和的风声，以及周围草地传来的零星鸟鸣。其声源是周围环境，在画面外。[00:01.600–00:03.400] 马活动头部时，皮革笼头及其小金属扣发出的轻微咔嗒声。其声源是前述介绍的对应主体，在画面内。它与对应的可见动作同步。[00:03.400–00:03.700] 女性用手轻拍马脖子时发出的轻柔沉闷的砰击声，随后是她衣袖轻微的嗖嗖声。其声源是前述介绍的对应主体，在画面内。它与对应的可见动作同步。
spoken_dialogue: 无。
non_diegetic_music: 无。
hard_constraints: 保留源提示中明确陈述的每一个主体、动作、属性、数量、关系、场景、镜头指示和风格约束。",zh,vb-064,vbench,vbench-0acfe9c34edf5e21,c815a8c57257147d863bb2db620cb992df7729fa0b9034ad00b299909b840158
128,52064,"integrated_multimodal_description: Visual style: Everyday documentary realism; even daylight, clean color palette, no stylized grade. Setting: A tree-lined downtown street corner in the late afternoon. A red fire hydrant sits at the sidewalk curb in the left foreground, while a traffic light head is mounted on a corner mast arm to the right, above a crosswalk. Duration: 8 seconds. [Shot 1, 00:00.000–00:08.000] Wide, standing eye-level composition; the fire hydrant appears in the lower-left foreground and the traffic light head is visible in the upper right, framed against a pale sky. Stationary tripod shot, fixed framing throughout. Visible subjects: A standard traffic light head mounted on a metal pole at the corner, containing green, yellow, and red lamp sections. A slightly weathered red cast-iron fire hydrant with a rounded top and two side nozzles, placed at the curb. From 00:00.000 to 00:02.600: The traffic light's green lamp glows brightly against the afternoon sky. From 00:02.600 to 00:04.900: The green lamp switches off and the yellow lamp lights up, casting a warm amber tint onto the signal housing and nearby pole. From 00:04.900 to 00:08.000: The yellow lamp switches off and the red lamp lights up. A faint red sheen falls on the curb near the fire hydrant's base, which remains still at the edge of the frame.
overall_soundscape: [00:00.000–00:08.000] Distant low urban hum with occasional gentle breeze and very faint passing car noise in the far background. Its source is the surrounding environment, placed off screen. [00:02.600–00:02.800] A soft mechanical relay click from the traffic signal housing as the green lamp switches to yellow. Its source is the corresponding previously introduced subject, placed on screen. It is synchronized with the corresponding visible action. [00:04.900–00:05.100] A second soft relay click as the yellow lamp switches to red. Its source is the corresponding previously introduced subject, placed on screen. It is synchronized with the corresponding visible action.
spoken_dialogue: None.
non_diegetic_music: None.
hard_constraints: Preserve every subject, action, attribute, count, relationship, setting, camera instruction, and style constraint explicitly stated in the source prompt.",en,vb-065,vbench,vbench-32732bdc913bd7f0,73cfffee8b6fe5bb3a204dd4683c96b27fe269a95b2b171fd2cbfa35f2d936b6
129,52064,"integrated_multimodal_description: 视觉风格：日常纪录片写实主义；均匀的日光，干净的调色板，无风格化调色。场景：下午晚些时候，一条绿树成荫的市中心街道拐角。一个红色消防栓位于左侧前景的人行道边缘，而一个交通灯头安装在右侧的拐角悬臂杆上，位于人行横道上方。时长：8 seconds。[Shot 1, 00:00.000–00:08.000] 宽景、站立平视构图；消防栓出现在左下前景，交通灯头在右上可见，以淡色天空为背景。固定三脚架机位，全程固定取景。可见主体：一个标准的交通灯头，安装在拐角金属杆上，包含绿色、黄色和红色灯组。一个略微风化的红色铸铁消防栓，顶部圆形，有两个侧边喷嘴，置于路缘。从00:00.000到00:02.600：交通灯的绿灯在午后的天空下明亮发光。从00:02.600到00:04.900：绿灯熄灭，黄灯亮起，在信号灯壳和附近的灯杆上投下温暖的琥珀色调。从00:04.900到00:08.000：黄灯熄灭，红灯亮起。一道微弱的红色光泽落在消防栓底座附近的路缘上，该消防栓仍静止在画面边缘。
overall_soundscape: [00:00.000–00:08.000] 远处低沉的都市嗡鸣声，伴有偶尔的微风和远处背景中非常微弱的车辆经过声。其声源是周围环境，位于画面外。[00:02.600–00:02.800] 绿灯切换为黄灯时，从交通信号灯外壳传出一声柔和的机械继电器咔哒声。其声源是对应先前引入的主体，位于画面内。它与对应的可见动作同步。[00:04.900–00:05.100] 当黄灯切换为红灯时，传来第二声柔和的继电器咔哒声。其声源是对应先前引入的主体，位于画面内。它与对应的可见动作同步。
spoken_dialogue: 无。
non_diegetic_music: 无。
hard_constraints: 保留源提示中明确说明的每个主体、动作、属性、数量、关系、场景、摄影机指示和风格约束。",zh,vb-065,vbench,vbench-32732bdc913bd7f0,0983b0626c7b0d4db750275fc614ac1da08d6a29661116caf8a62ef34d72e208
130,52065,"integrated_multimodal_description: Visual style: Soft natural still-life look; clean minimal framing and gentle depth of field. Setting: A warm pale-cream interior wall at eye level, softly lit; the pink clock hangs alone near the center, leaving plain wall space around it. Duration: 8 seconds. [Shot 1, 00:00.000–00:08.000] Medium close-up of the pink clock, with a narrow margin of the pale wall visible around the case. Slow push-in from a stable position, keeping the clock centered as the shot tightens. Visible subjects: Round pink wall clock with a smooth pale-pink case, a clean white dial, black tick marks, black hour and minute hands set near 10:10, and a thin red second hand. Throughout the shot: The pink clock stays centered while the red second hand advances clockwise in short, even jumps from the 12 position, and the slow camera push-in makes the clock face appear gradually larger.
overall_soundscape: [00:00.000–00:08.000] Soft, dry tick each second, synchronized with the second hand's small jumps, with a faint mechanical whir between ticks. Its source is the corresponding previously introduced subject, placed on screen. It is synchronized with the corresponding visible action.
spoken_dialogue: None.
non_diegetic_music: None.
hard_constraints: Preserve every subject, action, attribute, count, relationship, setting, camera instruction, and style constraint explicitly stated in the source prompt.",en,vb-066,vbench,vbench-1b3835fa13fa7705,9b7d5727df86338eafdc6b89f2d09b91060ccd853e5daef963194d0fc0518cd5
131,52065,"integrated_multimodal_description: 视觉风格：柔和自然的静物感；干净极简的取景和柔和的景深。场景：位于视平线高度的一堵暖浅奶油色室内墙，光线柔和；粉色时钟独自挂在靠近中央处，周围留有素净的墙面空间。时长：8 seconds。[Shot 1, 00:00.000–00:08.000] 粉色时钟的中近景，钟壳周围可见一圈狭窄的浅色墙面。从稳定位置缓慢推近，保持时钟居中，镜头逐渐收紧。可见主体：圆形粉色壁钟，带有光滑的浅粉色钟壳、干净的白色表盘、黑色刻度线、黑色时针和分针位于接近 10:10 的位置，以及一根细红色秒针。整个镜头中：粉色时钟保持居中；红色秒针从 12 位置以短促、均匀的跳动顺时针推进；同时，缓慢的摄影机推近使钟面看起来逐渐变大。
overall_soundscape: [00:00.000–00:08.000] 每秒出现轻柔、干涩的滴答声，与秒针的小幅跳动同步，滴答声之间伴有微弱的机械嗡鸣。其声源是先前引入的对应主体，位于画面中。它与对应的可见动作同步。
spoken_dialogue: 无。
non_diegetic_music: 无。
hard_constraints: 保留源提示中明确陈述的每个主体、动作、属性、数量、关系、场景、摄影机指令和风格约束。",zh,vb-066,vbench,vbench-1b3835fa13fa7705,3e3a24ab016e03c86d453e27b4fefd5bfa5018e047dfebbe15700c7ddeda192d
132,52066,"integrated_multimodal_description: Visual style: Warm toy-photography realism with soft diffuse daylight, gentle color contrast, shallow depth of field, and a slowly tightening camera push-in. Setting: A child's bedroom: a low wooden shelf against a pale wall, bathed in warm morning light coming from an unseen window to the left. A small stack of pastel children's books leans against the back of the shelf. Duration: 8 seconds. [Shot 1, 00:00.000–00:08.000] Medium close-up from the bear's eye level, framing the teddy bear from its chest to just above its head; the shelf edge and a blurred stack of pastel books stay visible at the lower right. Slow, steady push-in using a tripod-mounted camera; fixed direction with no pan, tilt, or zoom. Visible subjects: A cinnamon-brown plush teddy bear with round black button eyes, a stitched triangular muzzle, small stitched paws, and a red bow tie. From 00:00.000 to 00:02.300: Warm morning light from the upper-left drifts across the teddy bear as the slow push-in begins; a few dust motes sparkle in the sunbeam and the teddy bear sits upright against the books. From 00:02.300 to 00:05.400: Daylight gradually dims as a light cloud passes across the sun; the teddy bear's fur cools from warm gold to deeper brown and the shadow behind it deepens. From 00:05.400 to 00:08.000: Sunlight brightens again; as the camera closes in, a warm glint appears on the teddy bear's left button eye and the stitching of its muzzle becomes clearly visible.
overall_soundscape: None specified.
spoken_dialogue: None.
non_diegetic_music: None.
hard_constraints: Preserve every subject, action, attribute, count, relationship, setting, camera instruction, and style constraint explicitly stated in the source prompt.",en,vb-067,vbench,vbench-ef8f72f29005e79e,31db75f1e43689dfb1dd5496eeca563d9b9e72616d85ef527af2676166f50778
133,52066,"integrated_multimodal_description: 视觉风格：温暖的玩具摄影写实，带有柔和的漫射日光、温和的色彩对比、浅景深和缓慢收紧的摄影机推近。场景：一间儿童卧室：一个低矮的木制搁架靠在一面淡色墙壁上，沐浴在来自左侧一处不可见窗户的温暖晨光中。一小摞柔和色调的儿童书靠在搁架后部。时长：8 seconds。[Shot 1, 00:00.000–00:08.000] 从泰迪熊眼睛高度的中近景，将泰迪熊从胸部到头顶略上方框入画面；搁架边缘和一摞模糊的柔和彩色书在右下角保持可见。使用安装在三脚架上的摄影机进行缓慢、稳定的推近；方向固定，无摇摄、俯仰或变焦。可见主体：一只肉桂棕色毛绒泰迪熊，长着黑色圆形纽扣眼睛、一个缝制的三角形口鼻部、带缝线的小爪子，以及一个红色领结。从 00:00.000 到 00:02.300：随着缓慢推近开始，来自左上方的温暖晨光拂过泰迪熊；几粒浮尘在阳光光束中闪烁，泰迪熊靠着书挺直地坐着。从 00:02.300 到 00:05.400：随着一片薄云飘过太阳，日光逐渐变暗；泰迪熊的毛色从暖金色变为更深的棕色，它身后的阴影加深。从 00:05.400 到 00:08.000：阳光再次变亮；随着摄影机靠近，泰迪熊左侧的纽扣眼睛上出现温暖的闪光，其口鼻部的缝线变得清晰可见。
overall_soundscape: 未指定。
spoken_dialogue: 无。
non_diegetic_music: 无。
hard_constraints: 保留源提示中明确陈述的每个主体、动作、属性、数量、关系、场景、摄影机指令和风格约束。",zh,vb-067,vbench,vbench-ef8f72f29005e79e,0edc24a353df12b9339836d4264cf5ab7404080332815299757fcf56330ed386
134,52067,"integrated_multimodal_description: Visual style: A tranquil, slow cinematic sequence in deep blue twilight with warm amber lamplight, Art Deco geometric decorations, frosted glass, and smooth elegant camera moves that evoke vintage glamour. Setting: A quiet European boulevard at night, lined with two ornate Art Deco lampposts, pale stone facades, and a damp cobbled street. Duration: 8 seconds. [Shot 1, 00:00.000–00:04.000] Medium-wide composition showing two Art Deco lampposts on either side of a quiet boulevard, with the nearer lamppost partially foregrounding the farther one. Slow, smooth tilt upward from the damp cobbled pavement to the lamppost heads, gently settling on the frosted-glass globes. Visible subjects: Left Art Deco lamppost with a dark bronze shaft, chevron-and-circle metal motifs, and a faceted frosted-glass globe. Right Art Deco lamppost with geometric relief bands, slender supporting brackets, and a glowing frosted-glass lantern. Throughout the shot: Ground mist drifts through the two pools of warm amber light cast by the lampposts; their faceted frosted-glass panels and Art Deco metal chevrons glint as the camera's tilt reveals the full geometric ornaments. [Shot 2, 00:04.000–00:08.000] Close shot: the right-hand lamppost's lantern head fills most of the frame against a dark blue sky and the pale stone building behind it. Slow push-in toward the globe as the moth circles, ending on a slightly tighter view of the Art Deco finial. Visible subjects: A small, pale moth attracted to the right lamppost's warm light. Throughout the shot: A pale moth flutters around the glowing frosted-glass globe, casts a small moving shadow over the Art Deco metalwork, then settles on the pointed finial and slowly opens and closes its wings.
overall_soundscape: [00:00.000–00:08.000] Very quiet city-night ambience: a low breeze, faint distant traffic, and a muffled residential hush. No music. Its source is the surrounding environment, placed off screen.
spoken_dialogue: None.
non_diegetic_music: None.
hard_constraints: Preserve every subject, action, attribute, count, relationship, setting, camera instruction, and style constraint explicitly stated in the source prompt.",en,vb-068,vbench,vbench-153b86ac2cd23f30,4486177b1e478d236bd7cba6c354d9cbe6fe1509d95649ad2b0f25c8976a9625
135,52067,"integrated_multimodal_description: 视觉风格：一段宁静、缓慢的电影化序列，处于深蓝色暮光与温暖琥珀色灯光中，带有Art Deco几何装饰、磨砂玻璃和流畅优雅的运镜，唤起复古魅力。场景：夜晚一条安静的欧洲林荫大道，两旁立有两根华丽的Art Deco灯柱，浅色石砌立面和一条潮湿的鹅卵石街道。时长：8 seconds。[Shot 1, 00:00.000–00:04.000] 中远景构图，展示位于一条安静林荫大道两侧的两根Art Deco灯柱，较近的灯柱部分地作为较远一根的前景。镜头从潮湿的鹅卵石路面缓慢而平滑地向上摇摄至灯柱顶端，轻轻停在磨砂玻璃灯球上。可见主体：Left Art Deco灯柱，带有深青铜色柱身、V形与圆形金属图案，以及一个多面磨砂玻璃灯球。Right Art Deco灯柱，带有几何浮雕环带、纤细的支撑托架和一个发光的磨砂玻璃灯。整个镜头期间：地面薄雾飘过灯柱投下的两片温暖琥珀色光池；灯柱的切面磨砂玻璃面板和Art Deco金属V形纹饰在镜头摇摄揭示出完整几何装饰时闪闪发光。[Shot 2, 00:04.000–00:08.000] 近景镜头：右侧灯柱的灯头占据画面大部分，以深蓝色天空和灯头后方的浅色石砌建筑为背景。飞蛾绕飞时，镜头缓慢推向灯球，最终以略紧的取景呈现Art Deco尖顶饰。可见主体：一只被右侧灯柱暖光吸引的浅色小飞蛾。整个镜头期间：一只浅色飞蛾在发光的磨砂玻璃灯球周围飞舞，在Art Deco金属构件上投下一个移动的小阴影，然后落在尖顶饰上，缓缓张开又合拢翅膀。
overall_soundscape: [00:00.000–00:08.000] 非常安静的城市夜晚环境声：轻微的风声、微弱的远处交通声，以及低沉的住宅区寂静。无音乐。其声源来自周围环境，置于画面外。
spoken_dialogue: 无。
non_diegetic_music: 无。
hard_constraints: 保留源提示中明确陈述的每个主体、动作、属性、数量、关系、场景、镜头指示和风格约束。",zh,vb-068,vbench,vbench-153b86ac2cd23f30,6805962cb0430cb9f295c469e7a65bf206c8bf0f9407826b326cb8deb12ca995
136,52068,"integrated_multimodal_description: Visual style: Photorealistic, cinematic night street scene; cool blue palette with warm sodium-lamp highlights; handheld forward-tracking camera follows the couple while the entire frame undergoes constant, intense shaking. Setting: Night-time city sidewalk after a formal event, leading toward a warm doorway in the distance. Heavy rain falls in sheets; wet asphalt reflects streetlights and the glowing entrance. Duration: 8 seconds. [Shot 1, 00:00.000–00:08.000] Medium-wide three-quarter rear view of the couple rushing along the wet sidewalk toward the glowing doorway; the rainy street and reflections fill the foreground. Handheld and forward-tracking; the frame shakes intensely and continuously with small rapid jolts throughout the shot. Visible subjects: A man in formal evening wear: black tuxedo, white dress shirt and bow tie, holding a black umbrella against the rain. A woman in formal evening wear: floor-length evening gown and small clutch, holding a black umbrella against the rain. Throughout the shot: The couple hurriedly walks home side-by-side in formal evening wear, leaning into heavy rain beneath dark umbrellas, their shoes moving quickly over the wet pavement. From 00:01.400 to 00:03.800: A strong wind gust drives rain sideways; both umbrella canopies shudder and flex, and the man angles his umbrella and shoulder between the blast and the woman. From 00:04.000 to 00:05.600: The man steps into a wide shallow puddle, sending a thin fan of rainwater across the asphalt; the woman takes a wider step to keep her heels clear of the spray. From 00:06.100 to 00:08.000: As the bright entrance light ahead catches the wet umbrellas, the woman lifts the damp hem of her gown slightly and the pair quickens their pace toward the doorway.
overall_soundscape: [00:00.000–00:08.000] Heavy rain hisses continuously on wet asphalt, storefronts, and umbrella fabric around the couple. Its source is The heavy rain and wind surrounding the couple, visible as curtains of droplets, wet pavement, and violent shuddering of the umbrella canopies., placed on screen. It is synchronized with the corresponding visible action. [00:01.400–00:03.800] A hard gust whooshes through the street, followed by snapping and chatter from the two rain-soaked umbrellas. Its source is the corresponding previously introduced subject, placed on screen. It is synchronized with the corresponding visible action. [00:04.000–00:05.600] A wet slap and broad splash as the man lands in the shallow puddle, with droplets pattering around his ankles. Its source is the corresponding previously introduced subject, placed on screen. It is synchronized with the corresponding visible action.
spoken_dialogue: None.
non_diegetic_music: None.
hard_constraints: Preserve every subject, action, attribute, count, relationship, setting, camera instruction, and style constraint explicitly stated in the source prompt.",en,vb-069,vbench,vbench-5587b56752b9b85f,b1b4080521396fb58c5ad94cde4794a9ef2bc579fa0c4863c042e1bf9fc5f62c
137,52068,"integrated_multimodal_description: 视觉风格：照片级真实感、电影化的夜间街景；冷蓝色调搭配温暖的钠灯高光；手持向前跟拍镜头跟随这对情侣，同时整个画面持续剧烈晃动。场景：正式活动后的夜间城市人行道，通向远处一个温暖的门口。大雨成片倾泻；湿沥青路面反射着街灯和发光的入口。时长：8 seconds。[Shot 1, 00:00.000–00:08.000] 中宽景的四分之三后视角，这对情侣沿着湿滑人行道向发光的门口跑去；雨街和倒影充满前景。手持并向前跟拍；整个镜头中画面持续剧烈摇晃，伴随快速小幅抖动。可见主体：一名身着正式晚装的男子：黑色无尾晚礼服、白色正装衬衫和领结，撑着一把黑色雨伞挡雨。一名身着正式晚装的女子：及地晚礼服和一个小手包，撑着一把黑色雨伞挡雨。整个镜头中：这对情侣身着正式晚装并排匆忙步行回家，在深色雨伞下俯身顶着大雨，他们的鞋在湿透的人行道上迅速移动。从 00:01.400 到 00:03.800：一阵强风将雨水吹得横向飞洒；两把雨伞的伞面都颤抖并弯曲，男子将伞和肩膀斜挡在狂风和女子之间。从 00:04.000 到 00:05.600：男子踩进一个又宽又浅的水洼，激起薄薄一扇雨水飞过柏油路面；女子跨出更大一步，让鞋跟避开飞溅。从 00:06.100 到 00:08.000：当前方明亮的入口灯光照到湿伞上，女子微微提起晚礼服湿漉漉的下摆，两人加快步伐走向门口。
overall_soundscape: [00:00.000–00:08.000] 大雨持续在湿沥青路面、店面以及这对情侣周围的雨伞布上嘶嘶作响。其声源是包围这对情侣的大雨和大风，显示为雨幕、湿路面和伞面的剧烈抖动，置于画面中。它与相应的可见动作同步。 [00:01.400–00:03.800] 一阵猛烈的阵风呼啸过街，随后两把被雨浸透的雨伞发出噼啪声和咔嗒声。其声源是先前引入的对应主体，置于画面中。它与相应的可见动作同步。 [00:04.000–00:05.600] 男子踩进浅水洼时发出湿漉漉的拍击声和大片溅水声，水滴在他脚踝周围滴答作响。其声源是先前引入的对应主体，置于画面中。它与相应的可见动作同步。
spoken_dialogue: 无。
non_diegetic_music: 无。
hard_constraints: 保留源提示中明确陈述的每个主体、动作、属性、数量、关系、场景、镜头指令和风格限制。",zh,vb-069,vbench,vbench-5587b56752b9b85f,5747a078042e621ef732e55cbb9a4aa2364f8235612c43c22da0e3539a016ac0
138,52069,"integrated_multimodal_description: Visual style: Ukiyo-e landscape animated in the manner of Hokusai: flat wash-like snow planes, pale indigo shadow separations, sharp outlined rock and peak shapes, and a grainy woodblock atmosphere. Setting: High-elevation snowy mountain wilderness: snow-blanketed rocky peaks surround and shadow several deep canyons that twist and bend between the high mountain crests. Duration: 8 seconds. [Shot 1, 00:00.000–00:03.200] Very wide establishing view from high above the canyon mouths, with snowy mountain peaks surrounding the frame. Slow descending tilt from the rocky peak crests down toward the deep canyon entrances. Visible subjects: Snow-blanketed rocky high-elevation mountain peaks with jagged dark outcrops and layered ledges. Several deep, shadowed canyon channels that twist and bend among the snowy mountain peaks. Throughout the shot: Snow-blanketed rocky peaks surround the frame in sharp, outlined layers; below them, several deep canyons open between the slopes, their lower rock faces cast into cool indigo shadow while the snow above remains pale and bright. [Shot 2, 00:03.200–00:05.700] High-angled oblique view down into the twisting canyons, steep rock walls filling the lower frame. Slow lateral drift following the main canyon path as it bends between the mountainous walls. Throughout the shot: The deep canyon paths twist and bend through the high-elevation rocky walls; snow clings to the upper ledges, while the bend of each shadow-filled chasm disappears behind another snow-dusted buttress. [Shot 3, 00:05.700–00:08.000] Wide angled view from within the canyon corridor, tilting upward to the surrounding snow-covered summit ring. Gentle crane-up reveal rising past a snowy rock ledge toward the high peaks. Throughout the shot: The canyon line curves away out of sight; overlapping snow-blanketed peaks rise in flat woodblock-like planes, enclosing the dark canyon system and casting long blue shadows across the snowfields.
overall_soundscape: [00:00.000–00:08.000] Thin high-elevation wind moves across snow-covered rock ridges and down into the canyon corridors, with a faint crystalline snow hiss. Its source is the corresponding previously introduced subject, placed on screen. It is synchronized with the corresponding visible action.
spoken_dialogue: None.
non_diegetic_music: None.
hard_constraints: Preserve every subject, action, attribute, count, relationship, setting, camera instruction, and style constraint explicitly stated in the source prompt.",en,vb-070,vbench,vbench-977933d5581470a8,ac2bcce92eae31ab44d645109be649b01c223572d1fc9f2bca38923ccac14407
139,52069,"integrated_multimodal_description:视觉风格：以葛饰北斋方式动画化的浮世绘风景：平涂水洗般的雪面、淡靛蓝的阴影分区、轮廓锐利的岩石和山峰形状，以及颗粒感的木刻版画氛围。场景：高海拔雪山荒野：被积雪覆盖的岩石峰群环绕并遮蔽数条深邃峡谷，这些峡谷在高大山脊之间蜿蜒曲折。时长：8 seconds。[Shot 1, 00:00.000–00:03.200]从峡谷口上方高处的极宽定场镜头，白雪覆盖的山峰环绕画面；从岩石峰顶缓慢向下倾斜摇至深邃的峡谷入口。可见主体：积雪覆盖的高海拔岩石山峰，带有参差嶙峋的深色露岩与层层岩架；数条深邃阴暗的峡谷通道在雪峰之间蜿蜒曲折。整个镜头中：积雪覆盖的岩石峰群以轮廓清晰的层状围绕画面；其下，数条深邃峡谷在坡面之间张开，下部岩面落入冷靛蓝阴影中，而上方的积雪保持浅淡明亮。[Shot 2, 00:03.200–00:05.700]高角度斜向俯视蜿蜒峡谷，陡峭岩壁填满画面下方。缓慢横向漂移，在主峡谷路径于山壁间转弯时跟随其行。整个镜头中：深邃的峡谷路径在高海拔岩壁间蜿蜒曲折；积雪紧附上层岩架，而每条阴影渊谷的弯道都消失在另一道覆有雪尘的支壁之后。[Shot 3, 00:05.700–00:08.000]从峡谷通道内部以广角视角向上倾斜至周围被雪覆盖的峰顶环。和缓的升降臂上升揭示，越过一条积雪岩架朝高处山峰升起。整个镜头中：峡谷线蜿蜒离开视线；重叠的雪覆山峰以扁平的木版画式平面升起，围住幽暗的峡谷系统，并将长长的蓝色阴影投过雪原。
overall_soundscape:[00:00.000–00:08.000]稀薄的高海拔风扫过覆雪的岩石山脊并向下灌入峡谷走廊，伴随微弱的雪晶嘶声。其声源为置于画面上的相应先前引入主体。它与相应的可见动作同步。
spoken_dialogue:无。
non_diegetic_music:无。
hard_constraints:保留源提示中明确陈述的每一个主体、动作、属性、数量、关系、场景、摄影机指令和风格约束。",zh,vb-070,vbench,vbench-977933d5581470a8,66b83d2d5a9735684d00bc6fe7573663945bea2011daffc27cbed6005991351e
140,52070,"integrated_multimodal_description: Visual style: Photorealistic still-life video; even front-facing composition with a subtle slow push-in; soft natural daylight; warm neutral palette of wood, leather, and wall. Setting: A quiet corner of a plain room: an ivory wall behind, a smooth pale wood floor below, and an off-screen window on the left casting soft daylight. Duration: 8 seconds. [Shot 1, 00:00.000–00:08.000] Head-on front two-shot of the tennis racket on the left and the baseball glove on the right; starts with both fully visible and ends slightly closer while preserving the requested left-right relationship. Slow dolly straight forward along the viewer’s perpendicular axis, with no pan, tilt, or rotation, so the front view is maintained. Visible subjects: A traditional wooden tennis racket leaning upright against the wall in the left half of the frame; its woven strings and dark handle face the camera, with the racket head at the top and handle touching the floor. A chestnut-brown leather baseball glove standing on the floor to the right of the tennis racket; its pocket faces the camera and its finger openings point upward. From 00:00.200 to 00:07.800: The camera moves slowly toward the pair; the racket face and glove pocket become larger in frame while their physical arrangement stays constant, with the baseball glove remaining on the viewer’s right of the tennis racket.
overall_soundscape: None specified.
spoken_dialogue: None.
non_diegetic_music: None.
hard_constraints: Preserve every subject, action, attribute, count, relationship, setting, camera instruction, and style constraint explicitly stated in the source prompt.",en,vb-071,vbench,vbench-135eaf34440d57ef,627daebf81f2d6a5aee1fbb819638abc9ef85ddcbc34ec1980bad98c312c58dc
141,52070,"integrated_multimodal_description: 视觉风格：照片级真实感的静物视频；正面均衡构图，伴有细微的缓慢推近；柔和的自然日光；由木材、皮革和墙壁构成的暖中性色调。场景：一个简朴房间的安静角落：背后是象牙色墙壁，下方是光滑的浅色木地板，左侧有一扇画外窗户投下柔和的日光。时长：8 seconds。[Shot 1, 00:00.000–00:08.000] 网球拍在左、棒球手套在右的正面双主体镜头；开始时两者完全可见，结束时略微更近，同时保持所要求的左右关系。沿观看者的垂直轴线缓慢直线向前推轨，不摇摄、不俯仰、不旋转，从而保持正面视角。可见主体：一支传统木制网球拍竖直靠在画面左半部分的墙壁上；其编织拍线和深色手柄朝向镜头，拍头在上，手柄触地。一只栗棕色皮革棒球手套立在网球拍右侧的地板上；手套口袋朝向镜头，手指开口朝上。从 00:00.200 到 00:07.800: 镜头缓慢移向这对物体；拍面和手套口袋在画面中变大，而物理排列保持不变，棒球手套始终位于观看者视角中网球拍的右侧。
overall_soundscape: 未指定。
spoken_dialogue: 无。
non_diegetic_music: 无。
hard_constraints: 保留源提示中明确陈述的每个主体、动作、属性、数量、关系、场景、镜头指令和风格约束。",zh,vb-071,vbench,vbench-135eaf34440d57ef,df5ed5e4da915c12800d10edf5226c98ca0d60f276be285d628b8e09e82f05d6
142,52071,"integrated_multimodal_description: Visual style: Photorealistic contemporary look with soft natural bathroom lighting, visible skin texture, fine beard-hair detail, and shallow depth of field emphasizing the face and trimmer. Setting: A clean modern bathroom with white subway tile, a round mirror above a rectangular porcelain sink, and a narrow white counter holding a folded towel. Duration: 8 seconds. [Shot 1, 00:00.000–00:03.800] Medium close-up of the man's mirrored reflection; his face, right hand, and the trimmer are centered, with the sink edge and tiled wall visible around him. Steady slow push-in toward the mirror from just over the man's left shoulder. Visible subjects: Adult man in his early thirties with short dark hair, a neatly shaped short brown beard, and a black T-shirt, standing at the sink facing the mirror. Cordless electric beard trimmer with a black matte body and a silver protective blade guard, held in the man's right hand. From 00:00.000 to 00:00.600: The man presses the thumb switch on the trimmer; the motor starts and the trimmer gives a slight shake in his hand. From 00:00.600 to 00:03.600: He guides the trimmer in controlled strokes along his jawline and lower cheek, creating a clean line while fine dark beard hairs drop onto the sink edge. [Shot 2, 00:03.800–00:08.000] Close-up profile of the man's head and jaw from the right side, framing his neck, jawline, lower ear, and the trimmer against his skin. Slow upward tilt from the lower neck to the jawline, then held steady while the man inspects the trimmed beard. From 00:03.800 to 00:05.800: He tilts his chin upward and sweeps the trimmer in short upward strokes across the lower neck and jaw underside to remove stray hairs. From 00:05.800 to 00:08.000: He lifts the trimmer away from his skin, presses the switch off, and then runs his fingertips along the newly trimmed jawline as he slowly turns his head a few degrees to check the even line.
overall_soundscape: [00:00.000–00:08.000] Quiet bathroom room tone with a faint ventilation fan hum and subtle reflective echo from the tiled walls. Its source is the surrounding environment, placed off screen. [00:00.100–00:05.800] A short electric click as the switch engages, followed by a steady close-miked buzzing and metallic blade whir, slightly rising in pitch whenever the trimmer is pressed against the beard. Its source is the corresponding previously introduced subject, placed on screen. It is synchronized with the corresponding visible action. [00:05.800–00:06.200] A single soft click as the thumb switch is released, followed by the electric motor descending quickly into silence. Its source is the corresponding previously introduced subject, placed on screen. It is synchronized with the corresponding visible action.
spoken_dialogue: None.
non_diegetic_music: None.
hard_constraints: Preserve every subject, action, attribute, count, relationship, setting, camera instruction, and style constraint explicitly stated in the source prompt.",en,vb-072,vbench,vbench-4c27007359f5425d,4ef098eb017dc4cee2bc57e44fa307972c18e4dc1fd69d57e78da8f193783c6d
143,52071,"integrated_multimodal_description: 视觉风格：照片级真实的当代观感，搭配柔和自然的浴室光线、可见的皮肤纹理、精细的胡须毛发细节，以及突出面部和修剪器的浅景深。场景：一间干净现代的浴室，白色地铁砖，矩形瓷质水槽上方有一面圆镜，狭窄的白色台面上放着一条叠好的毛巾。时长：8 seconds。[Shot 1, 00:00.000–00:03.800] 男子镜中倒影的中近景；他的脸、右手和修剪器居中，周围可见水槽边缘和瓷砖墙面。从男子左肩上方稳定缓慢地向镜子推进。可见主体：三十岁出头的成年男子，深色短发，修剪整齐的短棕胡须，穿黑色T恤，站在水槽前面对镜子。无线电动胡须修剪器，黑色哑光机身和银色保护刀头护罩，握在男子右手中。从00:00.000到00:00.600: 男子按下修剪器上的拇指开关；电机启动，修剪器在他手中轻微晃动。从00:00.600到00:03.600: 他沿着下颌线和下脸颊以可控的滑动引导修剪器，形成干净的线条，细小的深色胡须毛发落在水槽边缘。[Shot 2, 00:03.800–00:08.000] 从右侧拍摄男子头部和下颌的侧面特写，画面框住他的颈部、下颌线、耳朵下部和贴着他皮肤的修剪器。从下颈部到下颌线缓慢上摇，随后保持稳定，男子检查修剪后的胡须。从00:03.800到00:05.800: 他抬起下巴，用短促向上的动作将修剪器扫过下颈部和下颌下方，以去除杂毛。从00:05.800到00:08.000: 他将修剪器从皮肤上移开，按下开关将其关闭，然后用指尖沿着刚修剪过的下颌线滑动，同时慢慢将头转动几度以检查线条是否均匀。
overall_soundscape: [00:00.000–00:08.000] 安静的浴室室内环境声，带有微弱的排风扇嗡鸣声和瓷砖墙壁的细微反射回声。其声源是周围环境，置于画面外。 [00:00.100–00:05.800] 开关接合时发出短暂的电咔哒声，随后是稳定的近距离拾音嗡鸣声和金属刀片旋转声，每当修剪器压在胡须上时音调略微升高。其声源是先前引入的对应主体，置于画面内。它与对应的可见动作同步。 [00:05.800–00:06.200] 拇指开关松开时发出一声轻柔的咔哒声，随后电机迅速降入寂静。其声源是先前引入的对应主体，置于画面内。它与对应的可见动作同步。
spoken_dialogue: 无。
non_diegetic_music: 无。
hard_constraints: 保留源提示中明确陈述的每个主体、动作、属性、数量、关系、场景、镜头指示和风格约束。",zh,vb-072,vbench,vbench-4c27007359f5425d,f3f0698e56017fbfae536e389929473e62219e18062382c43419a87816695464
144,52072,"integrated_multimodal_description: Visual style: Documentary road-side realism: natural daylight, ordinary asphalt and brick textures, muted street colors, deep-focus wide-angle lens. Setting: A quiet residential intersection in warm late-afternoon sunlight. A two-lane asphalt street passes a brick sidewalk; a gray-green parking meter stands beside the curb in the foreground, and a red STOP sign marks the corner near an old maple tree. Duration: 8 seconds. [Shot 1, 00:00.000–00:08.000] Medium-wide deep-focus view from across the street: the gray-green parking meter occupies the left foreground, and the red STOP sign is visible on the corner curb around the lane. The silver car enters from the background road and turns right after stopping. Static eye-level tripod shot, 35mm lens, no camera movement. Visible subjects: A clean silver compact sedan with four doors and unpainted black mirror caps. A red octagonal STOP sign with a white border and white STOP lettering, mounted high on a metal pole at the corner. A gray-green metal parking meter with a small fare dial and coin slot, mounted on a waist-high steel post beside the curb. From 00:00.600 to 00:03.800: The silver car enters from the background, slows, and comes to a full stop just behind the white stop line before the red STOP sign; dust rises lightly from its tires. From 00:03.800 to 00:05.300: The car remains stopped with its brake lights lit while a few dry maple leaves tumble along the curb and catch against the base of the parking meter. From 00:05.300 to 00:07.700: The car's right turn signal blinks amber; the car pulls forward, curves right around the corner, and drives out of the frame beyond the parking meter.
overall_soundscape: [00:00.000–00:08.000] Very low breeze through leaves, faint birdsong, and distant traffic hum typical of a quiet neighborhood. Its source is the surrounding environment, placed off screen. [00:02.000–00:03.800] Tires crunch on loose asphalt while the car brakes, ending in a brief soft brake hiss when it stops. Its source is the corresponding previously introduced subject, placed on screen. It is synchronized with the corresponding visible action. [00:05.300–00:07.700] The right turn signal clicks steadily, followed by a light engine note as the sedan accelerates away. Its source is the corresponding previously introduced subject, placed on screen. It is synchronized with the corresponding visible action.
spoken_dialogue: None.
non_diegetic_music: None.
hard_constraints: Preserve every subject, action, attribute, count, relationship, setting, camera instruction, and style constraint explicitly stated in the source prompt.",en,vb-073,vbench,vbench-12b789320ae421ec,e2cb8538b970f565d50f8b1cc988f5f0fa524cd3f95d94ce44ec4c2c0b700dd6
145,52072,"integrated_multimodal_description: 视觉风格：纪实路旁写实：自然日光、普通的沥青和砖块纹理、柔和的街道色彩、深焦广角镜头。场景：午后晚些时候的温暖阳光下的一个安静的住宅区交叉路口。一条双车道沥青街道沿砖砌人行道经过；前景路缘旁立着一个灰绿色停车计时器，一个红色 STOP 标志在老枫树附近标示街角。时长：8 seconds。[Shot 1, 00:00.000–00:08.000] 从街道对面拍摄的中广角深焦视角：灰绿色停车计时器占据左前景，红色 STOP 标志在车道旁的街角路缘处可见。银色汽车从背景道路驶入，停下后右转。静态平视三脚架拍摄，35mm 镜头，无相机移动。可见主体：一辆干净的银色紧凑型四门轿车，带有未涂漆的黑色外后视镜盖。一个红色的八角形 STOP 标志，带有白色边框和白色 STOP 字样，高高安装在街角的金属杆上。一个灰绿色金属停车计时器，带有小收费表和投币口，安装在路缘旁齐腰高的钢柱上。从 00:00.600 到 00:03.800：银色汽车从背景驶入，减速，并在红色 STOP 标志前的白色停车线后方完全停下；轮胎上轻轻扬起灰尘。从 00:03.800 到 00:05.300：汽车保持停止，刹车灯亮着，几片干枫叶沿路缘翻滚，并被停车计时器底座挡住。从 00:05.300 到 00:07.700：汽车右转向灯闪烁琥珀色；汽车向前行驶，向右绕过街角，越过停车计时器后驶出画面。
overall_soundscape: [00:00.000–00:08.000] 非常轻微的风穿过树叶，微弱的鸟鸣，以及典型安静社区的远处交通嗡嗡声。其来源是周围环境，位于画外。[00:02.000–00:03.800] 汽车刹车时，轮胎在松散的沥青上嘎吱作响，停下时以短暂轻柔的刹车嘶声结束。其来源是前述相应主体，位于画内。它与相应的可见动作同步。[00:05.300–00:07.700] 右转向灯稳定地咔嗒作响，随后，当轿车加速驶离时，响起轻微的引擎声。其来源是前述相应主体，位于画内。它与相应的可见动作同步。
spoken_dialogue: 无。
non_diegetic_music: 无。
hard_constraints: 保留源提示中明确陈述的每个主体、动作、属性、数量、关系、场景、相机指令和风格约束。",zh,vb-073,vbench,vbench-12b789320ae421ec,60b604d612c906efa0f2adb4feb3a18d3e03916b36e1b608a204fb85be9886d1
146,52073,"integrated_multimodal_description: Visual style: Atmospheric still-frame classical architectural portrait. Honey-toned weathered marble, pronounced Doric fluting, pale blue sky, soft hazy distance, quiet monumental calm, low-angle static framing. Setting: The Temple of Hephaestus on the ancient Agora hill in Athens, with a quiet morning Athens visible as a hazy backdrop behind the temple. Duration: 8 seconds. [Shot 1, 00:00.000–00:08.000] Wide establishing composition, centered on the temple facade with the Athens skyline visible behind it. Static locked position at a low angle; no pan, tilt, zoom, or handheld motion, keeping the composition like a still frame. Visible subjects: The Temple of Hephaestus, a weathered Doric marble temple with columns and a triangular pediment, standing still and monumental in soft morning light. Quiet hazy Athens in the distance, with pale low buildings, scattered greenery, and distantly blurred hills under a calm morning sky. Throughout the shot: The Temple of Hephaestus stands motionless under soft sunlight; its weathered Doric columns and triangular pediment hold crisp, calm silhouettes against the hazy quiet Athens backdrop.
overall_soundscape: [00:00.000–00:08.000] Very low distant breeze and sparse cicadas, with the quiet city audible only as a faint soft murmur, close to silence. No traffic, birds, voices, or music. Its source is the corresponding previously introduced subject, placed on screen. It is synchronized with the corresponding visible action.
spoken_dialogue: None.
non_diegetic_music: None.
hard_constraints: Preserve every subject, action, attribute, count, relationship, setting, camera instruction, and style constraint explicitly stated in the source prompt.",en,vb-074,vbench,vbench-904c116bd11b5a85,7e3f27770b2bbff8a23fffe8e99faaeeac83bf5669fd9ade882fe5fa05a1b494
147,52073,"integrated_multimodal_description: 视觉风格：氛围感静帧古典建筑肖像。蜜色风化大理石，清晰的多立克柱槽纹，淡蓝色天空，柔和的朦胧远景，安静而宏伟的平静，低角度静态取景。场景：雅典古代阿哥拉山丘上的赫淮斯托斯神庙The Temple，神庙后方可见朦胧背景中安静的清晨雅典。时长：8 seconds。[Shot 1, 00:00.000–00:08.000] 宽阔的定场构图，以神庙立面为中心，其后可见雅典天际线。静止锁定于低角度；无摇摄、俯仰、变焦或手持运动，使构图保持如静帧。可见主体：赫淮斯托斯神庙The Temple，一座风化多立克大理石神庙，带有圆柱和三角楣，在柔和的晨光中静止而庄严地矗立。远处安静朦胧的雅典，低矮的浅色建筑、散布的绿植与远方模糊的山丘，处于平静的晨空之下。整个镜头中：赫淮斯托斯神庙The Temple在柔和阳光下静止不动；其风化的多立克柱与三角楣，在朦胧安静的雅典背景前形成清晰、平静的剪影。
overall_soundscape: [00:00.000–00:08.000] 非常微弱的远处清风和稀疏的蝉鸣，安静的城市仅可闻如微弱轻柔的絮语，近乎寂静。没有车辆声、鸟鸣、人声或音乐。其声源是此前引入的、位于画面上的相应主体。它与对应的可见动作同步。
spoken_dialogue: 无。
non_diegetic_music: 无。
hard_constraints: 保留源提示中明确陈述的每个主体、动作、属性、数量、关系、场景、镜头指令和风格约束。",zh,vb-074,vbench,vbench-904c116bd11b5a85,20c3c871d2a66191d804472d9af4e5eb1fa05a576594b634f83b0cb40caa8ff9
148,52074,"integrated_multimodal_description: Visual style: Naturalistic high-mountain landscape in daylight: sunlit snow drapes rocky peaks, canyon interiors stay in deep blue shadow, and continuous intense shaking vibrates every part of the frame. Setting: A snow blanketed high-elevation mountain range where rocky peaks surround and shadow deep canyons that twist and bend between the summits. Duration: 8 seconds. [Shot 1, 00:00.000–00:08.000] Ultra-wide, high-angle view taking in several snow-blanketed rocky peaks and the mouths of dark canyons deep between them. Fixed high vantage with continuous intense shaking that jars every element in the frame; no smooth pan, tilt, or zoom movement. Visible subjects: Snow-blanketed rocky mountain peaks and surrounding ridgelines rising above the canyons. Deep, shadow-filled canyon channels that twist and bend through the high-elevation mountain peaks. Thick snow, wind-carved cornices, and loose powder resting on the steep rock slopes. Throughout the shot: Snow-blanketed rocky peaks crowd the frame around steep canyon openings; the entire high-elevation view trembles intensely, keeping all rock and snow surfaces in rapid vibration. From 00:01.000 to 00:06.000: A deep canyon twists out of a shadowed basin, bends around a spur of snow-dusted rock, and continues between tall peaks before vanishing into another dark bend. From 00:02.500 to 00:07.500: Each strong shake sends powdery streamers sliding from the snow cover on a rocky ridgeline; bright snow spills over a cliff edge and falls into the canyon air.
overall_soundscape: [00:00.000–00:08.000] Continuous low seismic rumble that groans in irregular pulses, punctuated by sharp deep cracks synchronized with the intense shaking. Its source is Unseen rock mass beneath the peaks that acts as the off-screen source of low seismic rumble., placed off screen. It is synchronized with the corresponding visible action. [00:00.250–00:07.750] Thin high-altitude wind brushing the rocky ridges and adding a steady layer of hiss under the tremor. Its source is the surrounding environment, placed off screen. It is synchronized with the corresponding visible action. [00:02.750–00:07.600] Dry hiss and crackle of sliding powder as snow streamers descend the shaken slope and spill into open air. Its source is the corresponding previously introduced subject, placed on screen. It is synchronized with the corresponding visible action.
spoken_dialogue: None.
non_diegetic_music: None.
hard_constraints: Preserve every subject, action, attribute, count, relationship, setting, camera instruction, and style constraint explicitly stated in the source prompt.",en,vb-075,vbench,vbench-70add21ebc9f495d,9b385304a70df6edc5dcd898c92ca220982febee2b760646b8e31a969b693e76
149,52074,"integrated_multimodal_description: 视觉风格：日光下的自然主义高山景观：阳光照射的积雪覆盖着岩石山峰，峡谷内部保持着深蓝色阴影，持续剧烈的震动让画面每一部分都在颤动。场景：一片积雪覆盖的高海拔山脉，岩石山峰环绕并遮蔽着在峰峦之间蜿蜒曲折的深邃峡谷。时长：8 seconds。[Shot 1, 00:00.000–00:08.000] 超广角、高角度视角，收入数座被雪覆盖的岩石山峰以及它们之间深处黑暗峡谷的入口。固定高角度机位带有持续剧烈的震动，撼动画面中的每个元素；没有平滑的摇摄、俯仰或变焦运动。可见主体：被雪覆盖的岩石山峰和周围高耸于峡谷之上的山脊线；在高海拔山峰间蜿蜒穿行的深邃、布满阴影的峡谷通道；厚雪、风蚀雪檐和松散粉雪覆盖在陡峭的岩坡上。整个镜头中：陡峭峡谷口周围的画面里挤满了被雪覆盖的岩石山峰；整个高海拔视野剧烈颤抖，使所有岩石和积雪表面都处于快速振动之中。从00:01.000到00:06.000：一条深邃峡谷从阴影盆地中蜿蜒而出，绕过一道沾着雪尘的岩石山嘴，继续在高耸的山峰之间延伸，最后消失在另一处黑暗弯道中。从00:02.500到00:07.500：每一次剧烈摇晃都会使粉状雪流从岩石山脊线的积雪层上滑落；明亮的雪溢出悬崖边缘，落入峡谷的空气中。
overall_soundscape: [00:00.000–00:08.000] 持续的低频地震轰鸣以不规则的脉冲低沉作响，间以与剧烈震动同步的尖利深层断裂声。其声源是山峰下方不可见的岩体，它充当低频地震轰鸣的画外声源，位于画外。它与相应的可见动作同步。[00:00.250–00:07.750] 稀薄的高空风拂过岩石山脊，在震颤之下增加一层稳定的嘶嘶声。其声源是周围环境，位于画外。它与相应的可见动作同步。[00:02.750–00:07.600] 滑落粉雪的干涩嘶嘶声和噼啪声，雪流沿受震的山坡下落并散入开阔的空气。其声源是先前已引入的相应主体，位于画内。它与相应的可见动作同步。
spoken_dialogue: 无。
non_diegetic_music: 无。
hard_constraints: 保留源提示词中明确陈述的每一个主体、动作、属性、数量、关系、场景、摄影机指示和风格约束。",zh,vb-075,vbench,vbench-70add21ebc9f495d,35607c51c1aa017d79abe548cc481837ffe73d4243764dc7effc2af65895b9db
150,52075,"integrated_multimodal_description: Visual style: Ukiyo-e woodblock animation in the manner of Hokusai: flat layered perspective, bold dark contours, dry-brush woodgrain texture, deep indigo and teal palette with crimson accents, and rain drawn as sweeping dynamic ink strokes. Setting: A narrow night street in an old Japanese riverside town during a heavy downpour. Water cascades from roof eaves onto a glistening cobbled lane; paper lanterns glow warmly in the distance. A formally dressed couple is hurrying home, each carrying an oil-paper umbrella. Duration: 8 seconds. [Shot 1, 00:00.000–00:08.000] Medium-wide, flat ukiyo-e-style view that keeps both figures and their two umbrellas in frame as they move through the rain; foreground rain streaks and background lantern glow add depth. Slow lateral push-in from a mostly fixed viewpoint, tracking the couple as they hurry toward the gate. Visible subjects: A man in formal black evening wear: black tailcoat, white bow tie, dark trousers, and polished but rain-soaked black shoes. He carries a deep indigo oil-paper umbrella with bold rib lines. A woman in a floor-length deep crimson evening gown with pinned-up hair. She carries a pale cream oil-paper umbrella with red wave bands. The couple's two oil-paper umbrellas: one dark indigo and one cream with red bands, rattling and flexing in the rain. The heavy on-screen downpour: bright sweeping rain streaks, crowns of splash on the cobbles, and runnels falling from the eaves. From 00:00.000 to 00:02.600: The formally dressed couple hurries across the wet lane under two raised oil-paper umbrellas. Heavy rain falls in long diagonal woodblock strokes, splashes around their formal shoes, and beads off the umbrella ribs. From 00:02.600 to 00:05.400: A strong gust pulls the woman's cream umbrella sharply backward until its ribs strain. She grips the shaft with both hands while the man steps close and tilts his dark indigo umbrella against the wind, shielding her shoulders. Droplets spin off both umbrella rims. From 00:05.400 to 00:08.000: The woman rights her umbrella and the couple rushes to a low wooden gate beneath a dripping eave. The man reaches for the wet wooden latch while the woman ducks beside him, water streaming from the roof and from the umbrella tips.
overall_soundscape: [00:00.000–00:08.000] Heavy steady downpour: layered hiss, drumming on puddles, and runoff pouring from eaves. Its source is the corresponding previously introduced subject, placed on screen. It is synchronized with the corresponding visible action. [00:00.000–00:08.000] Dry paper rattle and hard rapid taps as rain strikes the taut oil-paper umbrellas. Its source is the corresponding previously introduced subject, placed on screen. It is synchronized with the corresponding visible action. [00:02.600–00:05.400] A sharp rising whoosh of wind as the gust bows the woman's umbrella backward, then fades as the gust passes. Its source is the surrounding environment, placed off screen. It is synchronized with the corresponding visible action.
spoken_dialogue: None.
non_diegetic_music: None.
hard_constraints: Preserve every subject, action, attribute, count, relationship, setting, camera instruction, and style constraint explicitly stated in the source prompt.",en,vb-076,vbench,vbench-8bda3320c70c3a53,12f05068cc2f6d8abf350068f4100bb53e328c10cb7963abf660646419b316ec
151,52075,"integrated_multimodal_description:视觉风格：葛饰北斋风格的浮世绘木刻动画：扁平的层叠透视、粗重的深色轮廓、干笔木纹质感、深靛蓝与蓝绿色调并点缀绯红，雨以扫掠的动态墨笔线条绘制。场景：一座古老的日本河畔小镇的狭窄夜街，正值倾盆大雨。雨水从屋檐倾泻到闪闪发光的鹅卵石小巷上；纸灯笼在远处发出温暖的光。一对身着正装的男女正匆忙赶回家，各执一把油纸伞。持续时间：8 seconds。[Shot 1, 00:00.000–00:08.000]中远景、扁平的浮世绘式视角，在他们冒雨前行时将这两个人物和他们的两把伞都保持在画面中；前景雨丝和背景灯笼光晕增加了纵深感。镜头从大体固定的视点缓慢横向推近，跟随这对男女匆忙走向大门。可见主体：一位身着正式黑色晚装的男人：黑色燕尾服、白色蝶形领结、深色长裤，以及擦亮却被雨水浸湿的黑皮鞋。他拿着一把带有粗重伞骨线条的深靛蓝色油纸伞。一位身着曳地深绯红晚礼服、头发挽起的女人。她拿着一把浅奶油色油纸伞，伞上有红色波浪纹带。这对男女的两把油纸伞：一把深靛蓝，一把带红色波浪纹带的奶油色，在雨中嘎嘎作响、弯曲摆动。画面中的倾盆大雨：明亮的扫掠雨丝、鹅卵石上溅起的冠状水花，以及从屋檐流下的涓流。从00:00.000到00:02.600：这对身着正装的男女在两把撑起的油纸伞下匆忙穿过湿漉漉的小巷。大雨以长长的斜向木刻笔触落下，溅在两人正装鞋的四周，并从伞骨上凝成水珠滴落。从00:02.600到00:05.400：一阵强风将女人的奶油色伞猛地向后扯，直到伞骨绷紧。她用双手紧握伞杆，男人则走近，将自己的深靛蓝伞逆风倾斜，护住她的肩膀。水珠从两把伞的边缘旋转甩出。从00:05.400到00:08.000：女人扶正自己的伞，两人冲向滴水的屋檐下的一扇低矮木门。男人伸手去够湿漉漉的木门闩，女人则在他身旁低头躲避，水从屋顶和伞尖流下。
overall_soundscape: [00:00.000–00:08.000]持续稳定的倾盆大雨：层叠的嘶嘶声、敲打水洼的咚咚声，以及从屋檐倾泻而下的水流声。其声源是先前引入的对应主体，位于画面中；它与对应的可见动作同步。 [00:00.000–00:08.000]雨点击打绷紧的油纸伞时发出干纸的嘎啦声和急促有力的敲击声。其声源是先前引入的对应主体，位于画面中；它与对应的可见动作同步。 [00:02.600–00:05.400]一阵尖锐升起的嗖嗖风声，阵风把女人的伞向后吹弯，随即随着阵风过去而减弱消失。其声源是周围环境，位于画面外；它与对应的可见动作同步。
spoken_dialogue:无。
non_diegetic_music:无。
hard_constraints:保留源提示中明确陈述的每一个主体、动作、属性、数量、关系、设定、镜头指令和风格约束。",zh,vb-076,vbench,vbench-8bda3320c70c3a53,0ad00d5100f9193c519de499e603ae1443f7f78c7adf62fe41825600c0c6abfc
152,52076,"integrated_multimodal_description: Visual style: Photorealistic still life in warm natural window light; shallow depth of field; quiet, contemplative mood. Setting: A sunlit, minimal interior: a yellow ceramic vase stands on a weathered oak table in front of a cream-white wall, with soft sunlight coming from an unseen window to the left. Duration: 8 seconds. [Shot 1, 00:00.000–00:08.000] Medium shot centered on the vase and table, transitioning through a slow push-in to a tight close-up on the vase. Steady tripod push-in; lens focus follows the vase throughout. Visible subjects: A yellow glazed ceramic vase with a rounded body, narrow neck, and faint brush marks in the glaze. A weathered oak table surface holding the vase, with visible wood grain and a soft shadow beneath the vase. From 00:00.000 to 00:02.500: The yellow vase sits motionless on the oak table; sunlight traces a glowing curved highlight across its shoulder and casts a soft shadow to the right. From 00:02.500 to 00:05.500: The camera moves closer. The vase grows larger in frame and a subtle vertical reflection glides across its glazed surface while the table grain becomes more visible. From 00:05.500 to 00:08.000: The camera reaches a tight close-up on the vase's rim and neck, revealing faint horizontal brush marks in the yellow glaze and a delicate lip at the opening.
overall_soundscape: None specified.
spoken_dialogue: None.
non_diegetic_music: None.
hard_constraints: Preserve every subject, action, attribute, count, relationship, setting, camera instruction, and style constraint explicitly stated in the source prompt.",en,vb-077,vbench,vbench-71cbd52acb431775,4c0657fef737531c0d18284daebcc3142fd8f1bae0ad0661a7874dce53ec2065
153,52076,"integrated_multimodal_description: 视觉风格：温暖自然窗光下的照片级写实静物；浅景深；安静、沉思的氛围。场景：一个阳光充足、极简的室内：一只黄色陶瓷花瓶立于一张风化橡木桌上，位于奶油白墙壁前；柔和阳光来自左侧一扇不可见的窗户。时长：8 seconds。[Shot 1, 00:00.000–00:08.000] 以花瓶和桌子为中心的中景镜头，通过缓慢推近过渡到花瓶的紧密特写。稳定的三脚架推近；镜头焦点全程跟随花瓶。可见主体：一只黄色釉面陶瓷花瓶，瓶身圆润，瓶颈细长，釉面带有淡淡的刷痕。一张风化橡木桌面承托着花瓶，可见木纹和花瓶下方的一道柔和阴影。从 00:00.000 到 00:02.500：黄色花瓶纹丝不动地立在橡木桌上；阳光在其瓶肩处勾勒出一道发光的弧形高光，并向右侧投下柔和阴影。从 00:02.500 到 00:05.500：摄影机靠近。花瓶在画面中变得更大，一道细微的垂直反光滑过其釉面，同时桌面木纹变得更加清晰。从 00:05.500 到 00:08.000：摄影机到达花瓶瓶口边缘和瓶颈的紧密特写，显露出黄色釉面上淡淡的横向刷痕和开口处精致的唇沿。
overall_soundscape: 未指定。
spoken_dialogue: 无。
non_diegetic_music: 无。
hard_constraints: 保留源提示中明确陈述的每个主体、动作、属性、数量、关系、场景、镜头指令和风格约束。",zh,vb-077,vbench,vbench-71cbd52acb431775,9767df84689b3612abafaf1349b41cbb036a746da0c587797123bcfca7a2609b
154,52077,"integrated_multimodal_description: Visual style: Warm realistic footage with shallow depth of field, late-afternoon directional light, and smooth observational camera moves; the tennis racket remains the visual focus throughout. Setting: An empty public hard tennis court at late afternoon, with a blue court surface, white boundary lines, a green mesh tennis net, and a low wooden bench blurred in the background. Duration: 8 seconds. [Shot 1, 00:00.000–00:03.000] Low medium shot from the side of the net; the racket is diagonal and head-up against the net post. Held still with a slight handheld drift and shallow focus on the racket. Visible subjects: A green tennis net with white top tape and a metal post, stretched taut beside and behind the racket. A single graphite tennis racket with a dark rounded head, taut white strings, and a crimson grip; it starts upright and leaning diagonally against the net post, then falls to the court. Throughout the shot: A breeze bends the nearest panel of netting and presses against the racket frame; the racket scuffs along the net post, gradually tilting outward until it is balanced on the edge of falling. [Shot 2, 00:03.000–00:05.500] Ground-level side close-up tracking the racket as it drops. Medium-speed tilt down and slight pullback to keep the falling racket centered. From 00:03.000 to 00:04.000: The racket rotates around its handle as the dark head swings outward and downward in a falling arc toward the court. From 00:04.000 to 00:04.400: The racket head slaps the blue court, the frame bounces once, and a small puff of dust lifts off the surface. From 00:04.400 to 00:05.500: The racket pivots flat with its strings facing upward, settles still, and the dust motes continue to drift in the low sunlight. [Shot 3, 00:05.500–00:08.000] Top-down macro centered on the racket face filling the lower part of the frame. Slow push-in from overhead, focus settling on the crossing strings. Throughout the shot: The racket remains motionless while a shadow band from the netting slowly crosses the strings as the camera pushes in.
overall_soundscape: [00:00.000–00:08.000] Quiet late-afternoon outdoor ambience: distant birds, light breeze, and a faint low hum from the surrounding area. Its source is the surrounding environment, placed off screen. [00:00.300–00:01.400] A soft but audible gust makes the net fabric and post hardware rattle as the wind presses inward. Its source is the corresponding previously introduced subject, placed on screen. It is synchronized with the corresponding visible action. [00:04.000–00:04.600] A sharp hollow thwock as the racket frame hits the hard court, followed by a short rattling settle. Its source is the corresponding previously introduced subject, placed on screen. It is synchronized with the corresponding visible action.
spoken_dialogue: None.
non_diegetic_music: None.
hard_constraints: Preserve every subject, action, attribute, count, relationship, setting, camera instruction, and style constraint explicitly stated in the source prompt.",en,vb-078,vbench,vbench-ee45a8f1227b430b,7d77079c7cb57cc75914eb55365e85b2339f1e6456956820d9b07446412ecc7f
155,52077,"integrated_multimodal_description: 视觉风格：暖色调写实影像，浅景深，午后晚段的方向性光线，平滑的观察式摄影机移动；网球拍始终是视觉焦点。场景：午后晚段一个空旷的公共硬地网球场，蓝色场地表面，白色边界线，一张绿色网眼网球网，以及背景中模糊的低矮木凳。时长：8 seconds。[Shot 1, 00:00.000–00:03.000] 从球网侧面拍摄的低角度中景；球拍斜靠网柱，拍头朝上。画面保持静止，带有轻微的手持漂移，浅景深焦点落在球拍上。可见主体：一张绿色网球网，带白色顶带和金属网柱，在球拍旁边与后方绷紧展开。一支石墨网球拍，拍头深色圆形，白色网线绷紧，握把为深红色；它开始时直立并斜靠在网柱上，然后倒向球场。整个镜头中：一阵微风吹弯最近一侧的网面，并压向球拍框；球拍沿网柱擦蹭，逐渐向外倾斜，直到处于即将倒下的临界平衡。[Shot 2, 00:03.000–00:05.500] 地面高度的侧面特写，跟随球拍下落。中速下摇并轻微后拉，使下落的球拍保持居中。从00:03.000到00:04.000：球拍绕手柄旋转，深色拍头向外、向下摆动，划出朝向球场的下落弧线。从00:04.000到00:04.400：拍头拍击蓝色球场，拍框弹跳一次，一小股灰尘从地面扬起。从00:04.400到00:05.500：球拍转为平放，网线朝上，随后静止，灰尘微粒继续在低角度阳光中飘浮。[Shot 3, 00:05.500–00:08.000] 俯拍微距，以拍面为中心，使其填充画面下部。从正上方缓慢推进，焦点落在交叉的网线上。整个镜头中：球拍保持不动，随着摄影机推进，来自球网的阴影带缓慢扫过网线。
overall_soundscape: [00:00.000–00:08.000] 安静的午后晚段户外环境声：远处的鸟鸣、微风，以及来自周围区域的微弱低频嗡鸣。其声源为周围环境，置于画面之外。[00:00.300–00:01.400] 一阵轻柔但清晰可闻的阵风使球网织物和网柱五金件嘎嘎作响，风向内压。其声源为此前引入的对应主体，置于画面之内，并与对应的可见动作同步。[00:04.000–00:04.600] 球拍框撞击硬地球场时发出一声尖锐空洞的“thwock”，随后是短促的嘎啦落定声。其声源为此前引入的对应主体，置于画面之内，并与对应的可见动作同步。
spoken_dialogue: 无。
non_diegetic_music: 无。
hard_constraints: 保留源提示中明确陈述的每个主体、动作、属性、数量、关系、场景、摄影机指示和风格约束。",zh,vb-078,vbench,vbench-ee45a8f1227b430b,9f4e60c2bca69c8b530e14314157e20a1565a383b47fb4a9bb03864207d47d26
156,52078,"integrated_multimodal_description: Visual style: Naturalistic street photography style with bright overcast daylight, moderate depth of field, and a stationary frontal camera. Setting: A curbside street view from the sidewalk: a red stop sign is on the left of a silver parking meter, and both face the camera. A neutral background of parked cars and a leafy street tree establishes the urban context. Duration: 8 seconds. [Shot 1, 00:00.000–00:08.000] Head-on, eye-level framing showing the stop sign on the left and the parking meter on the right, with the sidewalk as the lower edge of the frame. Static frontal camera; no pan, tilt, or zoom; the front view is maintained from the first to the last frame. Visible subjects: A single red octagonal stop sign with white border and white lettering 'STOP', mounted on a dark metal pole on the left side of the scene. A single silver parking meter with a rounded head, coin slot, and small digital readout, mounted on a narrow pole on the right of the stop sign. One yellow-green tree leaf that drifts into the space between the stop sign and the parking meter during the shot. Throughout the shot: The red octagonal stop sign remains upright on the left while the silver parking meter remains upright to its right; the two objects keep their front-facing left/right relationship for the entire shot. From 00:00.800 to 00:02.600: A single yellow-green leaf enters from the upper right, lazily tumbles down through the space between the stop sign and the parking meter, and exits downward out of frame.
overall_soundscape: [00:00.000–00:08.000] Distant low-volume city street ambience with a faint steady traffic hum and a light breeze. Its source is the surrounding environment, placed off screen. [00:00.800–00:02.600] A very soft dry rustle and whisper as the leaf twists and drifts between the two poles. Its source is the corresponding previously introduced subject, placed on screen. It is synchronized with the corresponding visible action.
spoken_dialogue: None.
non_diegetic_music: None.
hard_constraints: Preserve every subject, action, attribute, count, relationship, setting, camera instruction, and style constraint explicitly stated in the source prompt.",en,vb-079,vbench,vbench-79bc4b6b6b76cf52,4e91b296fb0834bd36971114333107ee676a32ac76bb2a1b5478d8e4e56db418
157,52078,"integrated_multimodal_description:视觉风格：自然主义街头摄影风格，明亮的阴天日光，中等景深，固定的正面摄影机。场景：从人行道看到的路边街景：一个红色停车标志位于一个银色停车计时器的左侧，两者都面向摄影机。停放着的汽车和一棵枝叶繁茂的行道树构成中性背景，确立了城市环境。时长：8 seconds。[Shot 1, 00:00.000–00:08.000]正面、视线高度取景，停车标志位于左侧，停车计时器位于右侧，人行道作为画面的下缘。摄影机固定正面；无摇镜、无俯仰、无变焦；从第一帧到最后一帧均保持正面视角。可见主体：一个红色八角形停车标志，带白色边框和白色字样STOP，安装于场景左侧的深色金属杆上。一个银色停车计时器，具有圆润的头部、投币口和小型数字读数，安装在停车标志右侧的一根窄杆上。一片黄绿色树叶在镜头期间飘入停车标志与停车计时器之间的空间。整段镜头中：红色八角形停车标志保持直立位于左侧，银色停车计时器保持直立位于其右侧；两个物体在整个镜头期间始终保持着面向摄影机的左/右关系。从00:00.800到00:02.600：一片黄绿色树叶从右上方进入，懒洋洋地翻滚下落穿过停车标志与停车计时器之间的空间，并向下移出画面。
overall_soundscape: [00:00.000–00:08.000] 远处低音量的城市街道环境声，带有微弱而持续的交通嗡鸣和轻微的风声。其声源为周围环境，置于画外。[00:00.800–00:02.600] 树叶在两杆之间扭转飘移时，发出非常轻柔的干涩沙沙声和窸窣低语。其声源是先前已介绍的对应主体，置于画内。它与相应的可见动作同步。
spoken_dialogue:无。
non_diegetic_music:无。
hard_constraints:保留源提示中明确陈述的每一个主体、动作、属性、数量、关系、场景、摄影机指令和风格约束。",zh,vb-079,vbench,vbench-79bc4b6b6b76cf52,6b8ae0ab3024338b9753fc04880af2683eb7ee26b10ce94e4c2306684166b56d
158,52079,"integrated_multimodal_description: Visual style: Photorealistic street-level scene in warm late-afternoon light, with softly saturated red tones, natural depth of field, and an observational documentary feel. Setting: A quiet residential street corner where a red fire hydrant sits on a grassy strip beside the sidewalk and a red octagonal STOP sign is mounted on a gray metal pole at the curb line. Duration: 8 seconds. [Shot 1, 00:00.000–00:08.000] Medium-wide street-level shot keeps the fire hydrant in the lower right foreground and the STOP sign on its pole in the upper left background near the corner. Slow steady dolly-in from roughly twelve feet to seven feet, holding the same heading; no zoom, pan, or tilt. Visible subjects: Classic red cast-iron fire hydrant with two side nozzles, silver caps, and a rounded dome, standing on short green grass beside the sidewalk. Red octagonal STOP sign with a white border and bold white uppercase letters 'STOP', attached near the top of a gray metal pole at the street corner. Small dried yellow-brown maple leaf that drifts down through the air and comes to rest on the grass near the fire hydrant. Throughout the shot: The red fire hydrant and the red STOP sign remain composed together throughout the shot; the STOP lettering stays plainly visible and the dolly-in makes the hydrant gradually larger at frame right. From 00:00.300 to 00:07.000: A small yellow-brown maple leaf drops from above, flutters through the air in front of the hydrant, and then settles lightly onto the grass between the hydrant and the sidewalk.
overall_soundscape: [00:00.000–00:08.000] Very low outdoor street ambience: distant car hum, light breeze, and faint birdsong. Its source is the surrounding environment, placed off screen. [00:00.300–00:07.000] Soft rustling flutter as the leaf moves through the breeze, ending with a faint whisper when it touches the grass. Its source is the corresponding previously introduced subject, placed on screen. It is synchronized with the corresponding visible action.
spoken_dialogue: None.
non_diegetic_music: None.
hard_constraints: Preserve every subject, action, attribute, count, relationship, setting, camera instruction, and style constraint explicitly stated in the source prompt.",en,vb-080,vbench,vbench-6034d76274574acc,fe2de3d92b8e71ede1c7047847dfb074059b84c251e1e6769ece53d49eac56d4
159,52079,"integrated_multimodal_description:视觉风格：温暖的午后晚些时候光线下的照片级写实街面场景，具有柔和饱和的红色调、自然的景深和观察式纪录片的观感。场景设定：一个安静的住宅区街角，红色消防栓位于人行道旁的狭长草地上，并且路缘线上的一根灰色金属杆上安装着红色八角形STOP标志。时长：8 seconds。[Shot 1, 00:00.000–00:08.000]中远景街面镜头将消防栓保持在画面右下方前景，并将杆上的STOP标志保持在街角附近画面左上方背景。缓慢稳定地从约十二英尺推近到七英尺，保持同一朝向；无变焦、摇移或俯仰。可见主体：经典的红色铸铁消防栓，带两个侧喷嘴、银色盖帽和圆顶，立在人行道旁的矮绿草地上。红色八角形STOP标志带白色边框和粗体白色大写字母'STOP'，固定在街角灰色金属杆靠近顶部处。一片干枯的黄褐色小枫叶飘落穿过空气，最后落在消防栓附近的草地上。贯穿整个镜头：红色消防栓和红色STOP标志保持同框构图；STOP字样始终清晰可见，推近使消防栓在画面右侧逐渐变大。从00:00.300到00:07.000：一片黄褐色小枫叶从上方落下，在消防栓前飘过空中，然后轻轻落在消防栓和人行道之间的草地上。
overall_soundscape:[00:00.000–00:08.000]极低的户外街道环境声：远处汽车低鸣、微风和轻微鸟鸣。其声源是周围环境，位于画外。[00:00.300–00:07.000]枫叶在微风中飘动时发出轻柔的沙沙声，触到草地时以微弱的低语声结束。其声源是先前引入的对应主体，位于画面内。它与对应的可见动作同步。
spoken_dialogue:无。
non_diegetic_music:无。
hard_constraints:保留源提示中明确陈述的每一个主体、动作、属性、数量、关系、场景设定、摄影机指令和风格约束。",zh,vb-080,vbench,vbench-6034d76274574acc,2eafbda929e6d67bda0199fafbf57d6ee96b954f4556e7f97ccd888df9352d03
160,52080,"integrated_multimodal_description: Visual style: Warm cinematic realis-m at a formal public ceremony, with soft stage lighting, shallow depth of field, and gently motivated camera movement. Setting: Ballroom awards stage with a dark-gold curtain backdrop, polished dark floor, and a podium at stage right; banquet tables glow faintly beyond the stage rim. Duration: 8 seconds. [Shot 1, 00:00.000–00:04.500] Medium two-shot from stage right showing the presenter and recipient facing each other at the podium. Slow locked push-in that keeps the trophy along the visual line between the two people. Visible subjects: Female master-of-ceremonies in a black evening gown wearing a small lavalier microphone. Young man in a tailored navy suit with a name badge; he is the central person receiving the award. Golden starburst-shaped trophy on a rectangular engraved base. Throughout the shot: Presenter smiles and extends the golden trophy toward the recipient with both hands; the recipient lifts both hands and begins to bring them around the trophy. [Shot 2, 00:04.500–00:08.000] Over-the-shoulder close-up behind the presenter, centered on the recipient and the trophy. Slight rack focus from the engraved trophy base to the recipient's face, then a steady hold. From 00:04.500 to 00:06.200: Recipient closes both hands around the trophy, lifts it clear of the presenter, and the presenter withdraws her hands and takes a small step back. From 00:06.200 to 00:08.000: Recipient lowers the trophy, smiles, and briefly gazes down at its engraved base while the presenter applauds just out of focus.
overall_soundscape: [00:00.000–00:08.000] Low banquet-room murmur with soft clinks of glassware and silverware under the ceremony sounds. Its source is the surrounding environment, placed off screen. [00:00.500–00:06.600] Applause rises as the trophy is presented and starts to fade once the recipient examines it, with a few cheers audible at the peak. Its source is Gala banquet audience off stage, seated at dimly lit round tables., placed off screen. It is synchronized with the corresponding visible action. [00:05.100–00:05.500] Soft metallic click as the recipient's fingers close around the trophy's metal base. Its source is the corresponding previously introduced subject, placed on screen. It is synchronized with the corresponding visible action.
spoken_dialogue: None.
non_diegetic_music: None.
hard_constraints: Preserve every subject, action, attribute, count, relationship, setting, camera instruction, and style constraint explicitly stated in the source prompt.",en,vb-081,vbench,vbench-26e2ae6d0bfbc6be,7c934733835b271ec52bab25ae4689c39e1ea34b885a9932677189cf38141358
161,52080,"integrated_multimodal_description: 视觉风格：正式公开仪式中的温暖电影现实主义，配以柔和的舞台灯光、浅景深和轻柔而有动机的摄影机移动。场景：舞厅颁奖舞台，背后是深金色幕布，深色抛光地板，舞台右侧设有一个讲台；舞台边缘之外，宴会桌微微发光。时长：8 seconds。[Shot 1, 00:00.000–00:04.500] 从舞台右侧拍摄的中景双人镜头，展示主持人和获奖者在讲台处面对面。缓慢锁定的推近，使奖杯始终处于两人之间的视觉线上。可见主体：女司仪身着黑色晚礼服，佩戴小型领夹麦克风。年轻男子身着剪裁合体的海军蓝西装，佩戴姓名牌；他是接受该奖项的核心人物。一个金色星芒状奖杯置于矩形镌刻底座上。整个镜头中：主持人微笑着用双手将金色奖杯伸向获奖者；获奖者抬起双手，开始将其环绕到奖杯上。[Shot 2, 00:04.500–00:08.000] 过肩特写（位于主持人身后），以获奖者和奖杯为中心。轻微移焦，从镌刻的奖杯底座转到获奖者的面部，然后稳定保持。从 00:04.500 到 00:06.200：获奖者双手合拢握住奖杯，将其举起脱离主持人，主持人收回双手并后退一小步。从 00:06.200 到 00:08.000：获奖者放下奖杯，微笑，并短暂低头注视其镌刻的底座，而主持人则在焦外鼓掌。
overall_soundscape: [00:00.000–00:08.000] 在仪式声音之下，宴会厅泛起低沉的嗡嗡声，并伴有玻璃器皿和银器的轻柔叮当声。其声源为周边环境，位于画面外。[00:00.500–00:06.600] 掌声随奖杯的颁发而渐起，并在获奖者端详奖杯时开始消退，在最高潮时可听到几声欢呼。其声源为舞台外的盛会宴会观众，他们坐在昏暗的圆桌旁，位于画面外。它与相应的可见动作同步。[00:05.100–00:05.500] 当获奖者的手指合拢在奖杯的金属底座上时，发出一声轻柔的金属咔哒声。其声源为先前已介绍过的相应主体，位于画面内。它与相应的可见动作同步。
spoken_dialogue: 无。
non_diegetic_music: 无。
hard_constraints: 保留源提示中明确陈述的每一个主体、动作、属性、数量、关系、场景、摄影机指示和风格约束。",zh,vb-081,vbench,vbench-26e2ae6d0bfbc6be,0858b5defbdf764d1417623a9f1cf1f879169cb62dd7cd800236d597cf00ed9f
162,52081,"integrated_multimodal_description: Visual style: Realistic close-up product-style cinematography; shallow depth of field, soft bathroom daylight, muted clean palette, no dialogue. Setting: A bright tiled bathroom with white subway-tile walls, a polished black stone counter, and a small window off-frame to the left. Duration: 8 seconds. [Shot 1, 00:00.000–00:08.000] Medium close-up from a low side angle; the hair drier is the main object, the towel fringe appears at the bottom of the frame, and the hand enters from the right. Slow, stable push-in; slight rack of focus from the rear grille to the nozzle as the action begins. Visible subjects: A compact matte-black electric hair drier with a round black rear grille, an attached concentrator nozzle, and a small slide power switch on the handle area. A bare human right hand that enters from off-frame; no face or body is shown. A cream linen towel with pale fringe, draped over the front edge of the counter in the lower part of the frame. From 00:00.000 to 00:00.900: A compact matte-black hair drier lies on its side on the counter, rear grille facing camera-left and nozzle pointing just past the draped towel; the power switch is off. From 00:00.900 to 00:02.000: A bare right hand enters from the upper right, grips the hair drier's handle, and lifts it clear of the counter, aiming the nozzle toward the towel. From 00:02.000 to 00:02.400: The hand's thumb slides the side switch upward to the low setting, and the hair drier remains steadily held. From 00:02.400 to 00:07.500: The towel fringe lifts and shivers in the air flow while the hand sweeps the hair drier in one unhurried arc from right to left and back. From 00:07.500 to 00:08.000: The hand angles the hair drier upward away from the towel; the fan keeps running, but the towel fringe slowly settles as the air stream moves away.
overall_soundscape: [00:00.000–00:08.000] Near-silent bathroom room tone with a faint low ventilation rumble and very light echo from the tiles. Its source is the surrounding environment, placed off screen. [00:02.000–00:02.300] Short plastic click as the thumb pushes the power switch upward. Its source is the corresponding previously introduced subject, placed on screen. It is synchronized with the corresponding visible action. [00:02.350–00:08.000] Steady moderate-low electric fan hum with a soft air-rush quality, continuous while the hair drier is held and running. Its source is the corresponding previously introduced subject, placed on screen. It is synchronized with the corresponding visible action.
spoken_dialogue: None.
non_diegetic_music: None.
hard_constraints: Preserve every subject, action, attribute, count, relationship, setting, camera instruction, and style constraint explicitly stated in the source prompt.",en,vb-082,vbench,vbench-757262f71af8aa8f,3094195f9864e99725892f09a067b6239524e9f1b401b7ba37090613f7a139f6
163,52081,"integrated_multimodal_description:视觉风格：写实的特写产品风格电影摄影；浅景深，柔和的浴室日光，柔和干净的配色，无对白。场景：一间明亮的瓷砖浴室，白色地铁砖墙面，抛光黑色石材台面，左侧画外有一扇小窗。时长：8 seconds。[Shot 1, 00:00.000–00:08.000]中近景，低角度侧面拍摄；吹风机是主要物体，毛巾流苏出现在画面底部，手从右侧进入。缓慢、稳定的推近；动作开始时，从后格栅到喷嘴有轻微的焦点转换。可见主体：一台紧凑的哑光黑色电吹风机，带圆形黑色后格栅、一个附装的集风喷嘴，以及手柄区域的一个小型滑动电源开关。一只裸露的人体右手从画外进入；未显示面部或身体。一块米色亚麻毛巾，带浅色流苏，搭在画面下部台面的前缘。从00:00.000至00:00.900：一台紧凑的哑光黑色吹风机侧放在台面上，后格栅朝向镜头左侧，喷嘴指向搭着的毛巾再过去一点的位置；电源开关已关闭。从00:00.900至00:02.000：一只裸露的右手从右上方进入，握住吹风机的手柄，将其抬离台面，使喷嘴朝向毛巾。从00:02.000至00:02.400：手的拇指将侧面开关向上滑至低档位，吹风机保持稳定握持。从00:02.400至00:07.500：毛巾流苏在气流中扬起并颤动，同时手以吹风机划出一道从容的弧线，从右到左再返回。从00:07.500至00:08.000：手将吹风机向上倾斜使其离开毛巾；风扇保持运行，但随着气流移开，毛巾流苏慢慢静止下来。
overall_soundscape:[00:00.000–00:08.000]近乎无声的浴室环境声，带有微弱低沉的通风隆隆声和极轻的瓷砖回声。其声源为周围环境，置于画外。[00:02.000–00:02.300]拇指将电源开关向上推时发出短促的塑料咔哒声。其声源为此前已引入的对应主体，置于画面内。它与对应的可见动作同步。[00:02.350–00:08.000]稳定且中低强度的电风扇嗡鸣声，带有柔和的气流声，在吹风机被握住并运行的整个期间持续。其声源为此前已引入的对应主体，置于画面内。它与对应的可见动作同步。
spoken_dialogue:无。
non_diegetic_music:无。
hard_constraints:保留源提示中明确陈述的每一个主体、动作、属性、数量、关系、场景、镜头指令和风格约束。",zh,vb-082,vbench,vbench-757262f71af8aa8f,fac6adbc05ceb9eecc72450018706b5fc0ee00a3c25292a6e7ba4a2640a7b46f
164,52082,"integrated_multimodal_description: Visual style: Low overcast daylight, realistic handheld framing, cool grey stones against saturated violet, and close-proximity sound design that keeps the umbrella tactile even in wide shots. Setting: An empty seaside plaza paved with dark old stones and one broad glassy sheet of rainwater, under a low sky and a strong damp wind. Duration: 8 seconds. [Shot 1, 00:00.000–00:02.800] Medium-wide tracking shot just above the puddle. Handheld camera moves low alongside the umbrella from left to right, following it as it scrapes across the wet stone and lifts. Visible subjects: An open purple umbrella with a glossy violet canopy, slender dark metal ribs, and a worn wooden crook handle. A broad, shallow sheet of rainwater spread across the weathered plaza stones, reflecting the white overcast sky. From 00:00.000 to 00:01.500: At frame start a hard gust is already pushing the open purple umbrella sideways through the shallow water; its canopy flaps and its ribs push a broad V-shaped ripple ahead of them. From 00:01.500 to 00:02.800: A stronger gust climbs under the canopy; the umbrella tilts up, breaks free of the water with a small spray, and rises steadily while droplets shake off its purple panels. [Shot 2, 00:02.800–00:06.200] Wide low-angle shot across the flooded plaza. Camera pans smoothly with the rising umbrella, tilts down as it falls, and keeps the landing puddle in the lower third. From 00:02.800 to 00:04.200: The umbrella sails diagonally across the flooded plaza, turning slowly in the air and streaming fine droplets behind its trailing edge. From 00:04.200 to 00:05.200: The wind slackens; the umbrella stalls, tilts backward, and plunges in a descending curve toward the wide puddle. From 00:05.200 to 00:06.200: The umbrella’s rim hits the water, bounces once, flips open-side-up, and settles with a hollow splash and a metallic rib rattle. [Shot 3, 00:06.200–00:08.000] Low close-up of the umbrella in the water. Static camera set just above the surface, watching the ripples and final handle taps. From 00:06.200 to 00:07.200: Concentric ripples cross the puddle around the violet canopy; the umbrella rocks gently and its damp fabric catches the pale sky light. From 00:07.200 to 00:08.000: A last gust nudges the crook handle, which knocks twice against the wet stone edge; the umbrella shudders once and then comes still.
overall_soundscape: [00:00.000–00:01.600] Wet umbrella fabric scraping over grit as the canopy is shoved through the shallow puddle. Its source is the corresponding previously introduced subject, placed on screen. It is synchronized with the corresponding visible action. [00:00.000–00:08.000] Continuous damp wind blowing across the empty stone plaza, with a soft low whistle in the open space. Its source is the surrounding environment, placed off screen. [00:01.500–00:04.400] A muscular gust and canopy snap as the umbrella is yanked into the air, blending into flapping fabric while it sails. Its source is the corresponding previously introduced subject, placed on screen. It is synchronized with the corresponding visible action. [00:04.200–00:05.300] The wind suddenly quieting, followed by a rising whoosh as the umbrella falls in a tight curve. Its source is the corresponding previously introduced subject, placed on screen. It is synchronized with the corresponding visible action. [00:05.200–00:06.000] Hollow wet strike, loud rib twang, and brief metallic chatter as the umbrella lands and rocks in the water. Its source is the corresponding previously introduced subject, placed on screen. It is synchronized with the corresponding visible action. [00:07.200–00:07.900] Two hollow wooden taps as the crook handle knocks against the wet stone edge. Its source is the corresponding previously introduced subject, placed on screen. It is synchronized with the corresponding visible action.
spoken_dialogue: None.
non_diegetic_music: None.
hard_constraints: Preserve every subject, action, attribute, count, relationship, setting, camera instruction, and style constraint explicitly stated in the source prompt.",en,vb-083,vbench,vbench-d3226171e8df6ba4,81e63ccecadc851c63f28ceeaf30790a6e5d8f4394f4d1f3181f90304d37d36c
165,52082,"integrated_multimodal_description: 视觉风格：低垂阴云下的日光，写实的手持取景，冷灰色石头与饱和紫色形成对比，以及贴近的声音设计，使雨伞即使在广角镜头中也保持可触的质感。场景：一个空旷的海滨广场，铺着深暗的旧石，其上有一大片宽阔如玻璃的雨水；天空低垂，刮着强劲而潮湿的风。时长：8 seconds。[Shot 1, 00:00.000–00:02.800] 中宽跟拍镜头，恰好位于水坑上方。手持摄影机在低处贴着雨伞从左向右移动，跟随它刮过潮湿的石头并抬起。可见主体：一把打开的紫色雨伞，带有光亮的紫罗兰色伞面、细长的深色金属伞骨，以及一个磨损的木制弯钩伞柄。一片宽阔而浅的雨水铺展在风化的广场石面上，倒映着白色阴沉的天空。从 00:00.000 到 00:01.500：在画面开始时，一阵猛烈的风已经将打开的紫色雨伞侧向推过浅水；伞面扇动，伞骨在它们前方推开一道宽阔的 V 形涟漪。从 00:01.500 到 00:02.800：一股更强的阵风升到伞面下方；雨伞向上仰起，带着少量水花脱离水面，并稳定上升，同时水珠从紫色伞面拼片上抖落。[Shot 2, 00:02.800–00:06.200] 横跨积水广场的低角度广角镜头。摄影机随上升的雨伞平滑摇摄，在雨伞下落时向下倾斜，并将落点水坑保持在画面下三分之一处。从 00:02.800 到 00:04.200：雨伞斜向飘过积水广场，在空中缓慢旋转，并在尾缘后拖出细小的水珠。从 00:04.200 到 00:05.200：风势减弱；雨伞失速，向后倾斜，然后沿一条下降弧线朝宽阔的水坑俯冲。从 00:05.200 到 00:06.200：雨伞边缘碰到水面，弹跳一次，翻转成开口朝上，伴随空洞的水花声和金属伞骨的咔嗒声落定。[Shot 3, 00:06.200–00:08.000] 水中雨伞的低角度特写。静止摄影机置于水面正上方，注视涟漪和最后的伞柄叩击。从 00:06.200 到 00:07.200：同心涟漪绕着紫色伞面穿过水坑；雨伞轻轻摇晃，潮湿的伞面布捕捉到暗淡的天光。从 00:07.200 到 00:08.000：最后一阵风轻推弯钩伞柄，伞柄在湿石边缘上敲了两下；雨伞颤抖了一下，随后归于静止。
overall_soundscape: [00:00.000–00:01.600] 湿雨伞伞布刮过砂砾，同时伞面被推过浅水坑。其声源是对应此前已引入的主体，位于画面内。它与对应的可见动作同步。[00:00.000–00:08.000] 持续的潮湿风吹过空旷的石铺广场，在开阔空间中带有柔和低沉的哨音。其声源是周围环境，位于画面外。[00:01.500–00:04.400] 一阵强劲的阵风与伞面啪响，在雨伞被猛然拽入空中时响起，并在其飘行中融入织物拍打声。其声源是对应此前已引入的主体，位于画面内。它与对应的可见动作同步。[00:04.200–00:05.300] 风骤然安静下来，随后是一声上升的嗖响，雨伞沿一条紧凑的弧线下落。其声源是对应此前已引入的主体，位于画面内。它与对应的可见动作同步。[00:05.200–00:06.000] 空洞湿润的撞击声、响亮的伞骨弹响和短暂的金属咔嗒声，发生在雨伞落水并在水中摇晃时。其声源是对应此前已引入的主体，位于画面内。它与对应的可见动作同步。[00:07.200–00:07.900] 两下空洞的木击声，弯钩伞柄敲击湿石边缘。其声源是对应此前已引入的主体，位于画面内。它与对应的可见动作同步。
spoken_dialogue: 无。
non_diegetic_music: 无。
hard_constraints: 保留源提示中明确陈述的每个主体、动作、属性、数量、关系、场景、镜头指示和风格约束。",zh,vb-083,vbench,vbench-d3226171e8df6ba4,a5955fcd23aa5e5479087437c39b17b0d643d7c2f4343f04465edc8c0c790b00
166,52083,"integrated_multimodal_description: Visual style: Abstract, dreamlike macro ink-in-water cinematography. Deep black background, luminous colors, slow-motion fluid behavior, fine organic turbulence, no visible text or UI. Setting: A clear rectangular water tank seen from the side. The water is perfectly still and colorless. A single ink drop enters through the flat surface and blooms underwater into a drifting multicolored dream-cloud. Duration: 8 seconds. [Shot 1, 00:00.000–00:04.700] Macro side view showing the quiet water surface near the upper third and the clear water column below; the falling drop and initial plume remain readable within the frame. Locked-off camera positioned perpendicular to the tank; no camera movement; depth of field keeps the first impact and plume sharp. Visible subjects: A single falling ink bead with swirled cyan, magenta, and golden-yellow interior layers. It continues as the same dye mass after entry, becoming an underwater plume and cloud. A transparent rectangular tank filled with clear still water; its top surface is flat and barely visible as a delicate line of reflected light. From 00:00.000 to 00:01.050: The ink drop is already in free fall as a smooth teardrop, entering the upper part of the frame. Cyan, magenta, and golden-yellow bands slowly turn inside it while the water surface below remains mirror-calm. From 00:01.050 to 00:01.950: The drop strikes the flat water surface, deforms into a dimple, then punches through leaving a tiny crown of clear droplets. Immediately a slender colorful filament trails downward. From 00:01.950 to 00:03.300: The colorful filament decelerates and expands into a bulbous plume. Scale-like folds of cyan, magenta, and yellow curl around one another, each fold appearing soft and glossy. From 00:03.300 to 00:04.700: The plume begins to rotate, forming a loose spiral. Strands of color reach outward while clear water is pulled inward between the widening colorful fingers. [Shot 2, 00:04.700–00:08.000] Extreme close-up centered on the expanding ink cloud and its surrounding clear water. Very slow push-in toward the ink cloud from 4.7s to 8.0s, with no pan or tilt. From 00:04.700 to 00:06.000: Close view reveals the spiral as a dense nebula of colored ribbons. Tiny vortices detach from the outer edge of the cloud and drift away into the clear water. From 00:06.000 to 00:07.200: The nebula swells into a soft dream-cloud. Color boundaries become luminous and feathery; delicate wisps rise and sink like slow smoke inside the water. From 00:07.200 to 00:08.000: The dream-cloud slows, expands gently outward, and releases several long feathery streamers into the surrounding clear water while its core continues to breathe.
overall_soundscape: [00:01.050–00:01.950] A soft rounded liquid plump at the water surface with a tiny bright splash, lightly time-stretched to match the slow-motion entry. Its source is the corresponding previously introduced subject, placed on screen. It is synchronized with the corresponding visible action. [00:03.300–00:08.000] Restrained, liquid hush with faint porous bubbling as the ink plume rotates and expands; it gathers gently and fades toward near-silence as the cloud settles. Its source is the corresponding previously introduced subject, placed on screen. It is synchronized with the corresponding visible action.
spoken_dialogue: None.
non_diegetic_music: None.
hard_constraints: Preserve every subject, action, attribute, count, relationship, setting, camera instruction, and style constraint explicitly stated in the source prompt.",en,vb-084,vbench,vbench-697a3ce0737d5113,3e091a53bd92779d91128cc18a5f29389fc4a57e9b348e1806e276c93356126b
167,52083,"integrated_multimodal_description: 视觉风格：抽象的、如梦境般的墨水入水微距电影摄影。深黑色背景，明亮的色彩，慢动作流体行为，细腻的有机湍流，没有可见文字或 UI。场景：从侧面看到的一个清澈矩形水槽。水完全静止且无色。一滴墨水穿过平整水面进入水中，在水下绽放成漂移的多彩梦幻云。时长：8 seconds。[Shot 1, 00:00.000–00:04.700] 微距侧面视角显示位于上三分之一附近的平静水面及其下方的清澈水柱；下落的墨滴和初始羽流在画面内保持清晰可辨。摄影机锁定并与水槽垂直放置；无摄影机运动；景深使首次撞击和羽流保持清晰。可见主体：一颗正在下落的墨珠，内部有旋涡状的青色、品红色和金黄色层次。它在入水后作为同一染料团继续存在，变成水下羽流和云。一个装满清澈静止水的透明矩形水槽；其上表面平整，几乎不可见，仅表现为一道细腻的反射光线。从 00:00.000 到 00:01.050: 墨滴已经以光滑的泪滴状自由下落，进入画面较上方的部分。青色、品红色和金黄色带在它内部缓慢转动，而下方的水面保持镜面般平静。从 00:01.050 到 00:01.950: 墨滴撞击平整水面，变形出一个小凹坑，然后穿透水面，留下一个由清澈液滴组成的细小冠状结构。随即，一条细长的彩色丝状物向下拖曳。从 00:01.950 到 00:03.300: 彩色丝状物减速并扩展成球状羽流。青色、品红色和黄色的鳞片状褶皱相互卷绕，每道褶皱看起来柔软而有光泽。从 00:03.300 到 00:04.700: 羽流开始旋转，形成松散的螺旋。彩色细丝向外延伸，而清澈的水在逐渐张开的彩色指状分支之间被向内卷入。[Shot 2, 00:04.700–00:08.000] 以正在扩展的墨云及其周围清澈水为中心的极近特写。从 4.7s 到 8.0s 极缓慢地向墨云推进，无摇摄或倾斜。从 00:04.700 到 00:06.000: 近景揭示该螺旋是彩色丝带构成的致密星云。微小涡旋从云的外缘脱离，漂散到清澈水中。从 00:06.000 到 00:07.200: 星云膨胀成柔软的梦幻云。色彩边界变得明亮而羽毛般轻盈；纤细的丝缕在水中像缓慢的烟雾一样上升和下沉。从 00:07.200 到 00:08.000: 梦幻云减速，轻轻向外扩展，并向周围清澈的水中释放出数条长长的羽毛状飘带，同时其核心继续呼吸。
overall_soundscape: [00:01.050–00:01.950] 柔和圆润的水面液体扑通声，带有微小而明亮的飞溅声，经轻微的时间拉伸以匹配慢动作入水。其声源是先前引入的、置于画面上的对应主体。它与对应的可见动作同步。 [00:03.300–00:08.000] 克制的液体静谧声，伴有微弱的孔隙冒泡声，当墨水羽流旋转扩展时出现；它轻轻聚拢，并在云团沉降时淡向近乎寂静。其声源是先前引入的、置于画面上的对应主体。它与对应的可见动作同步。
spoken_dialogue: 无。
non_diegetic_music: 无。
hard_constraints: 保留源提示中明确陈述的每个主体、动作、属性、数量、关系、场景、摄影机指令和风格约束。",zh,vb-084,vbench,vbench-697a3ce0737d5113,d9d187bbfb3620c911f3f67c122e1f45f0aa28e42d99b0d1010b0f1732638ec3
168,52084,"integrated_multimodal_description: Visual style: Naturalistic wildlife documentary look; warm golden-hour light and shallow depth of field in closer shots, with wider clarity for the herd. Setting: Open savanna grassland at golden hour, with scattered acacia trees; a small herd of elephants waits ahead of a lone running elephant. Duration: 8 seconds. [Shot 1, 00:00.000–00:03.500] Close tracking view from the elephant's right side, low angle. Stabilized camera glides at the runner's speed, keeping the herd's distant shape visible at the frame edge. Visible subjects: Young adult elephant running with head up and trunk swinging, moderate tusks, dust on her lower legs. Throughout the shot: Elephant gallops heavily through dry golden grass; footfall dust puffs rise, ears flap, and her trunk streams forward as she fixes her gaze on the herd ahead. [Shot 2, 00:03.500–00:06.000] Medium front three-quarter view, looking past the runner toward the herd. Dolly moves forward ahead of the elephant, slightly left, bringing the herd from background blur into focus. Visible subjects: Group of elephants ahead: adult cows, an adolescent, and a calf, milling around a dust patch near an acacia tree. Throughout the shot: From past the moving elephant, the herd becomes distinct; she closes distance, and an adult cow in the herd turns her head as the runner approaches. [Shot 3, 00:06.000–00:08.000] Wide side view of the elephant and the herd together at the end of the chase. Static wide camera at knee height; the group settles into frame as the runner enters it. Throughout the shot: The elephant slows to a walk and steps into the herd's circle; a calf reaches up and she greets it by touching trunks, then the group closes around her.
overall_soundscape: [00:00.000–00:06.000] Rhythmic heavy four-beat footfalls, swelling slightly as she approaches the herd. Its source is the corresponding previously introduced subject, placed on screen. It is synchronized with the corresponding visible action. [00:00.000–00:08.000] Steady warm breeze in tall grass, with faint distant bird calls. Its source is Visible savanna air, grass, and distant birds, treated as the ambient sound source., placed on screen. [00:03.500–00:08.000] Low elephant rumbles and a short calf trumpet as the herd notices and accepts the newcomer. Its source is the corresponding previously introduced subject, placed on screen. It is synchronized with the corresponding visible action. [00:06.800–00:07.600] Soft touch of elephant trunks and comfortable low rumbling during the greeting. Its source is the corresponding previously introduced subject, placed on screen. It is synchronized with the corresponding visible action.
spoken_dialogue: None.
non_diegetic_music: None.
hard_constraints: Preserve every subject, action, attribute, count, relationship, setting, camera instruction, and style constraint explicitly stated in the source prompt.",en,vb-085,vbench,vbench-3f8c7e0a392bd93c,8f816f1f0957d22c1916fbf7d12e4d0daa0fe79b11761a5e6dd2b3b2eca7137e
169,52084,"integrated_multimodal_description: 视觉风格：自然主义野生动物纪录片观感；较近的镜头中有温暖的金色时刻光线和浅景深，象群则有更广的清晰范围。场景：开阔的稀树草原草地，在金色时刻，散布着金合欢树；一小群大象在一头独自奔跑的大象前方等待。时长：8 seconds。[Shot 1, 00:00.000–00:03.500] 从大象右侧以低角度近距离跟踪拍摄。稳定镜头以奔跑者的速度滑行，使象群远处的轮廓保持在画面边缘可见。可见主体：一头年轻成年大象正在奔跑，头抬起，象鼻甩动，中等大小的象牙，她的小腿上沾有尘土。整个镜头中：大象沉重地飞奔过干燥的金色草地；脚步扬起的尘土团升腾，耳朵扇动，象鼻向前飘动，她凝视着前方的象群。[Shot 2, 00:03.500–00:06.000] 中景前四分之三视角，越过奔跑者望向象群。摄影车在大象前方稍偏左向前移动，使象群从背景模糊变为清晰对焦。可见主体：前方一群大象：成年雌象、一头亚成年象和一头幼象，在一棵金合欢树旁的一处尘土周围走动。整个镜头中：越过移动的大象，象群变得清晰；她缩短了距离，奔跑者接近时，象群中的一头成年雌象转过头来。[Shot 3, 00:06.000–00:08.000] 追逐结束时大象与象群在一起的宽阔侧面视角。固定广角摄影机位于膝盖高度；奔跑者进入画面时，象群在画面中就位。整个镜头中：大象放慢为步行，走进象群的圆圈；一头幼象抬起鼻子，她用触碰象鼻的方式问候它，然后象群围拢在她周围。
overall_soundscape: [00:00.000–00:06.000] 有节奏的沉重四拍脚步落地声，在她接近象群时略微增强。其声源是前面已引入的对应主体，置于画面中。它与对应的可见动作同步。 [00:00.000–00:08.000] 高草中平稳温暖的风声，伴随着远处微弱的鸟鸣。其声源是可见的稀树草原空气、草和远处的鸟，被作为环境声源，置于画面中。 [00:03.500–00:08.000] 低沉的大象低鸣声和一声短促的幼象喇叭声，此时象群注意到并接纳了新来者。其声源是前面已引入的对应主体，置于画面中。它与对应的可见动作同步。 [00:06.800–00:07.600] 问候时象鼻轻柔触碰和舒适的低沉隆隆声。其声源是前面已引入的对应主体，置于画面中。它与对应的可见动作同步。
spoken_dialogue: 无。
non_diegetic_music: 无。
hard_constraints: 保留源提示中明确陈述的每个主体、动作、属性、数量、关系、场景、镜头指示和风格约束。",zh,vb-085,vbench,vbench-3f8c7e0a392bd93c,4e60762748dfbdb511ffe0a78850a97646ae41d6ccfbcf1a079fc6e9950bd60d
170,52085,"integrated_multimodal_description: Visual style: Impasto oil-painting style after Vincent van Gogh: visible ridged brushstrokes, short directional marks, expressive curved lines in the water and sky, vivid ultramarine and teal tones with warm yellow and ochre highlights, and a gently textured canvas feel. Setting: A calm stretch of the Seine River in Paris on a breezy late afternoon, viewed from near the riverbank. The Eiffel Tower rises in the distance behind the boat. Duration: 8 seconds. [Shot 1, 00:00.000–00:08.000] Low wide riverside view with the sailboat in the lower third and the Eiffel Tower centered in the background. Slow, steady tracking shot that drifts from left to right, keeping pace with the boat and preserving the tower in the frame. Visible subjects: A small single-masted wooden sailboat with a cream canvas sail, a dark ochre hull, and a low cabin, all painted with bold swirling brushwork. The Eiffel Tower standing on the far bank of the Seine, its iron lattice expressed through short dark energetic strokes against the sky. Throughout the shot: The small sailboat glides unhurriedly from left to right across the Seine, its dark hull rising and dipping over low river swells. From 00:00.600 to 00:04.200: A puff of wind presses the cream sail outward in a rounded arc, then the canvas shivers and loosens as the gust fades. From 00:01.000 to 00:08.000: The Eiffel Tower stands over the far bank, its iron structure softened by swirling blue sky and a warm late-day haze. From 00:01.500 to 00:08.000: A V-shaped wake spreads behind the hull, its curling brushstrokes widening and mingling with the river's blue-green swirls.
overall_soundscape: [00:00.000–00:08.000] Soft rhythmic lapping of water against the wooden hull and a gentle hiss from the widening wake. Its source is the corresponding previously introduced subject, placed on screen. It is synchronized with the corresponding visible action. [00:00.000–00:08.000] Distant gentle breeze moving over the riverbanks and a low continuous wash of river water. Its source is the surrounding environment, placed off screen. [00:00.600–00:04.300] A light canvas flap and a faint wooden creak as the wind fills then releases the sail. Its source is the corresponding previously introduced subject, placed on screen. It is synchronized with the corresponding visible action.
spoken_dialogue: None.
non_diegetic_music: None.
hard_constraints: Preserve every subject, action, attribute, count, relationship, setting, camera instruction, and style constraint explicitly stated in the source prompt.",en,vb-086,vbench,vbench-4ea2009fa82b6058,8f2cefa617943a9264532699de5750386d71cd41da3f38b62707c303a335bfc5
171,52085,"integrated_multimodal_description: 视觉风格：仿文森特·梵高的厚涂油画风格：可见的脊状笔触、短促的方向性笔触、水面和天空中富有表现力的曲线，鲜艳的群青与蓝绿色调，带暖黄色和赭石色高光，并带有轻微纹理的画布质感。场景：巴黎一段平静的 Seine River，在微风轻拂的下午晚些时候，从河岸附近望去。The Eiffel Tower 在船后方的远处耸立。时长：8 seconds。[Shot 1, 00:00.000–00:08.000] 低角度宽阔的河岸视角，帆船位于画面下三分之一处，Eiffel Tower 位于背景中央。缓慢而稳定的跟拍镜头从左向右漂移，与船保持同步，并将塔保留在画面内。可见主体：一艘小型单桅木帆船，配有米白色帆布帆、深赭色船体和低矮的船舱，全部以大胆的旋转笔触绘制。The Eiffel Tower 矗立在塞纳河远岸，其铁质格构以短促、深色、有力的笔触衬托在天空前。整个镜头中：小帆船不慌不忙地从左向右驶过塞纳河，深色船体在低缓的河浪上起伏。从 00:00.600 到 00:04.200：一阵风将米白色帆向外鼓成圆弧形，随后阵风减弱，帆布颤动并松弛下来。从 00:01.000 到 00:08.000：The Eiffel Tower 耸立在远岸上方，其铁质结构被旋转的蓝天和温暖的傍晚薄雾柔化。从 00:01.500 到 00:08.000：V 形尾流在船体后方展开，其卷曲的笔触逐渐变宽，并与河水蓝绿色的旋涡交融。
overall_soundscape: [00:00.000–00:08.000] 水轻柔而有节奏地拍打木质船体，逐渐扩大的尾流发出柔和的嘶嘶声。其声源是先前引入的对应主体，位于画面内；它与对应的可见动作同步。[00:00.000–00:08.000] 远处微风吹过河岸，以及河水低沉而持续的冲刷声。其声源是周围环境，位于画面外。[00:00.600–00:04.300] 当风将帆鼓起后又放开时，有轻微的帆布拍打声和微弱的木头吱嘎声。其声源是先前引入的对应主体，位于画面内；它与对应的可见动作同步。
spoken_dialogue: 无。
non_diegetic_music: 无。
hard_constraints: 保留源提示中明确陈述的每个主体、动作、属性、数量、关系、场景、镜头指令和风格约束。",zh,vb-086,vbench,vbench-4ea2009fa82b6058,3cf47ed59ad2cc6fd8963ce2d24510aa6ae7d7b8af457220531ffcc351b193ea
172,52086,"integrated_multimodal_description: Visual style: Naturalistic, photoreal wildlife-video style. Soft daylight, calm pacing, muted natural colors, no music. Setting: A calm river with a slow current, seen from a low grassy bank. The water is clear near the edge and a few soft reeds and grasses lean over the bank. Duration: 8 seconds. [Shot 1, 00:00.000–00:03.500] Medium-wide side view of the horse on the grassy bank, with the river visible along the lower edge of the frame. Static camera with a very slow push-in toward the horse's head and neck. Visible subjects: A single adult horse with a brown coat and dark mane, standing along the grassy riverbank. From 00:00.000 to 00:00.800: The horse stands still on the grassy bank with its ears pricked and head held up, looking toward the river. From 00:00.800 to 00:03.500: The horse lowers its neck and bends its head down toward the water; its muzzle descends until it hovers just above the river surface. [Shot 2, 00:03.500–00:08.000] Close-up profile of the horse's muzzle, lower jaw, and throat at the waterline, with the river surface filling the lower half of the frame. Locked-off camera at water level, shallow depth of field. From 00:03.500 to 00:05.000: The horse's lips part and its muzzle dips below the waterline, disturbing the surface and sending out small ripples. From 00:05.000 to 00:08.000: The horse drinks in sustained mouthfuls; its throat moves in rhythmic swallows while the water ripples continuously around its submerged muzzle.
overall_soundscape: [00:00.000–00:08.000] Steady gentle river current with soft air moving through riverside grass. Its source is The visible river and grassy bank environment, including the slow-moving water and reeds., placed on screen. It is synchronized with the corresponding visible action. [00:03.500–00:08.000] Quiet splashes and lapping water as the horse drinks, with soft swallowing sounds. Its source is the corresponding previously introduced subject, placed on screen. It is synchronized with the corresponding visible action.
spoken_dialogue: None.
non_diegetic_music: None.
hard_constraints: Preserve every subject, action, attribute, count, relationship, setting, camera instruction, and style constraint explicitly stated in the source prompt.",en,vb-087,vbench,vbench-6eb10f2be7244fc2,9fddd32e4a72d5e96501f43058c8e05cbf7704f2267ecea962c6038024a9ab88
173,52086,"integrated_multimodal_description: 视觉风格：自然主义、照片级真实的野生动物视频风格。柔和日光，平缓节奏，柔和的自然色彩，无音乐。场景：一条水流缓慢的平静河流，从低矮的草岸上望去。近岸处的水清澈，几株柔软的芦苇和青草斜倚在岸上。时长：8 seconds。[Shot 1, 00:00.000–00:03.500] 马在长满草的河岸上的中宽侧面视角，画面下缘可见河流。固定摄影机，非常缓慢地向马的头和颈部推近。可见主体：一匹成年马，棕色皮毛，深色鬃毛，站在长满草的河岸边。从 00:00.000 到 00:00.800：马在长满草的河岸上静止站立，竖起耳朵，昂着头，望向河流。从 00:00.800 到 00:03.500：马低下脖颈，将头俯向水面；其口鼻部下降，直到刚好悬停在河面上方。[Shot 2, 00:03.500–00:08.000] 马的口鼻部、下颌和咽喉在水线处的侧面特写，河面占据画面下半部。摄影机锁定在水面高度，浅景深。从 00:03.500 到 00:05.000：马的双唇分开，口鼻部没入水面以下，扰动水面，泛起细小的涟漪。从 00:05.000 到 00:08.000：马持续大口地喝水；咽喉有节奏地吞咽，水在其浸没的口鼻部周围持续泛起涟漪。
overall_soundscape: [00:00.000–00:08.000] 持续而轻柔的河水水流，伴有柔和空气穿过河边青草的流动声。其声源为可见的河流和长满草的河岸环境，包括缓慢流动的水和芦苇，置于画面中。它与对应的可见动作同步。[00:03.500–00:08.000] 马喝水时安静的水花溅落和轻拍水流声，伴有轻柔的吞咽声。其声源为先前引入的对应主体，置于画面中。它与对应的可见动作同步。
spoken_dialogue: 无。
non_diegetic_music: 无。
hard_constraints: 保留源提示中明确陈述的每一个主体、动作、属性、数量、关系、场景、镜头指令和风格约束。",zh,vb-087,vbench,vbench-6eb10f2be7244fc2,93850f7767cae9e827f7060aee911ed3f3d42e8e6306608b719ef973537ee259
174,52087,"integrated_multimodal_description: Visual style: Cyberpunk sci-fi fantasy, neon blue and magenta palette, rain-soaked night, synthetic anime-influenced visual with volumetric light and glossy metal; no photorealism required. Setting: Rain-covered rooftop of a futuristic Tokyo skyscraper, lined with glowing holo-billboards, steaming vents, and a lone DJ station wired near the parapet. Duration: 8 seconds. [Shot 1, 00:00.000–00:02.500] Wide low-angle shot from behind the DJ station, including the neon skyline and rain-filled air. Slow tilt up from the turntable toward the robot's back and the glowing skyline. Visible subjects: Humanoid robot DJ with matte-black body, chrome joints, cyan eye slits, and closed-back headphones. Industrial DJ turntable with a small attached mixer, glowing faders, and a visible stylus arm. Black vinyl record with faint blue edge reflections, spinning on the turntable platter. Heavy neon-lit rain sheeting across the rooftop, forming rivulets over metal surfaces. Throughout the shot: The robot leans in over the turntable and adjusts a pitch fader on the mixer; rain streams off its shoulders and spatters on the spinning vinyl. [Shot 2, 00:02.500–00:05.500] Over-the-shoulder medium shot centered on the turntable and the robot's hands. Steadicam push-in from the robot's shoulder toward the spinning record. From 00:02.500 to 00:04.200: The vinyl spins steadily, stylus tracing the grooves while raindrops skip off the platter and neon light glides across the record. From 00:04.200 to 00:05.500: The robot's left thumb drags the record edge briefly as the right hand sweeps the crossfader, producing a quick scratch gesture. [Shot 3, 00:05.500–00:08.000] Close-up profile of the robot's faceplate, visor, and raised hand. Slight drift left around the robot's head as the rain continues. From 00:05.500 to 00:06.700: Rain runs down the visor and the robot's cyan eye slits flicker brighter on the beat. From 00:06.700 to 00:08.000: The robot gives a single nodding head motion and raises one hand to its headphone cup, rain sheeting past the close-up.
overall_soundscape: [00:00.000–00:08.000] Torrential rain hammering metal rooftop, water running through drains, muffled city rumble and a faint neon electrical hum. Its source is the corresponding previously introduced subject, placed on screen. [00:00.000–00:08.000] Low electronic hip-hop beat with bass thump and vinyl crackle emanating from the turntable system. Its source is the corresponding previously introduced subject, placed on screen. It is synchronized with the corresponding visible action. [00:04.200–00:05.400] Brief sharp vinyl scratch that cuts through the music as the record is pushed backward. Its source is the corresponding previously introduced subject, placed on screen. It is synchronized with the corresponding visible action.
spoken_dialogue: None.
non_diegetic_music: None.
hard_constraints: Preserve every subject, action, attribute, count, relationship, setting, camera instruction, and style constraint explicitly stated in the source prompt.",en,vb-088,vbench,vbench-759e3ac4ff996902,4ca1f7a9707629ad6a381f3b42e0816b749adac4c9306f6228adeb6c7e0f244e
175,52087,"integrated_multimodal_description:视觉风格：赛博朋克科幻奇幻，霓虹蓝与品红配色，雨浸之夜，合成式受动漫影响的视觉，具有体积光和光泽金属；不需要照片级真实感。场景：未来东京摩天大楼的雨淋屋顶，排列着发光的全息广告牌、冒蒸汽的通风口，以及一个在护墙附近接线的孤零零的DJ台。持续时间：8 seconds。[Shot 1, 00:00.000–00:02.500]从DJ台后方拍摄的广角低角度镜头，包含霓虹天际线和充满雨水的空气。镜头从转盘向机器人的背部和发光天际线缓慢上摇。可见主体：人形机器人DJ，哑光黑色机身、镀铬关节、青色眼缝和封闭式头戴耳机。工业级DJ转盘唱机，带有小型附加混音器、发光推子和可见唱针臂。一张黑色黑胶唱片，边缘有微弱的蓝色反光，正在转盘盘面上旋转。被霓虹灯照亮的大雨如帘幕般扫过屋顶，在金属表面形成细流。在整个镜头中：机器人俯身在转盘上方，调整混音器上的音调推子；雨水从它肩部流下，溅到旋转的黑胶唱片上。
[Shot 2, 00:02.500–00:05.500]过肩中景镜头，以转盘和机器人的双手为中心。斯坦尼康从机器人肩部向旋转唱片推进。从00:02.500到00:04.200：黑胶唱片平稳旋转，唱针循着凹槽移动，雨滴从盘面弹开，霓虹光在唱片上滑过。从00:04.200到00:05.500：机器人的左手拇指短暂拖动唱片边缘，同时右手扫过交叉推子，产生一个快速的搓碟动作。
[Shot 3, 00:05.500–00:08.000]机器人面板、面罩和抬起的手的侧面特写。镜头绕机器人头部轻微向左漂移，雨继续下着。从00:05.500到00:06.700：雨水顺着面罩流下，机器人的青色眼缝随着节拍闪烁得更亮。从00:06.700到00:08.000：机器人做了一个单点头动作，并将一只手举到耳机罩旁，雨水在特写前倾泻而过。
overall_soundscape:[00:00.000–00:08.000]倾盆大雨击打金属屋顶，水流经排水管，沉闷的城市隆隆声和微弱的霓虹电气嗡鸣。其声源是先前引入的对应主体，位于画面中。[00:00.000–00:08.000]从转盘系统发出的低沉电子嘻哈节拍，带有低音重击和黑胶噼啪声。其声源是先前引入的对应主体，位于画面中。它与相应的可见动作同步。[00:04.200–00:05.400]短暂而尖锐的黑胶搓碟声，在唱片被向后推时切入音乐。其声源是先前引入的对应主体，位于画面中。它与相应的可见动作同步。
spoken_dialogue:无。non_diegetic_music:无。hard_constraints:保留源提示中明确陈述的每个主体、动作、属性、数量、关系、场景、镜头指令和风格约束。",zh,vb-088,vbench,vbench-759e3ac4ff996902,3be63563ed8ca8e0d10bf21161dc65ebdfb6ccac357c82b0765027285c16e9b9
176,52088,"integrated_multimodal_description: Visual style: Warm documentary wildlife look, using natural afternoon light and realistic long-lens framing; no visible camera or crew in frame. Setting: An open savanna plain with golden dry grass, a lone umbrella-shaped acacia tree, and a hazy warm skyline. Duration: 8 seconds. [Shot 1, 00:00.000–00:04.000] Wide ground-level tracking framing locked on the running giraffe’s mid-body and legs. Camera glides parallel to the giraffe at a steady speed through the grass, allowing the acacia and waiting herd to appear toward the far edge as the shot ends. Visible subjects: A young adult Masai giraffe with small horn knobs, loping in full stride with dust trailing from its hooves. Three adult Masai giraffes standing together in a loose group near a flat-topped acacia tree, facing the approaching newcomer. From 00:00.000 to 00:03.400: A giraffe gallops in full stride across golden dry grass, neck thrust forward and tail lifted; each pounding hoofbeat sends small puffs of dust into the air. From 00:03.400 to 00:04.000: The running giraffe raises its head higher and flicks its ears forward as it spots the waiting herd beside the lone acacia tree. [Shot 2, 00:04.000–00:08.000] Broad full-body framing of the runner and the waiting herd, then a wider group frame as they gather. Telephoto lens continues following the runner, then gently pulls back and up to encompass all four giraffes as the herd closes around the newcomer. From 00:04.000 to 00:05.200: The three adult giraffes turn their heads in unison, eyes becoming alert and ears swiveling toward the oncoming runner. From 00:05.200 to 00:06.600: The approaching giraffe shortens its long stride, neck rising while it brakes from a gallop into a bouncy canter and then a walk. From 00:06.600 to 00:08.000: The giraffe walks into the loose herd; the older giraffes step aside to make space, heads turn toward the newcomer, and the group settles together beside the acacia.
overall_soundscape: [00:00.000–00:08.000] Steady rustle of dry grass, warm breeze, and very faint distant tropical birds across the entire savanna scene. Its source is The visible savanna environment: dry grass, the acacia tree, warm sky, and open ground, treated as the ambient sound source for wind and vegetation rustle., placed on screen. [00:00.200–00:06.400] Fast rhythmic hoofbeats on packed earth with heavy respiratory huffing, gradually slowing after 5.2 seconds as the runner brakes. Its source is the corresponding previously introduced subject, placed on screen. It is synchronized with the corresponding visible action. [00:06.700–00:07.500] Muffled low grunts and soft bodily shifts as the sand-colored adult giraffes make room and greet the new herd member. Its source is the corresponding previously introduced subject, placed on screen. It is synchronized with the corresponding visible action.
spoken_dialogue: None.
non_diegetic_music: None.
hard_constraints: Preserve every subject, action, attribute, count, relationship, setting, camera instruction, and style constraint explicitly stated in the source prompt.",en,vb-089,vbench,vbench-70dbd6e5587231ad,ad8b91d07ea776928f09ef27b023ae49e4589dacd7a21eed35ac1f1fd4aa8297
177,52088,"integrated_multimodal_description:视觉风格：暖色调的纪实野生动物观感，使用自然的午后光线和拟真长焦镜头构图；画面中不出现可见的摄影机或摄制人员。场景：一片开阔的稀树草原平原，长满金黄色的干草，有一棵孤零零的伞形金合欢树和朦胧温暖的天际线。时长：8 seconds。[Shot 1, 00:00.000–00:04.000]宽幅地面水平跟拍构图锁定在奔跑长颈鹿的中身和腿部。镜头与长颈鹿平行，在草丛中以稳定速度平滑移动，使金合欢树和等待中的鹿群在镜头结束时朝向远端边缘出现。可见主体：一头年轻的成年马赛长颈鹿，长着小角突，正大步奔跑，蹄后拖曳着尘土。三头成年马赛长颈鹿松散地聚在一起，位于一棵平顶金合欢树附近，面朝接近的新来者。从00:00.000到00:03.400：一头长颈鹿全步幅飞驰过金黄色的干草地，颈部前伸、尾巴翘起；每一次沉重的蹄击都会向空中扬起一小团尘土。从00:03.400到00:04.000：奔跑的长颈鹿看到孤立金合欢树旁等待的鹿群，便把头抬得更高，并将耳朵向前抖动。[Shot 2, 00:04.000–00:08.000]对奔跑者和等待中的鹿群进行宽幅全身取景，随后当它们聚拢时采用更宽的群体画面。长焦镜头继续跟拍奔跑者，然后在鹿群围拢新来者时缓缓向后上方拉远，将所有四头长颈鹿纳入画面。从00:04.000到00:05.200：三头成年长颈鹿同时转头，目光变得警觉，耳朵朝向迎面跑来的奔跑者转动。从00:05.200到00:06.600：接近的长颈鹿缩短其长步幅，颈部抬起，同时从疾驰制动减速为弹跳的慢跑，然后变为步行。从00:06.600到00:08.000：长颈鹿走进松散的鹿群；年长的长颈鹿向旁边让出空间，头转向新来者，鹿群一起在金合欢树旁安顿下来。
overall_soundscape:[00:00.000–00:08.000]干草持续沙沙作响，暖风轻拂，非常微弱的远处热带鸟鸣遍布整个稀树草原场景。其声源是可见的稀树草原环境：干草、金合欢树、温暖的天空和开阔的地面，被作为用于风与植被沙沙声的环境声源，置于画面中。[00:00.200–00:06.400]硬实土地上快速的节律性蹄声，伴有沉重的呼吸呼哧声，在5.2 seconds之后随着奔跑者制动而逐渐变慢。其声源是先前引入的对应主体，置于画面中。它与对应的可见动作同步。[00:06.700–00:07.500]低沉发闷的咕噜声和轻柔的身体挪动，伴随着沙色成年长颈鹿腾出空间并迎接新的鹿群成员。其声源是先前引入的对应主体，置于画面中。它与对应的可见动作同步。
spoken_dialogue:无。
non_diegetic_music:无。
hard_constraints:保留源提示中明确陈述的每一个主体、动作、属性、数量、关系、场景、镜头指示和风格约束。",zh,vb-089,vbench,vbench-70dbd6e5587231ad,92a3a46c30367d1b53db83540021de6fd701933e369fdb8b7cf3bc799ba0f609
178,52089,"integrated_multimodal_description: Visual style: Epic cinematic disaster visual with strong vertical scale; cold deep-blue night tones below, amber city glow washing the underside of the smoke; high contrast, dramatic scale, and a faintly textured look like darkened photoreal night footage. Setting: A sprawling city skyline at night, its glowing windows and neon rims visible below. Above the towers broods a huge, rotating tornado made of black-brown smoke, backlit with dull orange light. The air is filled with shifting wind, drifting smoke, and occasional flickers of lightning inside the funnel. Duration: 8 seconds. [Shot 1, 00:00.000–00:08.000] Extreme wide low-angle composition: glowing city skyline along the lower third, the massive smoke tornado filling the upper half of the frame and rotating over the rooftops. Slow forward dolly with a gentle upward tilt, starting above rooftop level and moving closer while the tornado expands in the sky; slight camera tremble during wind gusts. Visible subjects: A colossal tornado composed entirely of dense black-brown smoke; its funnel rotates with ragged streamers, backlit by the glowing city and veined with brief white lightning. A sprawling city skyline at night whose towers glow with warm amber and cool cyan windows, creating soft luminous patches across the dark urban silhouette. From 00:00.000 to 00:02.500: The enormous smoke tornado revolves above the glowing city, pulling faint plumes of smoke and embers into its rotating walls as it churns slowly across the night sky. From 00:02.500 to 00:05.500: A lower cone of smoke extends aggressively toward the tallest tower, bending around its spire; the city's glowing windows flicker in patches as wind blasts push across the rooftops. From 00:05.500 to 00:08.000: The smoke tornado surges sideways, sweeping its ragged base over the upper skyline while lightning flickers inside the funnel and glowing debris trails behind it.
overall_soundscape: [00:00.000–00:08.000] Distant night city ambience: soft street drone, electrical hum, and low wind moving between the glowing towers. Its source is the corresponding previously introduced subject, placed on screen. It is synchronized with the corresponding visible action. [00:00.000–00:08.000] Deep rolling roar of the smoke tornado, growing from a steady rumble into a powerful windstorm shriek and easing slightly near the end. Its source is the corresponding previously introduced subject, placed on screen. It is synchronized with the corresponding visible action. [00:02.500–00:05.500] Sharp gust shriek and a low boom as the smoke cone descends toward the spire, with a faint electrical crackle. Its source is the corresponding previously introduced subject, placed on screen. It is synchronized with the corresponding visible action. [00:05.500–00:08.000] Whistling, sustained whoosh as the funnel rides over the skyline, accompanied by distant tumbling debris sounds. Its source is the corresponding previously introduced subject, placed on screen. It is synchronized with the corresponding visible action.
spoken_dialogue: None.
non_diegetic_music: None.
hard_constraints: Preserve every subject, action, attribute, count, relationship, setting, camera instruction, and style constraint explicitly stated in the source prompt.",en,vb-090,vbench,vbench-20c0a374b2416556,ba5772c33c367917d718ab26310fe74c968ec56f965eecd01755e3822e23b5e1
179,52089,"integrated_multimodal_description:视觉风格：史诗般的电影化灾难视觉，具有强烈的垂直尺度；下方是冷调深蓝夜色，琥珀色的城市辉光冲刷着烟雾的下缘；高对比度、戏剧性的规模，以及一种略带纹理质感的效果，如同变暗的写实夜景素材。场景：夜间一座延绵展开的城市天际线，其发光的窗户和霓虹边缘在下方可见。高塔群上方笼罩着一个由黑褐色烟雾构成的巨大旋转龙卷风，被昏暗的橙色光从背后照亮。空气中充满流动的风、飘散的烟雾，以及漏斗内偶尔闪烁的闪电。持续时间：8 seconds。[Shot 1, 00:00.000–00:08.000]极端广角低角度构图：发光的城市天际线位于画面下三分之一，巨大的烟雾龙卷风充满画面上半部分，并在屋顶上空旋转。缓慢前推的移动镜头配合轻微的上仰，从屋顶高度上方开始，在龙卷风于天空中扩展的同时逐渐靠近；在阵风期间有轻微的镜头抖动。可见主体：一个完全由浓密黑褐色烟雾构成的庞大龙卷风；其漏斗旋转着，带有参差不齐的飘带，被发光的城市背光照射，并交织着短暂的白色闪电脉络。夜间一座延绵展开的城市天际线，其塔楼上暖琥珀色和冷青色的窗户发出光芒，在黑暗的城市剪影上形成柔和的发光斑块。从00:00.000至00:02.500：巨大的烟雾龙卷风在发光城市上空旋转，将淡淡的烟雾和余烬卷进其旋转的壁面，缓慢地在夜空中翻腾移动。从00:02.500至00:05.500：一个较低的烟雾锥体猛烈地伸向最高的塔楼，绕过其塔尖；城市发光的窗户在阵风横扫屋顶时成片闪烁。从00:05.500至00:08.000：烟雾龙卷风侧向猛冲，将其参差不齐的底部扫过上层天际线，同时闪电在漏斗内部闪烁，发光的碎片在它身后拖曳。
overall_soundscape:[00:00.000–00:08.000]远处的夜间城市环境声：柔和的街道低频嗡鸣、电气嗡嗡声，以及在发光塔楼之间流动的低沉风声。其声源是先前引入的对应主体，置于画面内。它与对应的可见动作同步。[00:00.000–00:08.000]烟雾龙卷风深沉翻腾的咆哮，从稳定的隆隆声增强为强烈的风暴尖啸，并在接近结尾时略微减弱。其声源是先前引入的对应主体，置于画面内。它与对应的可见动作同步。[00:02.500–00:05.500]尖锐的阵风尖啸和一声低沉的轰响，伴随烟雾锥体向塔尖下降；同时有微弱的电流噼啪声。其声源是先前引入的对应主体，置于画面内。它与对应的可见动作同步。[00:05.500–00:08.000]当漏斗越过天际线时，发出尖锐而持续的嗖嗖声，并伴有远处翻滚碎片的声响。其声源是先前引入的对应主体，置于画面内。它与对应的可见动作同步。
spoken_dialogue:无。
non_diegetic_music:无。
hard_constraints:保留源提示中明确陈述的每个主体、动作、属性、数量、关系、场景、摄影机指令和风格约束。",zh,vb-090,vbench,vbench-20c0a374b2416556,7ced8ffea92cc6426c0d75a0260eea97a51c473178daf187e9f33d71ba48450f
180,52090,"integrated_multimodal_description: Visual style: Cinematic photorealistic theater interior: cool blue projector wash, warm red exit-light accents, deep shadows, faint haze and dust motes in the projector beam. Setting: An indoor movie theater during a matinee: rows of crimson seats slope down toward a large projection screen, with red EXIT signs, low aisle lights, acoustic panels, and the hum of a projector booth at the back. Duration: 8 seconds. [Shot 1, 00:00.000–00:02.600] Wide one-point-perspective shot from above the rear seats, centered on the glowing screen at the opposite end. Slow, smooth dolly-in down the center aisle toward the screen. Visible subjects: A dim auditorium of an indoor movie theater with crimson seats, carpeted aisles, acoustic wall panels, aisle lights, and glowing red EXIT signs. Large, wall-sized movie screen at the front of the theater, showing a wordless desert-canyon trailer. A scattering of indistinct moviegoer silhouettes seated in the dark rows facing the screen. Throughout the shot: A dim indoor movie theater opens in near darkness. A dusty blue-white projector beam cuts across the air above the crimson seats, and on the large screen a trailer fades in showing a red pickup crossing a desert highway. A few scattered moviegoers sit as silhouettes, while red EXIT signs glow along the side walls. [Shot 2, 00:02.600–00:05.500] Medium close-up from between seats, subject off-center left, with the bright screen visible as a soft blurred band on the right edge. Locked-off, shallow depth of field, with a subtle rack focus from the viewer's face to the popcorn bucket. Visible subjects: A woman in a dark jacket and beanie seated in the third row, holding a striped popcorn bucket on her lap. A large red-and-white striped paper popcorn bucket held by beanie_viewer. From 00:02.600 to 00:04.100: In the third row, the woman in the beanie leans slightly forward, looking toward the glowing screen at frame right. The screen's cool blue light plays across her face as she pulls the striped popcorn bucket closer against her chest. From 00:04.100 to 00:05.500: She lifts a small handful of popcorn to her mouth and chews, briefly looking up at the bright screen; the popcorn bucket rustles softly as her forearm shifts. [Shot 3, 00:05.500–00:08.000] Close-up straight onto the projection screen from a mid-row sight line, with the dark theater rows at the bottom edge. Gentle push-in as the on-screen image gradually brightens and widens. Throughout the shot: The on-screen trailer widens into a slow aerial descend over a red canyon, becoming noticeably brighter. Haze and dust motes in the projection beam become visible in the air just in front of the screen, and the front rows of the theater remain as soft dark shapes at the bottom of the frame.
overall_soundscape: [00:00.000–00:08.000] Low room tone of a movie theater: quiet HVAC air movement, a distant electrical hum from the projector booth, and faint muffled resonance from the large enclosed auditorium. Its source is the surrounding environment, placed off screen. [00:00.000–00:08.000] Room-filling but slightly muffled trailer music from the theater speakers: swelling percussion, low pulses, and soft whooshes that rise and fall with the on-screen images. Its source is the corresponding previously introduced subject, placed on screen. It is synchronized with the corresponding visible action. [00:04.200–00:05.500] Clear popcorn crunching as the viewer chews, with a faint cardboard rustle from the striped bucket as her hand withdraws. Its source is the corresponding previously introduced subject, placed on screen. It is synchronized with the corresponding visible action.
spoken_dialogue: None.
non_diegetic_music: None.
hard_constraints: Preserve every subject, action, attribute, count, relationship, setting, camera instruction, and style constraint explicitly stated in the source prompt.",en,vb-091,vbench,vbench-ca2291bc452e481e,9c6958b387acb538d9e5748f16f14790a68b22e5aa6cbe91ccf1966f24278aef
181,52090,"integrated_multimodal_description: 视觉风格：电影感的照片级真实影院内部：冷蓝色放映机光晕，暖红色出口灯的强调光，深阴影，放映光束中有淡淡的薄雾和尘埃微粒。场景：日场放映时的一家室内影院：一排排深红色座椅向下倾斜，朝向一块大型放映银幕；还有红色 EXIT 标牌、低矮的过道灯、声学面板，以及后部放映室传来的嗡嗡声。时长：8 seconds。[Shot 1, 00:00.000–00:02.600] 从后排座椅上方拍摄的宽幅一点透视镜头，以另一端发光的银幕为中心。镜头沿中央过道缓慢、平滑地向银幕推轨推进。可见主体：室内影院昏暗的观众厅，有深红色座椅、铺地毯的过道、声学墙板、过道灯，以及发光的红色 EXIT 标牌。影院前部有一块整面墙大小的大银幕，正播放一部无对白的沙漠峡谷预告片。昏暗的座位中散坐着一些模糊不清的观众剪影，面朝银幕。整个镜头中：昏暗的室内影院在近乎黑暗中展开。一束带尘的蓝白色放映光束切过深红色座椅上方的空气；大银幕上淡入一段预告片，画面上是一辆红色皮卡驶过沙漠公路。零星几位观众以剪影形式坐着，红色 EXIT 标牌沿侧墙发光。[Shot 2, 00:02.600–00:05.500] 从座位之间拍摄的中近景，主体偏离中心偏左；明亮的银幕在画面右侧边缘可见，形成一条柔和的模糊光带。机位固定，浅景深，焦点从观看者的脸微妙地移到爆米花桶。可见主体：一位身穿深色夹克、头戴针织帽的女士坐在第三排，腿上放着一个条纹爆米花桶。一个由戴针织帽的观看者拿着的红白条纹大纸爆米花桶。从 00:02.600 到 00:04.100: 第三排中，戴针织帽的女士微微前倾，看向画面右侧发光的银幕。银幕的冷蓝色光在她脸上流动；她把条纹爆米花桶拉到胸前更近处。从 00:04.100 到 00:05.500: 她拿起一小把爆米花送入口中咀嚼，短暂地抬头看向明亮的银幕；前臂移动时爆米花桶发出轻柔的沙沙声。[Shot 3, 00:05.500–00:08.000] 从中间一排的视线方向正对银幕的特写，画面底部边缘是黑暗的影院座位。镜头缓缓推近，同时银幕画面逐渐变亮、变宽。整个镜头中：银幕上的预告片画面逐渐变宽，成为一段在红色峡谷上空缓慢下降的航拍镜头，并且明显变得更亮。放映光束中的薄雾和尘埃微粒在银幕正前方的空气中变得可见；影院前排座位在画面底部仍是柔和的暗影。
overall_soundscape: [00:00.000–00:08.000] 影院的低缓空间底噪：安静的 HVAC 空气流动，放映室传来的微弱电气嗡鸣，以及大型封闭观众厅中微弱的闷响共鸣。其声源为周围环境，置于画外。[00:00.000–00:08.000] 从影院扬声器传出的预告片音乐充满影厅但略显闷塞：渐强的打击乐、低频脉冲，以及随银幕画面起伏的柔和嗖嗖声。其声源为前文已引入的对应主体，置于画内。它与该可见动作同步。[00:04.200–00:05.500] 观看者咀嚼时清晰可闻的爆米花嘎吱声，以及她的手收回时条纹纸桶发出的轻微纸板沙沙声。其声源为前文已引入的对应主体，置于画内。它与该可见动作同步。
spoken_dialogue: 无。
non_diegetic_music: 无。
hard_constraints: 保留源提示中明确陈述的每个主体、动作、属性、数量、关系、场景、镜头指令和风格约束。",zh,vb-091,vbench,vbench-ca2291bc452e481e,f55a8dff3736a3d32061aa0c537dcc67ac6b71b7f0fd7d90936c08bf82890df9
182,52091,"integrated_multimodal_description: Visual style: Naturalistic wildlife footage bathed in warm golden-hour light, with realistic horse anatomy, dust, and grassland texture. Setting: A vast dry grassland with low rises and sagebrush hills at sunset; a six-horse herd grazes on a far rise while the approaching horse crosses the open ground. Duration: 8 seconds. [Shot 1, 00:00.000–00:02.800] Close-to-medium side view, framing the chestnut horse's chest, shoulder, stretched neck, mane, and kicking hooves; grass blurs through the foreground. Ground-level tracking shot moving parallel with the horse at the same speed, keeping the body centered in frame. Visible subjects: Chestnut horse with a broad pale blaze, dark legs, and a long black tail, running alone across the grass. Throughout the shot: The chestnut horse gallops across open ground at full stride: front legs reaching, hind legs driving, tail streaming level behind, ears pricked forward. Dry grass and dust flick up near each hoof. [Shot 2, 00:02.800–00:05.600] High wide vista from behind and above the horse: the lone chestnut is in the lower third, the herd and the rise sit in the middle distance, and the whole skyline is visible. Static aerial-style shot looking down the plain, with the landscape filling the width of the frame. Visible subjects: Six-horse herd with brown, black, gray, and cream coats, gathered on the far rise. Dark bay horse with a thick dark mane, standing at the head of the six-horse herd. Throughout the shot: From the rear aerial view, the chestnut horse runs up the middle of the grassland while the six-horse herd grazes on the far rise. As the gap shrinks to a few horse-lengths, several horses throw up their heads and the lead dark bay swings its neck around toward the newcomer. [Shot 3, 00:05.600–00:08.000] Medium-wide ground-level shot placed beside the herd, keeping the arriving chestnut and the loose band in frame. Static low camera set slightly to one side of the point where the chestnut horse meets the herd. From 00:05.600 to 00:07.000: The chestnut horse shortens from a gallop to a canter as it reaches the outer edge of the herd. The lead dark bay turns its head and nickers, ears briefly cupped forward. From 00:07.000 to 00:08.000: The lead dark bay lunges to the left and the entire six-horse band pours into a smooth canter. The chestnut horse drops in beside the gray-coated rear horse, and all of them move together across the grassland.
overall_soundscape: [00:00.000–00:02.800] Rapid three-beat gallop hoofbeats with the horse's heavy rhythmic breathing; each stride ends in muffled thuds on packed dirt. Its source is the corresponding previously introduced subject, placed on screen. It is synchronized with the corresponding visible action. [00:00.000–00:08.000] A steady dry breeze over the grassland, with soft rustling of grass and a faint wide-open sky tone. Its source is the surrounding environment, placed off screen. [00:02.800–00:05.600] Galloping hoofbeats from farther away, ringing crisply across the open grassland as the horse angles toward the herd. Its source is the corresponding previously introduced subject, placed on screen. It is synchronized with the corresponding visible action. [00:03.400–00:04.800] Short snorts and soft ground shuffles from the horses as they lift their heads and turn toward the approaching chestnut. Its source is the corresponding previously introduced subject, placed on screen. It is synchronized with the corresponding visible action. [00:06.100–00:06.700] A short, rising nicker cuts through the breeze as the lead horse turns toward the arriving chestnut. Its source is the corresponding previously introduced subject, placed on screen. It is synchronized with the corresponding visible action. [00:07.000–00:08.000] A wave of grouped canter strides, dusty hoof impacts, and swishing grass as all six horses move off together. Its source is the corresponding previously introduced subject, placed on screen. It is synchronized with the corresponding visible action.
spoken_dialogue: None.
non_diegetic_music: None.
hard_constraints: Preserve every subject, action, attribute, count, relationship, setting, camera instruction, and style constraint explicitly stated in the source prompt.",en,vb-092,vbench,vbench-c6a6329a6b86109e,eba25f85e7e19ac766e9699c542532bd3718da61d6d3210debc7b777e89aae67
183,52091,"integrated_multimodal_description: 视觉风格：自然主义野生动物影像，沐浴在温暖的金色时刻光线中，具有写实的马匹解剖结构、尘土和草地质感。场景：日落时分，一片广阔的干燥草原，有低矮丘岗和长满山艾的丘陵；六匹马的马群在远处的高地上吃草，而正在接近的马穿过开阔地。时长：8 seconds。[Shot 1, 00:00.000–00:02.800] 中近景侧面视角，画面框住栗色马的胸部、肩部、伸展的颈部、鬃毛和蹬踏的蹄子；草在前景中模糊。贴地跟踪镜头与马同速平行移动，使马身保持在画面中央。可见主体：一匹栗色马，面部有宽阔的浅色白章，深色腿部，黑色长尾，正独自在草地上奔跑。整个镜头中：栗色马以全步幅奔驰穿过开阔地：前腿前伸，后腿蹬地，尾巴在身后水平飘动，双耳向前竖起。干草和尘土在每只蹄子旁溅起。[Shot 2, 00:02.800–00:05.600] 从马匹后上方的高位开阔远景：孤零零的栗色马位于画面下三分之一处，马群和那道隆起位于中景，整个天际线可见。静态航拍式镜头向下俯视平原，景色横贯画面宽度。可见主体：毛色为棕色、黑色、灰色和奶油色的六匹马的马群聚集在远处的高地上。一匹深枣红马长着浓密的深色鬃毛，站在六匹马的马群前头。整个镜头中：从后方航拍视角，栗色马沿着草原中部奔跑，六匹马的马群在远处的高地上吃草。当距离缩短到只有几个马身长时，几匹马猛地抬起头，领头的深枣红马把脖子转向新来者。[Shot 3, 00:05.600–00:08.000] 中宽贴地镜头位于马群旁，将到达的栗色马和松散的马群保持在画面内。静态低角度摄影机设在栗色马与马群相遇点略偏一侧。从 00:05.600 到 00:07.000：栗色马在到达马群外缘时收短步伐，从奔跑变为慢跑。领头的深枣红马转过头，发出低声嘶鸣，双耳短暂地前倾聚拢。从 00:07.000 到 00:08.000：领头的深枣红马向左猛冲，整个六匹马的马群流畅地转入慢跑。栗色马插到灰色被毛的殿后马身旁，随后所有马一起穿过草原。
overall_soundscape: [00:00.000–00:02.800] 急促的三节拍奔跑蹄声，伴随马匹沉重而有节奏的呼吸；每一步都在压实的泥土上以沉闷的撞击声结束。其声源为先前相应引入的主体，置于画面内。它与相应的可见动作同步。[00:00.000–00:08.000] 草原上持续而干燥的微风，伴有轻柔的草叶沙沙声和微弱的开阔天空音调。其声源为周围环境，置于画面外。[00:02.800–00:05.600] 更远处传来的奔跑蹄声，在马匹斜向马群时清脆地响彻开阔的草原。其声源为先前相应引入的主体，置于画面内。它与相应的可见动作同步。[00:03.400–00:04.800] 马匹抬起头转向接近的栗色马时，发出短促的喷鼻声和轻柔的地面蹭步声。其声源为先前相应引入的主体，置于画面内。它与相应的可见动作同步。[00:06.100–00:06.700] 领头马转向到来的栗色马时，一声短促、上扬的低声嘶鸣穿过微风。其声源为先前相应引入的主体，置于画面内。它与相应的可见动作同步。[00:07.000–00:08.000] 当六匹马一起出发时，传来一阵齐整的慢跑步伐、带尘土的蹄击声和刷刷的草叶声。其声源为先前相应引入的主体，置于画面内。它与相应的可见动作同步。
spoken_dialogue: 无。
non_diegetic_music: 无。
hard_constraints: 保留源提示中明确陈述的每个主体、动作、属性、数量、关系、场景、镜头指令和风格约束。",zh,vb-092,vbench,vbench-c6a6329a6b86109e,9b0f3d0f167536c3033fd2016539de85eab6772d15272df59f2ba8d17e8dbd92
184,52092,"integrated_multimodal_description: Visual style: Photorealistic documentary NASA launch footage with bright early-morning light, dramatic scale, high-contrast engine flare, and volumetric smoke. Setting: Kennedy Space Center Launch Complex 39A in early morning: the complete space shuttle stack stands upright on the pad beside a fixed service tower, ready to climb into a clear blue sky. Duration: 8 seconds. [Shot 1, 00:00.000–00:08.000] Low-angle wide shot from a remote pad camera; the full shuttle stack and service tower fill the lower frame at ignition, then the shuttle stays centered as the camera tilts upward and the smoke plume drops below. Fixed pedestal launch camera with gentle vibration at ignition, then a smooth upward tilt that keeps the rising shuttle in frame. Visible subjects: Full space shuttle stack: winged orbiter, orange external tank, and twin white solid rocket boosters, positioned vertically on the launch pad and climbing after liftoff. Blazing blue-white and orange exhaust flares from the shuttle's three main engines and two solid rocket boosters. Dense billowing plume of pale smoke, dust, and pad-deluge steam that spreads outward from the flame trench and the engine exhaust. Tall fixed service tower with a retractable arm beside the launch pad, visible as the shuttle lifts away. From 00:00.000 to 00:01.600: The shuttle remains on the pad while its main engines and solid rocket boosters ignite, sending intense blue-white and orange flares into the flame trench as steam and smoke begin billowing sideways beneath the engines. From 00:01.600 to 00:03.800: The shuttle stack lifts off and clears the service tower; twin exhaust columns stream downward with bright engine flames, while thick smoke rolls outward across the concrete pad. From 00:03.800 to 00:06.000: The shuttle accelerates upward, tilting slightly along its launch trajectory, with the massive billowing smoke plume spreading below and heat shimmer distorting the lower sky. From 00:06.000 to 00:08.000: The shuttle becomes steadily smaller as it climbs into brilliant upper sky, still trailed by bright engine exhaust and a thin dissolving smoke column, visibly heading toward orbit.
overall_soundscape: [00:00.000–00:01.600] Deep low-frequency rumble as the engine flares ignite, layered with the hiss of deluge water turning to steam. Its source is the corresponding previously introduced subject, placed on screen. It is synchronized with the corresponding visible action. [00:01.600–00:03.800] Crackling, roaring blast from the solid rocket boosters and a rolling wall of smoke and steam across the pad. Its source is the corresponding previously introduced subject, placed on screen. It is synchronized with the corresponding visible action. [00:03.800–00:08.000] Continuous powerful rocket roar that slowly thins and recedes as the shuttle climbs higher into the sky. Its source is the corresponding previously introduced subject, placed on screen. It is synchronized with the corresponding visible action.
spoken_dialogue: None.
non_diegetic_music: None.
hard_constraints: Preserve every subject, action, attribute, count, relationship, setting, camera instruction, and style constraint explicitly stated in the source prompt.",en,vb-093,vbench,vbench-99aae046162c7ec1,8701b4341fc5003e33d0fac0deb79e399a174318c0b1a7247d7c9bfe88c2aa77
185,52092,"integrated_multimodal_description: 视觉风格：照片级写实的纪录片式NASA发射影像，带有明亮的清晨光线、戏剧性的规模、高对比度的发动机喷焰和体积烟雾。场景：Kennedy Space Center Launch Complex 39A 在清晨：完整的航天飞机组合体垂直矗立在发射台上，旁边是一座固定服务塔，准备升入清澈的蓝天。时长：8 seconds。[Shot 1, 00:00.000–00:08.000] 来自远程发射台摄影机的低角度广角镜头；点火时，完整的航天飞机组合体和服务塔占据画面下部，随后航天飞机保持居中，摄影机向上倾斜，烟雾柱降到下方。固定基座发射摄影机在点火时有轻微震动，然后平滑向上倾斜，使上升中的航天飞机保持在画面中。可见主体：完整的航天飞机组合体：带翼轨道器、橙色外部燃料箱和两台白色固体火箭助推器，垂直位于发射台上并在升空后爬升。炽热的蓝白色和橙色排气火焰来自航天飞机的三台主发动机和两台固体火箭助推器。浅色烟雾、尘埃和发射台水幕蒸汽形成的浓密翻腾羽流，从火焰导流槽和发动机排气中向外扩散。高大的固定服务塔带有可伸缩臂，位于发射台旁，在航天飞机升离时可见。从00:00.000到00:01.600：航天飞机仍停留在发射台上，其主发动机和固体火箭助推器点火，将强烈的蓝白色和橙色火焰送入火焰导流槽，同时蒸汽和烟雾开始在发动机下方侧向翻涌。从00:01.600到00:03.800：航天飞机组合体升空并越过服务塔；两股排气柱向下奔涌，带有明亮的发动机火焰，浓烟在混凝土发射台上向外翻滚。从00:03.800到00:06.000：航天飞机加速上升，沿发射轨迹略微倾斜，巨大的翻腾烟雾羽流在下方扩散，热浪闪烁使低空扭曲。从00:06.000到00:08.000：航天飞机在爬入明亮高空时逐渐变小，身后仍拖着明亮的发动机废气和一缕正在消散的细烟柱，明显正朝轨道飞去。
overall_soundscape: [00:00.000–00:01.600] 深沉的低频轰鸣声随着发动机喷焰点燃而响起，叠加上水幕水变成蒸汽的嘶嘶声。其声源是先前引入的对应主体，位于画面中。它与对应的可见动作同步。[00:01.600–00:03.800] 来自固体火箭助推器的噼啪作响、咆哮般的爆裂声，以及一道翻滚的烟雾和蒸汽墙涌过发射台。其声源是先前引入的对应主体，位于画面中。它与对应的可见动作同步。[00:03.800–00:08.000] 持续而强大的火箭轰鸣声，随着航天飞机升入更高的天空而逐渐变弱并退远。其声源是先前引入的对应主体，位于画面中。它与对应的可见动作同步。
spoken_dialogue: 无。
non_diegetic_music: 无。
hard_constraints: 保留源提示中明确陈述的每个主体、动作、属性、数量、关系、场景、摄影机指示和风格约束。",zh,vb-093,vbench,vbench-99aae046162c7ec1,006bf67f5e373dcefc232c38ac444c37b8a372b65c2be55425f1a82d70e279c4
186,52093,"integrated_multimodal_description: Visual style: Macro slow-motion footage with warm, low-key lighting; cropped close framing; shallow depth of field; tactile surfaces and slow, gentle motion. Setting: A dim, quiet coffee roastery. A rough wooden tabletop holds the empty ceramic bowl in a narrow pool of warm light; the dark background melts into indistinct bokeh. Duration: 8 seconds. [Shot 1, 00:00.000–00:08.000] Cropped macro close-up: the bowl sits in the lower part of the frame, its empty interior and near rim sharply focused; beans enter from above the frame edge; the background falls into soft dark bokeh. Static macro camera angled downward toward the bowl opening, with very shallow depth of field; all motion is rendered in high-frame-rate slow motion and played back at 24 fps. Visible subjects: Small, dark-glazed ceramic bowl with a matte lip, sitting empty at the beginning of the shot. Glossy medium-dark roasted coffee beans with subtle creases and oily highlights, appearing one at a time or in pairs. From 00:00.000 to 00:01.100: The empty ceramic bowl dominates the lower part of the frame; a warm curved highlight sweeps along its inner glaze, and its rim is sharply etched. From 00:01.100 to 00:02.300: A single roasted coffee bean enters from the top edge, turning end over end; its oily crease catches the light as it drops toward the bowl. From 00:02.300 to 00:03.200: The bean lands off-center in the bowl, pops into a small rebound, and comes to rest with its crease facing up. From 00:03.200 to 00:04.400: Two more beans tumble in, one descending steeply into the bowl and the other passing on a longer arc near the far rim. From 00:04.400 to 00:05.600: The steeper bean lands beside the first and nudges it; the second clips the rim in a slow spin, then settles against the cluster. From 00:05.600 to 00:06.700: Three beans now rest together in a small loose cluster on the mostly bare ceramic. One bean gives a tiny, slow wobble before stopping. From 00:06.700 to 00:08.000: A fourth and final bean falls from the upper left, lands on the outside edge of the cluster, and rolls gently into the last bare spot of the bowl.
overall_soundscape: [00:00.000–00:08.000] Low, warm room tone with a faint distant hiss from an unseen roastery machine; constant throughout. Its source is the surrounding environment, placed off screen. [00:02.300–00:02.800] Deep, softened clack of the first bean striking the ceramic bowl, with a low resonant ring that lingers. Its source is the corresponding previously introduced subject, placed on screen. It is synchronized with the corresponding visible action. [00:04.400–00:05.000] Two dry taps in slow motion: the steeper bean meeting the bowl, then the second bean clipping the rim with a slightly brighter tink. Its source is the corresponding previously introduced subject, placed on screen. It is synchronized with the corresponding visible action. [00:07.400–00:07.900] Very soft, low-pitched patter of the last bean rolling against the others and settling into place. Its source is the corresponding previously introduced subject, placed on screen. It is synchronized with the corresponding visible action.
spoken_dialogue: None.
non_diegetic_music: None.
hard_constraints: Preserve every subject, action, attribute, count, relationship, setting, camera instruction, and style constraint explicitly stated in the source prompt.",en,vb-094,vbench,vbench-36694ea2c727e66a,b83bc9b56a0b14f264a99b9d15ba57e00eff869f2b4dfea3f8d9cba786571c91
187,52093,"integrated_multimodal_description: 视觉风格：微距慢动作镜头，暖调、低调照明；裁切紧凑的近距离构图；浅景深；有触感的表面和缓慢、轻柔的动作。场景：一间昏暗、安静的咖啡烘焙坊。一张粗糙的木桌面上，空陶瓷碗置于一小片暖光中；黑暗背景融化进模糊的散景。时长：8 seconds。[Shot 1, 00:00.000–00:08.000] 裁切的微距特写：碗位于画面下半部分，其空荡的内部和近侧碗沿清晰对焦；咖啡豆从画面上边缘进入；背景落入柔和暗色散景。静态微距相机倾斜向下对准碗口，景深极浅；所有动作均以高帧率慢动作渲染，并以 24 fps 回放。可见主体：一只深色釉面小陶瓷碗，碗沿哑光，在镜头开始时为空置状态。有光泽的中深烘焙咖啡豆，带有细微褶皱和油亮高光，一粒一粒或成对出现。从 00:00.000 到 00:01.100：空陶瓷碗占据画面下半部分；一道温暖的弧形高光沿其内部釉面扫过，碗沿被锐利勾勒。从 00:01.100 到 00:02.300：一颗烘焙咖啡豆从顶部边缘进入，翻滚着坠落；其油亮的褶皱在落向碗中时捕捉到光线。从 00:02.300 到 00:03.200：咖啡豆落在碗内偏离中心的位置，弹起一次小的回弹，然后皱褶朝上静止下来。从 00:03.200 到 00:04.400：另外两颗咖啡豆翻滚落入，一颗陡直落入碗中，另一颗沿较长弧线经过远侧碗沿附近。从 00:04.400 到 00:05.600：较陡的那颗落在第一颗旁边并轻推它；第二颗在缓慢旋转中擦过碗沿，然后贴着豆堆落定。从 00:05.600 到 00:06.700：现在三颗咖啡豆松松地聚成一小堆，放在大部分裸露的陶瓷面上。其中一颗豆子在停止之前轻微而缓慢地晃动了一下。从 00:06.700 到 00:08.000：第四颗也是最后一颗咖啡豆从左上角落下，落在豆堆外侧边缘，并轻轻滚入碗中最后一块空白处。
overall_soundscape: [00:00.000–00:08.000] 低沉、温暖的室内环境声，伴有来自一台看不见的烘焙机的微弱而遥远的嘶嘶声；贯穿始终。其声源是周围环境，位于画面外。[00:02.300–00:02.800] 第一颗咖啡豆撞击陶瓷碗发出的深沉而柔和的咔嗒声，并带有持续的低沉共鸣声。其声源是之前介绍的相应主体，位于画面内。它与相应的可见动作同步。[00:04.400–00:05.000] 慢动作中的两声干涩敲击：较陡的咖啡豆撞到碗上，然后第二颗擦过碗沿，发出略为清亮的叮当声。其声源是之前介绍的相应主体，位于画面内。它与相应的可见动作同步。[00:07.400–00:07.900] 最后一颗咖啡豆滚动着碰到其他豆子并落定时发出的非常轻柔、低音调的啪嗒声。其声源是之前介绍的相应主体，位于画面内。它与相应的可见动作同步。
spoken_dialogue: 无。
non_diegetic_music: 无。
hard_constraints: 保留源提示中明确陈述的每一个主体、动作、属性、数量、关系、场景、镜头指令和风格约束。",zh,vb-094,vbench,vbench-36694ea2c727e66a,adf56d0906bc8e5cf24744bb4fee5e33460b28760430ede21cbc569d795ac09a
188,52094,"integrated_multimodal_description: Visual style: Naturalistic wildlife observation in clear daylight; realistic zebra movement, water ripples, and gentle river sounds. Setting: A calm river flowing between grassy banks under warm open daylight. Duration: 8 seconds. [Shot 1, 00:00.000–00:08.000] Medium-wide side view of the zebra from nose to shoulder, with the riverbank and water surface visible in the lower frame. Low static camera near the riverbank, holding a steady view of the zebra and water. Visible subjects: A single adult zebra standing at the river's edge, lowering its head to drink. A shallow, slow-moving river visible at the near edge of the frame. From 00:00.000 to 00:04.000: The zebra bends its head and neck downward toward the river, its dark-and-white stripes catching the sunlight as the muzzle nears the calm water surface. From 00:04.000 to 00:08.000: The zebra's muzzle enters the river, creating small ripples; it rhythmically draws water and swallows while the current flows softly around its mouth.
overall_soundscape: [00:00.000–00:08.000] Soft, continuous river current with gentle gurgling along the bank. Its source is the corresponding previously introduced subject, placed on screen. It is synchronized with the corresponding visible action. [00:04.000–00:08.000] Quiet rhythmic sipping and swallowing sounds as the zebra drinks from the river. Its source is the corresponding previously introduced subject, placed on screen. It is synchronized with the corresponding visible action.
spoken_dialogue: None.
non_diegetic_music: None.
hard_constraints: Preserve every subject, action, attribute, count, relationship, setting, camera instruction, and style constraint explicitly stated in the source prompt.",en,vb-095,vbench,vbench-a4a23ff1d0e38418,9382e5197ce060cf3c0e4a395149c396eed8d65bff4bc2d47f233b2842b21ef9
189,52094,"integrated_multimodal_description: 视觉风格：晴朗日光下的自然主义野生动物观察；逼真的斑马动作、水纹和轻柔的河流声。场景：一条平静的河流在长满草的河岸之间流淌，处于温暖开阔的日光下。时长：8 seconds。[Shot 1, 00:00.000–00:08.000] 以中宽侧面视角展示斑马从鼻子到肩部，画面下部可见河岸和水面。低位静态摄影机贴近河岸，稳定地取景斑马和水面。可见主体：一匹成年斑马站在河边，低头饮水。一条浅而缓慢流动的河流在画面近缘可见。从 00:00.000 到 00:04.000：斑马将头和脖子向下弯向河流，其黑白条纹在阳光下闪烁，口鼻部接近平静的水面。从 00:04.000 到 00:08.000：斑马的口鼻部伸入河中，泛起细小的涟漪；它节奏性地汲水并吞咽，水流在它嘴周围轻轻流过。
overall_soundscape: [00:00.000–00:08.000] 轻柔而持续的河水流淌声，伴有沿河岸的轻微汩汩声。其声源是先前引入的相应主体，位于画面中。它与相应的可见动作同步。[00:04.000–00:08.000] 斑马在河中饮水时发出的安静而有节奏的啜饮和吞咽声。其声源是先前引入的相应主体，位于画面中。它与相应的可见动作同步。
spoken_dialogue: 无。
non_diegetic_music: 无。
hard_constraints: 保留源提示中明确陈述的每一个主体、动作、属性、数量、关系、场景、镜头指令和风格限制。",zh,vb-095,vbench,vbench-a4a23ff1d0e38418,f98a534b7a78e61e5122b4e5fa9fc222b7e43da9af8b27c4064fa5264da62ef1
190,52095,"integrated_multimodal_description: Visual style: Clean high-key 3D render with stylized white-paper origami figures, crisp polygonal fold planes, subtle paper-grain texture, cool rim light tracing sharp folded edges, and soft studio shadows that keep the white bodies visible on the white cyclorama. Setting: Minimal white cyclorama studio: a seamless white wall curves into a white floor, with a broad faint contact shadow under each dancer; high-key soft key light arrives from camera right and a cooler fill light from camera left. Duration: 8 seconds. [Shot 1, 00:00.000–00:08.000] Wide full-body studio shot showing both origami dancers unobstructed on the white seamless floor, with generous empty white space around them. Locked-off eye-level camera on a tripod, sharp focus throughout, preserving the clean studio-shot composition. Visible subjects: Origami dancer figure made of white paper, taller and more elongated, with a narrow folded torso, angular limbs, and a polygonal head; rendered as a 3D paper object. Origami dancer figure made of white paper, slightly shorter and more compact, with broad folded shoulders and long jointed arms; rendered as a 3D paper object. From 00:00.000 to 00:02.000: Origami Dancer A unfolds from a low crouch, torquing its torso as one paper arm coils outward and upward; Origami Dancer B holds a wide, off-balance stand nearby, folded facets catching the rim light. From 00:02.000 to 00:04.000: Origami Dancer A pivots on one foot and collapses into a low knee-fall with one arm trailing; Origami Dancer B lunges diagonally past the falling form, slicing an arm forward, then checks mid-step. From 00:04.000 to 00:06.000: Origami Dancer B catches Origami Dancer A by the hand and pulls it upright; the paired figures pivot around each other, crossing their legs and stretching their opposite arms into wide diagonal lines. From 00:06.000 to 00:08.000: Origami Dancer A releases the hand, ducks low under Origami Dancer B's raised arm, and both settle into sharp angular counterposed poses, their folded limbs pointing in opposite diagonal directions.
overall_soundscape: [00:00.200–00:01.800] Dry paper-fiber creak and soft rustle as Origami Dancer A's folded limbs slide outward into the rising spiral. Its source is the corresponding previously introduced subject, placed on screen. It is synchronized with the corresponding visible action. [00:02.200–00:03.800] Crisp paper rustle and a light studio-floor tap as Origami Dancer B slices its arm forward and shifts weight into the lunge. Its source is the corresponding previously introduced subject, placed on screen. It is synchronized with the corresponding visible action.
spoken_dialogue: None.
non_diegetic_music: [00:00.000–00:08.000] Sparse minimalist piano score in a slow contemporary-dance meter, soft long notes supporting the dancers' modern choreography. This music is non-diegetic.
hard_constraints: Preserve every subject, action, attribute, count, relationship, setting, camera instruction, and style constraint explicitly stated in the source prompt.",en,vb-096,vbench,vbench-d88fbe6152f6f839,c13c8e531f236c9f2487e4cf71204550b1d066bc215d8ec1407e89a3883daedf
191,52095,"integrated_multimodal_description: 视觉风格：干净的高调 3D 渲染，带有风格化的白纸折纸人物、利落的多边形折面、细微的纸纹肌理、勾勒锐利折边的冷色轮廓光，以及柔和的影棚阴影，使白色形体在白色环形幕上保持可见。场景：极简的白色环形幕影棚：无缝白色墙面弯入白色地板，每个舞者下方有一片宽阔浅淡的接触阴影；高调柔和主光从摄影机右侧来，较冷补光从摄影机左侧来。时长：8 seconds。[Shot 1, 00:00.000–00:08.000] 全景全身影棚镜头，展示两位折纸舞者无遮挡地站在白色无缝地板上，周围留有大量的空白。三脚架上锁定机位的平视摄影机，全程焦点清晰，保持干净的棚拍构图。可见主体：一个由白纸制成的折纸舞者形象，更高、更修长，窄长的折叠躯干、棱角分明的四肢、多边形头部；渲染为 3D 纸艺物体。一个由白纸制成的折纸舞者形象，略矮、更紧凑，宽阔的折叠肩膀和带关节的长臂；渲染为 3D 纸艺物体。从 00:00.000 到 00:02.000：Origami Dancer A 从低蹲姿态中展开，扭转躯干，一只纸臂向外向上盘绕伸出；Origami Dancer B 在附近保持宽阔失衡的站姿，折叠切面捕捉着轮廓光。从 00:02.000 到 00:04.000：Origami Dancer A 以单脚为轴转动，随之塌落成低姿屈膝跪跌，一臂拖在身后；Origami Dancer B 斜向箭步越过正在倒下的身形，将手臂向前切出，随即在迈步中途停住。从 00:04.000 到 00:06.000：Origami Dancer B 接住 Origami Dancer A 的手，将它拉直起身；这两个配对的身影彼此环绕旋转，交叉双腿，将各自的对侧手臂伸展成宽阔的对角线。从 00:06.000 到 00:08.000：Origami Dancer A 松开手，低身钻过 Origami Dancer B 抬起的臂下，随后双方定格成锐利而有棱角的对置姿态，折叠的四肢指向相反的对角方向。
overall_soundscape: [00:00.200–00:01.800] 干燥的纸纤维吱嘎声与轻柔沙沙声，同时 Origami Dancer A 的折叠四肢向外滑动，进入上升的螺旋。其声源为画面中先前已引入的对应主体，并与相应的可见动作同步。[00:02.200–00:03.800] 清脆的纸张沙沙声和一声轻微的影棚地板踏击声，同时 Origami Dancer B 将手臂向前切出，并将重心移入弓步。其声源为画面中先前已引入的对应主体，并与相应的可见动作同步。
spoken_dialogue: 无。
non_diegetic_music: [00:00.000–00:08.000] 稀疏的极简钢琴配乐，采用缓慢的当代舞蹈节拍，柔和绵长的音符支撑着舞者的现代编舞。此音乐为非剧情内音乐。
hard_constraints: 保留源提示中明确陈述的每个主体、动作、属性、数量、关系、场景、摄影机指令和风格约束。",zh,vb-096,vbench,vbench-d88fbe6152f6f839,a258e32bd51f8c096e802771ede8bf1b529950487f0f2b72688e21ce602cc2ad
192,52096,"integrated_multimodal_description: Visual style: Serene, photorealistic cinematic style with a calm, meditative atmosphere; warm desert light, pale golden sand, cool turquoise water, and gently moving green palm fronds. Setting: A vast desert of rolling golden dunes; nestled in a shallow dip between dune ridges is a small oasis with a clear turquoise pool, fringed by reeds and grasses and shaded by tall palms. Duration: 8 seconds. [Shot 1, 00:00.000–00:08.000] Locked wide still frame with the oasis centered below the horizon, dunes flanking the pool, and tall palm fronds visible along the upper left and upper right edges. Static camera: no pan, tilt, push-in, or any camera movement; the composition remains exactly as in a still frame. Visible subjects: Vast desert of pale golden sand dunes that enclose the oasis on three sides and recede to a soft, hazy horizon. Small, tranquil pool of clear turquoise water fringed with low green reeds and grasses, nestled among the dunes. Cluster of tall date palms with slender trunks and full green fronds that arch over the water. Throughout the shot: A gentle breeze crosses the still-frame oasis from left to right: the tall palms' fronds sway slowly, their shadows drift over the turquoise water, expanding ripples spread from beneath the palms and lap at the reedy edge, then the motion softens and the water settles back toward calm.
overall_soundscape: [00:00.000–00:08.000] Very low, steady desert wind with faint dry sand movement and no harsh gusts. Its source is the corresponding previously introduced subject, placed on screen. It is synchronized with the corresponding visible action. [00:00.500–00:07.500] Soft rhythmic rustling of broad palm fronds stirred by the breeze. Its source is the corresponding previously introduced subject, placed on screen. It is synchronized with the corresponding visible action. [00:01.000–00:07.200] Gentle liquid plinks and quiet lapping as concentric ripples meet the grass-lined shore. Its source is the corresponding previously introduced subject, placed on screen. It is synchronized with the corresponding visible action.
spoken_dialogue: None.
non_diegetic_music: None.
hard_constraints: Preserve every subject, action, attribute, count, relationship, setting, camera instruction, and style constraint explicitly stated in the source prompt.",en,vb-097,vbench,vbench-3475f1d85df75be5,fdb334d0241747ea89f6b2e4764c585051c5c822b9086f9b1c5c4cfe9138f1e2
193,52096,"integrated_multimodal_description: 视觉风格：宁静、照片级写实的电影风格，带有平静、冥想般的氛围；温暖的沙漠光线、淡金色的沙地、清凉的碧绿池水，以及轻轻摇曳的绿色棕榈叶。场景设置：一片由连绵金色沙丘构成的广阔沙漠；在沙丘脊线之间的浅洼处，有一小片绿洲，其中有一汪清澈的碧绿池水，边缘长满芦苇和草丛，并被高大的棕榈树遮蔽。时长：8 seconds。[Shot 1, 00:00.000–00:08.000] 锁定的广角静止画面，绿洲在地平线下方居中，沙丘位于池水两侧，高大棕榈叶沿左上边缘和右上边缘可见。静态摄影机：无平摇、俯仰、推进或任何摄影机运动；构图与静帧完全相同。可见主体：广阔的淡金色沙丘沙漠，从三面环绕绿洲，并向柔和朦胧的地平线延伸。一小片宁静清澈的碧绿池水，边缘有低矮的绿色芦苇和草丛，依偎在沙丘之间。一丛高大的海枣树，树干纤细，茂密的绿叶在水面上方弯成拱形。贯穿整个镜头：一阵微风从左到右吹过这帧静止画面中的绿洲：高大棕榈树的叶片缓缓摇曳，它们的阴影在碧绿的水面上漂移，扩散的涟漪从棕榈树下传开，轻拍着芦苇丛生的边缘，随后运动逐渐缓和，水面复归平静。
overall_soundscape: [00:00.000–00:08.000] 极低而稳定的沙漠风声，伴有微弱的干燥沙粒移动声，没有猛烈阵风。其声源是对应先前已引入并置于画面中的主体。该声音与对应的可见动作同步。[00:00.500–00:07.500] 宽阔棕榈叶被微风拂动时发出轻柔而有节奏的沙沙声。其声源是对应先前已引入并置于画面中的主体。该声音与对应的可见动作同步。[00:01.000–00:07.200] 当同心涟漪触及长满草的岸边时，发出轻柔的液体叮咚声和安静的拍打声。其声源是对应先前已引入并置于画面中的主体。该声音与对应的可见动作同步。
spoken_dialogue: 无。
non_diegetic_music: 无。
hard_constraints: 保留源提示中明确陈述的每个主体、动作、属性、数量、关系、场景、摄影机指令和风格约束。",zh,vb-097,vbench,vbench-3475f1d85df75be5,6f5893de79f55f6dd4a29386fd4ec5eea6d0041f072b66f389764bf785b6e0e1
194,52097,"integrated_multimodal_description: Visual style: Photorealistic aerial nature footage of snow-blanketed rocky peaks and deep twisting canyon passages; crisp high-altitude daylight, cold blue shadows in the lower chasms, clean and continuous perspective with no abrupt camera movement. Setting: A remote high-elevation Rocky Mountain basin in which snow-blanketed rocky peaks encircle and shadow a network of deep canyons that bend and twist between the ridges. Duration: 8 seconds. [Shot 1, 00:00.000–00:08.000] Very wide aerial framing looking across the snowy mountain ring and down into the shadowed canyon network. Steady and smooth continuous perspective with no pan, no handheld shake, and no cut; the framing stays level and glides smoothly forward over the terrain. Visible subjects: Snow-blanketed rocky mountain peaks and ridgelines that surround the canyon, with dark exposed cliff bands beneath the snow. Deep, twisting canyons that thread through the high-elevation peaks, their lower walls falling into shadow and curving out of sight. From 00:00.000 to 00:02.500: Snow-blanketed rocky peaks encircle the frame; their upper slopes are lit while long shadows extend down into the deep canyon openings. From 00:02.500 to 00:05.000: A deep canyon becomes prominent below and bends left between two high peaks; snow and exposed rock alternate along the inner walls as blue shadow fills the lower route. From 00:05.000 to 00:08.000: The canyon curves right and continues winding through the high rocky massif; wind-blown snow trails off the ridgelines, and darker shadowed chasms open further along the path.
overall_soundscape: [00:00.000–00:08.000] Sustained high-altitude wind sweeping over snowy ridges and curling through the canyon walls, with a distant measured roar. Its source is the corresponding previously introduced subject, placed on screen. It is synchronized with the corresponding visible action. [00:05.000–00:08.000] Soft hissing noise as gusts lift loose snow off the high rocky ridgelines. Its source is the corresponding previously introduced subject, placed on screen. It is synchronized with the corresponding visible action.
spoken_dialogue: None.
non_diegetic_music: None.
hard_constraints: Preserve every subject, action, attribute, count, relationship, setting, camera instruction, and style constraint explicitly stated in the source prompt.",en,vb-098,vbench,vbench-f4b21d8664ed0520,1a071efbf7082e32943d7ed5a200ac8e923e26d1930f354e9dd1c886ff9bba45
195,52097,"integrated_multimodal_description:视觉风格：照片级逼真的航拍自然影像，展现覆雪岩石山峰与幽深蜿蜒的峡谷通道；高海拔日光清朗，较低深壑中有冷蓝色阴影，视角干净而连续，没有突兀的镜头运动。场景：一处偏远的高海拔Rocky Mountain盆地，覆雪岩石山峰环绕着在山脊之间曲折蜿蜒的深峡谷网络并为它们投下阴影。时长：8 seconds。[Shot 1, 00:00.000–00:08.000]极宽航拍取景，越过积雪的山峦环带向下望向被阴影笼罩的峡谷网络。视角稳定流畅且连续，无摇镜、无手持抖动、无剪切；构图保持水平，平稳滑行向前越过地形。可见主体：环绕峡谷的覆雪岩石山峰与山脊线，其雪下有深色裸露的崖壁带。幽深曲折的峡谷穿行于高海拔山峰之间，下部壁面落入阴影并弯折消失在视野之外。从00:00.000至00:02.500：覆雪岩石山峰环绕画面；其上部坡面被照亮，长长的阴影向下延伸至深邃的峡谷开口。从00:02.500至00:05.000：一条深谷在下方变得醒目，并在两座高峰之间向左弯曲；内壁上积雪与裸露岩石交替出现，蓝色阴影填满较低处的路径。从00:05.000至00:08.000：峡谷向右弯曲，并继续在高耸的岩石山体中蜿蜒穿行；被风吹起的雪从山脊线上飘散，更暗的阴影裂隙在更前方的路径上展开。
overall_soundscape:[00:00.000–00:08.000]持续的高海拔风扫过积雪山脊，并在峡谷壁间回旋，伴随远方沉稳而有节律的轰鸣。其声源为先前引入的对应主体，位于画面中。它与对应的可见动作同步。[00:05.000–00:08.000]阵风从高耸的岩石山脊线上吹起松散积雪时发出轻柔嘶嘶声。其声源为先前引入的对应主体，位于画面中。它与对应的可见动作同步。
spoken_dialogue:无。
non_diegetic_music:无。
hard_constraints:保留源提示中明确陈述的每个主体、动作、属性、数量、关系、场景、镜头指令和风格约束。",zh,vb-098,vbench,vbench-f4b21d8664ed0520,a08751a97ec705aa8b930c7eb8e31577242dd1687eded504a57ccf510fd194ed
196,52098,"integrated_multimodal_description: Visual style: Van Gogh post-impressionist style: thick impasto strokes, visible brushwork, swirling sky and raindrops, saturated ultramarine, cobalt and warm gaslight gold with deep contrasting shadows. Setting: A nighttime European cobblestone street beside a tall brick townhouse, a hissing streetlamp and a lit arched doorway marking the couple’s home; heavy rain streams over stone and gathers in mirrorlike puddles. Duration: 8 seconds. [Shot 1, 00:00.000–00:04.000] Medium-wide tracking view of the couple moving along the street. The camera dollies sideways, holding both figures and their umbrellas in frame with wet cobblestones and warm lamps passing behind them. Visible subjects: A man in a black tuxedo, crisp white shirt and black bow tie, his dark hair plastered by rain. A woman in a sapphire-blue evening gown with a fitted bodice and narrow skirt, her hair clinging wetly to her shoulders. The man’s black folding umbrella with a curved wooden handle. The woman’s transparent bubble umbrella with a marigold-yellow rim. Heavy downpour of rain streaking through the lamplight and splashing across the cobblestones, umbrellas and doorway. From 00:00.000 to 00:02.000: In the downpour, the man and woman hurry across the glistening cobbles, each holding up an umbrella; water streams from the black folding umbrella and the clear bubble umbrella, and formal lapels and skirt hems darken as rain soaks in. From 00:02.000 to 00:04.000: A wind gust flips the man’s black umbrella backward over his head; he wrestles it back down while the woman grips her transparent umbrella with both hands and steps through a lamp-lit puddle, sending a brassy splash over the cobblestones. [Shot 2, 00:04.000–00:08.000] Medium shot of the arched doorway from the porch, looking outward at the couple as they arrive. Static camera near the doorway, sheltered below the portico edge and watching them step under it. From 00:04.000 to 00:06.000: Under the portico, the man and woman lower their umbrellas and shake off water; rain still runs off the umbrella rims onto the doorstep while the warm door light gleams on their faces. From 00:06.000 to 00:08.000: The man pulls a small brass key ring from his trouser pocket and fits a key into the arched door lock; the woman looks over her shoulder at the rain, smiling under the gaslight glow.
overall_soundscape: [00:00.000–00:08.000] Heavy steady downpour drumming on umbrellas, cobblestones and the portico roof, with a wet hiss as rain strikes stone. Its source is the corresponding previously introduced subject, placed on screen. It is synchronized with the corresponding visible action. [00:02.100–00:02.600] Sharp snap and fabric clatter of the black umbrella being turned inside out by the wind. Its source is the corresponding previously introduced subject, placed on screen. It is synchronized with the corresponding visible action. [00:03.100–00:03.600] A bright, heavy splash as the woman’s heel lands in the lamp-lit puddle. Its source is the corresponding previously introduced subject, placed on screen. It is synchronized with the corresponding visible action. [00:03.600–00:04.700] Distant low thunder rolling across the rooftops, layered under the rain. Its source is the surrounding environment, placed off screen. It is synchronized with the corresponding visible action. [00:06.200–00:06.900] Jangle of brass keys and a decisive click as the key slides into the lock. Its source is the corresponding previously introduced subject, placed on screen. It is synchronized with the corresponding visible action.
spoken_dialogue: None.
non_diegetic_music: None.
hard_constraints: Preserve every subject, action, attribute, count, relationship, setting, camera instruction, and style constraint explicitly stated in the source prompt.",en,vb-099,vbench,vbench-7d734ee91f4a01a6,bd6ecd94cb53b37ed056709046b843db4baa8f57e57688e47df801a7fa355d92
197,52098,"integrated_multimodal_description: 视觉风格：Van Gogh 后印象派风格：厚重的厚涂笔触、可见的笔触痕迹、旋涡状的天空与雨滴、饱和的群青、钴蓝与温暖的煤气灯金色，并带有深邃的对比阴影。场景：一条夜间的欧洲鹅卵石街道，坐落在一栋高大的砖砌联排住宅旁；一盏嘶嘶作响的路灯和一扇亮灯的拱形门口标示着这对夫妇的家；大雨在石头上流淌，汇成镜面般的水洼。时长：8 seconds。[Shot 1, 00:00.000–00:04.000] 中远景跟拍镜头，画面中这对夫妇沿街移动。摄影机横向移动，将两人的身影和雨伞都保持在画面内，湿漉漉的鹅卵石和温暖的路灯从身后掠过。可见主体：一名身穿黑色无尾晚礼服、挺括白衬衫和黑色蝶形领结的男子，深色头发被雨水打湿贴在头上。一名穿着宝蓝色晚礼服的女子，礼服上身合体、裙身窄小，头发湿漉漉地贴在肩上。男子那把带弧形木柄的黑色折叠伞。女子那把伞边为金盏菊黄色的透明泡泡伞。倾盆大雨的雨丝穿过灯光，溅在鹅卵石、雨伞和门口上。从 00:00.000 到 00:02.000：暴雨中，男子和女子各自举着一把伞，匆忙穿过闪亮的鹅卵石路面；水从黑色折叠伞和透明泡泡伞上流下，正装翻领和裙摆边缘因雨水浸透而变暗。从 00:02.000 到 00:04.000：一阵狂风将男子的黑色雨伞向后翻转，越过他的头顶；他费力地把它拉回来，而女子双手握住她的透明伞，踏过一个被灯光照亮的水洼，在鹅卵石上溅起黄铜色的水花。[Shot 2, 00:04.000–00:08.000] 从门廊拍摄拱形门口的中景，向外望向这对夫妇抵达。静态摄影机位于门口附近，在门廊边缘下方遮挡处，看着他们走到其下。从 00:04.000 到 00:06.000：在门廊下，男子和女子放下雨伞并抖落雨水；雨水仍从伞沿滴落到门阶上，温暖的门灯光在他们脸上闪耀。从 00:06.000 到 00:08.000：男子从裤袋里掏出一个小黄铜钥匙圈，将一把钥匙插入拱形门锁；女子回头望向雨，在煤气灯的光芒中微笑。
overall_soundscape: [00:00.000–00:08.000] 沉重而持续的倾盆大雨敲打在雨伞、鹅卵石和门廊屋顶上，雨水击石时发出湿润的嘶嘶声。其声源是先前引入的相应主体，位于画面内。它与对应的可见动作同步。[00:02.100–00:02.600] 黑色雨伞被风吹得翻转时发出清脆的啪嗒声和布料的哗啦声。其声源是先前引入的相应主体，位于画面内。它与对应的可见动作同步。[00:03.100–00:03.600] 女子鞋跟落入被灯光照亮的水洼时，发出一声清亮而沉重的水花声。其声源是先前引入的相应主体，位于画面内。它与对应的可见动作同步。[00:03.600–00:04.700] 远处低沉的雷声在屋顶上方滚过，叠加在雨声之下。其声源是周围环境，位于画面外。它与对应的可见动作同步。[00:06.200–00:06.900] 铜钥匙叮当作响，以及钥匙滑入锁孔时干脆的一声咔嗒。其声源是先前引入的相应主体，位于画面内。它与对应的可见动作同步。
spoken_dialogue: 无。
non_diegetic_music: 无。
hard_constraints: 保留源提示中明确陈述的每个主体、动作、属性、数量、关系、场景、摄影机指令和风格约束。",zh,vb-099,vbench,vbench-7d734ee91f4a01a6,f84e54d1293767be1dcd7c3d3bc2ddf337a46a614a61826def73dd4465bfafdf
198,52099,"integrated_multimodal_description: Visual style: Quiet naturalistic barn interior; warm, diffused late-afternoon daylight; calm, steady rhythm; no music. Setting: A tidy wooden barn stall in late afternoon. A dairy cow lies on deep straw next to stacked hay bales, with a timber partition and a warm shaft of light falling across the scene from an open side opening. Duration: 8 seconds. [Shot 1, 00:00.000–00:08.000] Medium close-up side profile of the cow’s head, cheek, jaw, and forequarters; hay bales and timber barn wall fill the background. A slow, steady dolly-in on a smooth slider, gradually moving closer so the cow’s head becomes slightly larger in frame; no cutaways. Visible subjects: A sturdy brown-and-white dairy cow lying down in a straw-filled stall, head relaxed but alert, legs folded beneath her body. Throughout the shot: The cow lies folded on the straw bed, chest rising and falling in a slow rhythm while she keeps her eyes nearly closed. From 00:00.400 to 00:04.300: Her jaw begins a steady chewing motion; a soft bulge of cud rolls along her cheek as she works it from one side to the other. From 00:01.600 to 00:01.900: Her nearer ear flicks twice and pivots slightly toward the open side opening. From 00:04.300 to 00:05.100: She stops chewing, closes her mouth briefly, and her throat moves in a soft swallow; she then lets her muzzle rest. From 00:05.100 to 00:07.800: With eyes half-closed, she starts chewing another mouthful of cud at a slower, softly rhythmic pace, jaw moving in a circular arc. From 00:07.800 to 00:08.000: Her nostrils flare and she exhales, lowering her head a few centimeters deeper into the straw as the frame settles at its nearest point.
overall_soundscape: [00:00.000–00:08.000] Very low barn ambience: quiet air movement through wooden rafters, dry straw ticking, and a faint creak of timber. Its source is The visible barn interior: timber stall walls, straw bedding, stacked hay bales, and warm late-afternoon light from the open side opening., placed on screen. [00:00.400–00:04.300] Steady, quiet, wet grinding and jaw clicks as she chews cud, close to the microphone. Its source is the corresponding previously introduced subject, placed on screen. It is synchronized with the corresponding visible action. [00:04.300–00:05.100] A soft single gulp, followed by a short pause before chewing resumes. Its source is the corresponding previously introduced subject, placed on screen. It is synchronized with the corresponding visible action. [00:05.100–00:07.800] Slower, muffled chewing with gentle squelching and occasional lower jaw clicks. Its source is the corresponding previously introduced subject, placed on screen. It is synchronized with the corresponding visible action. [00:07.800–00:08.000] One soft breathy exhale, with straw rustling under her lowered head. Its source is the corresponding previously introduced subject, placed on screen. It is synchronized with the corresponding visible action.
spoken_dialogue: None.
non_diegetic_music: None.
hard_constraints: Preserve every subject, action, attribute, count, relationship, setting, camera instruction, and style constraint explicitly stated in the source prompt.",en,vb-100,vbench,vbench-9dad8dd2bad3a098,f4e94bda65c01fdff67a03d646cf5aaba05c500c1ead59afa931a40f42786b44
199,52099,"integrated_multimodal_description: 视觉风格：安静的自然主义谷仓内部；温暖、柔和的傍晚阳光；平静、稳定的节奏；无音乐。场景：傍晚时分，一个整洁的木制谷仓畜栏。一头奶牛躺在厚厚的稻草上，旁边是堆叠的干草捆，有一道木质隔栏，一束温暖的光线从敞开的一侧开口斜照过场景。时长：8 seconds。[Shot 1, 00:00.000–00:08.000] 奶牛头部、脸颊、下颌和前躯的中近景侧面轮廓；干草捆和木质谷仓墙壁填满背景。在平滑的滑轨上缓慢、稳定地推近，逐渐靠近，使奶牛头部在画面中略微变大；无切出。可见主体：一头结实的棕白花奶牛卧在铺满稻草的畜栏中，头部放松但警觉，腿蜷在身体下方。整个镜头期间：奶牛卧伏在稻草床铺上，胸部以缓慢的节奏起伏，同时眼睛几乎一直闭着。从 00:00.400 到 00:04.300：她的下颌开始平稳的咀嚼动作；当她把食团从一侧送到另一侧时，一团柔软的食团鼓包沿她的脸颊滚动。从 00:01.600 到 00:01.900：她较近的那只耳朵弹动两次，并微微转向敞开的侧向开口。从 00:04.300 到 00:05.100：她停止咀嚼，短暂合上嘴巴，喉咙做出一个轻柔的吞咽动作；随后她让口鼻部休息。从 00:05.100 到 00:07.800：她半闭着眼睛，开始以较慢、轻柔而有节奏的速度咀嚼另一口反刍食团，下颌划出圆弧轨迹。从 00:07.800 到 00:08.000：她鼻孔张开并呼气，把头部向稻草中放低几厘米，同时画面在最近点停住。
overall_soundscape: [00:00.000–00:08.000] 极低的谷仓环境声：空气在木椽间流动的轻微声响、干稻草的细微噼啪声和微弱的木头吱嘎声。其声源是画面中可见的谷仓内部：木质畜栏墙壁、稻草铺垫、堆叠的干草捆，以及来自敞开侧向开口的温暖傍晚光线，置于画面中。[00:00.400–00:04.300] 稳定、安静、湿润的研磨声和下颌咔哒声，是她咀嚼食团时贴近麦克风的声音。其声源是对应先前已引入的主体，置于画面中。声音与对应可见动作同步。[00:04.300–00:05.100] 一声轻柔的单独吞咽，随后短暂停顿，再恢复咀嚼。其声源是对应先前已引入的主体，置于画面中。声音与对应可见动作同步。[00:05.100–00:07.800] 更慢、更闷的咀嚼声，带有轻柔的吧唧声和偶尔的下颌咔哒声。其声源是对应先前已引入的主体，置于画面中。声音与对应可见动作同步。[00:07.800–00:08.000] 一次轻柔的带气声的呼气，伴随着她低下的头下方稻草的沙沙声。其声源是对应先前已引入的主体，置于画面中。声音与对应可见动作同步。
spoken_dialogue: 无。
non_diegetic_music: 无。
hard_constraints: 保留源提示中明确陈述的每一个主体、动作、属性、数量、关系、场景、摄影机指令和风格约束。",zh,vb-100,vbench,vbench-9dad8dd2bad3a098,c2c614525056bf15ba23a69d08fafae7fbb77e7b787a9fd18a287fbc297c0887
